timestamp_ist,date,time,day_of_week,hour,is_weekend,corridor_id,corridor_name,direction,distance_m,duration_traffic_s,duration_freeflow_s,congestion_ratio,api_status,error_msg
2026-07-27 00:00:02,2026-07-27,00:00:02,Monday,0,N,1,Madhya Marg: PGI Chowk ↔ Housing Board lights,A_to_B,9891,1126,1342,0.839,OK,
2026-07-27 00:00:02,2026-07-27,00:00:02,Monday,0,N,1,Madhya Marg: PGI Chowk ↔ Housing Board lights,B_to_A,8853,1029,1223,0.841,OK,
2026-07-27 00:00:02,2026-07-27,00:00:02,Monday,0,N,2,Udyog Path: PU Chowk ↔ Elante Mall,A_to_B,8563,868,1092,0.795,OK,
2026-07-27 00:00:03,2026-07-27,00:00:03,Monday,0,N,2,Udyog Path: PU Chowk ↔ Elante Mall,B_to_A,8051,780,1091,0.715,OK,
2026-07-27 00:00:03,2026-07-27,00:00:03,Monday,0,N,3,Dakshin Marg: Daddu Majra ↔ Hallo Majra Lights,A_to_B,8610,948,1261,0.752,OK,
2026-07-27 00:00:03,2026-07-27,00:00:03,Monday,0,N,3,Dakshin Marg: Daddu Majra ↔ Hallo Majra Lights,B_to_A,9042,1015,1445,0.702,OK,
2026-07-27 00:00:03,2026-07-27,00:00:03,Monday,0,N,4,Shanti Path: Sector 38W ↔ Sector 31 Lights,A_to_B,7418,675,881,0.766,OK,
2026-07-27 00:00:04,2026-07-27,00:00:04,Monday,0,N,4,Shanti Path: Sector 38W ↔ Sector 31 Lights,B_to_A,7590,741,937,0.791,OK,
2026-07-27 00:00:04,2026-07-27,00:00:04,Monday,0,N,5,NH 5: Grain Market ↔ Sector 47 Chowk,A_to_B,7596,735,930,0.79,OK,
2026-07-27 00:00:04,2026-07-27,00:00:04,Monday,0,N,5,NH 5: Grain Market ↔ Sector 47 Chowk,B_to_A,7551,727,972,0.748,OK,
2026-07-27 00:00:05,2026-07-27,00:00:05,Monday,0,N,6,Vigyan Path: PEC Chowk ↔ Golf Club,A_to_B,4491,406,472,0.86,OK,
2026-07-27 00:00:05,2026-07-27,00:00:05,Monday,0,N,6,Vigyan Path: PEC Chowk ↔ Golf Club,B_to_A,4518,439,525,0.836,OK,
2026-07-27 00:00:05,2026-07-27,00:00:05,Monday,0,N,7,Uttar Marg: Sector 2 Chowk ↔ Sukhna Lake,A_to_B,2481,225,274,0.821,OK,
2026-07-27 00:00:05,2026-07-27,00:00:05,Monday,0,N,7,Uttar Marg: Sector 2 Chowk ↔ Sukhna Lake,B_to_A,3144,361,423,0.853,OK,
2026-07-27 00:00:06,2026-07-27,00:00:06,Monday,0,N,8,Madhya Marg: Khudda Lahora ↔ Matka Chowk,A_to_B,4208,479,600,0.798,OK,
2026-07-27 00:00:06,2026-07-27,00:00:06,Monday,0,N,8,Madhya Marg: Khudda Lahora ↔ Matka Chowk,B_to_A,3931,411,529,0.777,OK,
2026-07-27 00:00:06,2026-07-27,00:00:06,Monday,0,N,9,Madhya Marg: GMSH 16 ↔ Kalagram,A_to_B,5231,629,744,0.845,OK,
2026-07-27 00:00:06,2026-07-27,00:00:06,Monday,0,N,9,Madhya Marg: GMSH 16 ↔ Kalagram,B_to_A,5517,610,772,0.79,OK,
2026-07-27 00:00:07,2026-07-27,00:00:07,Monday,0,N,10,Udyog Path: Dhanas ↔ ISBT Sector 17,A_to_B,4785,601,737,0.815,OK,
2026-07-27 00:00:07,2026-07-27,00:00:07,Monday,0,N,10,Udyog Path: Dhanas ↔ ISBT Sector 17,B_to_A,5507,784,919,0.853,OK,
2026-07-27 00:00:07,2026-07-27,00:00:07,Monday,0,N,11,Udyog Path: ISBT Sector 17 ↔ Elante Mall,A_to_B,3274,282,383,0.736,OK,
2026-07-27 00:00:07,2026-07-27,00:00:07,Monday,0,N,11,Udyog Path: ISBT Sector 17 ↔ Elante Mall,B_to_A,3428,323,451,0.716,OK,
2026-07-27 00:00:08,2026-07-27,00:00:08,Monday,0,N,12,Dakshin Marg: DLF Mullanpur ↔ Kisan Bhawan Chowk,A_to_B,6720,715,894,0.8,OK,
2026-07-27 00:00:08,2026-07-27,00:00:08,Monday,0,N,12,Dakshin Marg: DLF Mullanpur ↔ Kisan Bhawan Chowk,B_to_A,7109,708,950,0.745,OK,
2026-07-27 00:00:08,2026-07-27,00:00:08,Monday,0,N,13,Dakshin Marg: Kisan Bhawan Chowk ↔ Airport Chowk,A_to_B,7722,814,1090,0.747,OK,
2026-07-27 00:00:09,2026-07-27,00:00:09,Monday,0,N,13,Dakshin Marg: Kisan Bhawan Chowk ↔ Airport Chowk,B_to_A,7931,836,1144,0.731,OK,
2026-07-27 00:00:09,2026-07-27,00:00:09,Monday,0,N,14,NH 5: Max Hospital ↔ ISBT Sector 43,A_to_B,4206,345,503,0.686,OK,
2026-07-27 00:00:09,2026-07-27,00:00:09,Monday,0,N,14,NH 5: Max Hospital ↔ ISBT Sector 43,B_to_A,5445,496,667,0.744,OK,
2026-07-27 00:00:09,2026-07-27,00:00:09,Monday,0,N,15,Sukhna Path: Golf Club ↔ Cycle Chowk,A_to_B,9001,895,1154,0.776,OK,
2026-07-27 00:00:10,2026-07-27,00:00:10,Monday,0,N,15,Sukhna Path: Golf Club ↔ Cycle Chowk,B_to_A,7321,840,1080,0.778,OK,
2026-07-27 00:00:10,2026-07-27,00:00:10,Monday,0,N,16,Sarovar Path: Sukhna Lake ↔ Burail Jail,A_to_B,7816,826,1066,0.775,OK,
2026-07-27 00:00:10,2026-07-27,00:00:10,Monday,0,N,16,Sarovar Path: Sukhna Lake ↔ Burail Jail,B_to_A,7928,861,1084,0.794,OK,
2026-07-27 00:00:10,2026-07-27,00:00:10,Monday,0,N,17,Himalaya Marg: Rock Garden ↔ ISBT 43,A_to_B,8803,907,1097,0.827,OK,
2026-07-27 00:00:11,2026-07-27,00:00:11,Monday,0,N,17,Himalaya Marg: Rock Garden ↔ ISBT 43,B_to_A,8958,884,1128,0.784,OK,
2026-07-27 00:00:11,2026-07-27,00:00:11,Monday,0,N,18,Jan Marg: High Court ↔ ISBT 17,A_to_B,3334,332,390,0.851,OK,
2026-07-27 00:00:11,2026-07-27,00:00:11,Monday,0,N,18,Jan Marg: High Court ↔ ISBT 17,B_to_A,3132,284,337,0.843,OK,
2026-07-27 00:00:11,2026-07-27,00:00:11,Monday,0,N,19,Jan Marg: ISBT 17 ↔ ISBT 43,A_to_B,4115,432,568,0.761,OK,
2026-07-27 00:00:12,2026-07-27,00:00:12,Monday,0,N,19,Jan Marg: ISBT 17 ↔ ISBT 43,B_to_A,4233,441,579,0.762,OK,
2026-07-27 00:00:12,2026-07-27,00:00:12,Monday,0,N,20,Vidya Path: PGI Chowk ↔ Fountain Chowk,A_to_B,5475,565,714,0.791,OK,
2026-07-27 00:00:12,2026-07-27,00:00:12,Monday,0,N,20,Vidya Path: PGI Chowk ↔ Fountain Chowk,B_to_A,5474,563,716,0.786,OK,
2026-07-27 00:00:12,2026-07-27,00:00:12,Monday,0,N,21,Purv Marg: Tansport Chowk  ↔ Tribune Chowk,A_to_B,2620,348,411,0.847,OK,
2026-07-27 00:00:13,2026-07-27,00:00:13,Monday,0,N,21,Purv Marg: Tansport Chowk  ↔ Tribune Chowk,B_to_A,2611,368,436,0.844,OK,
2026-07-27 00:00:13,2026-07-27,00:00:13,Monday,0,N,22,Chandi Path: Sabzi Mandi Chowk  ↔ GMCH 32,A_to_B,2939,324,414,0.783,OK,
2026-07-27 00:00:13,2026-07-27,00:00:13,Monday,0,N,22,Chandi Path: Sabzi Mandi Chowk  ↔ GMCH 32,B_to_A,2756,301,361,0.834,OK,
2026-07-27 00:00:13,2026-07-27,00:00:13,Monday,0,N,23,Udyan Path: Secretariat Chowk  ↔ Furniture Chowk,A_to_B,7398,724,883,0.82,OK,
2026-07-27 00:00:14,2026-07-27,00:00:14,Monday,0,N,23,Udyan Path: Secretariat Chowk  ↔ Furniture Chowk,B_to_A,7219,694,830,0.836,OK,
2026-07-27 00:00:14,2026-07-27,00:00:14,Monday,0,N,24,Madhya Marg: Sector 17 ↔ Railway Station,A_to_B,7206,757,945,0.801,OK,
2026-07-27 00:00:14,2026-07-27,00:00:14,Monday,0,N,24,Madhya Marg: Sector 17 ↔ Railway Station,B_to_A,6568,808,1029,0.785,OK,
2026-07-27 00:00:15,2026-07-27,00:00:15,Monday,0,N,25,Paschim Marg: Sector 25 ↔ Sector 56,A_to_B,4090,436,535,0.815,OK,
2026-07-27 00:00:15,2026-07-27,00:00:15,Monday,0,N,25,Paschim Marg: Sector 25 ↔ Sector 56,B_to_A,3940,415,493,0.842,OK,
2026-07-27 00:30:01,2026-07-27,00:30:01,Monday,0,N,1,Madhya Marg: PGI Chowk ↔ Housing Board lights,A_to_B,9891,1106,1342,0.824,OK,
2026-07-27 00:30:02,2026-07-27,00:30:02,Monday,0,N,1,Madhya Marg: PGI Chowk ↔ Housing Board lights,B_to_A,8853,1026,1223,0.839,OK,
2026-07-27 00:30:02,2026-07-27,00:30:02,Monday,0,N,2,Udyog Path: PU Chowk ↔ Elante Mall,A_to_B,7173,803,1033,0.777,OK,
2026-07-27 00:30:02,2026-07-27,00:30:02,Monday,0,N,2,Udyog Path: PU Chowk ↔ Elante Mall,B_to_A,8051,739,1091,0.677,OK,
2026-07-27 00:30:02,2026-07-27,00:30:02,Monday,0,N,3,Dakshin Marg: Daddu Majra ↔ Hallo Majra Lights,A_to_B,8610,944,1261,0.749,OK,
2026-07-27 00:30:03,2026-07-27,00:30:03,Monday,0,N,3,Dakshin Marg: Daddu Majra ↔ Hallo Majra Lights,B_to_A,9077,1004,1438,0.698,OK,
2026-07-27 00:30:03,2026-07-27,00:30:03,Monday,0,N,4,Shanti Path: Sector 38W ↔ Sector 31 Lights,A_to_B,7418,655,881,0.743,OK,
2026-07-27 00:30:03,2026-07-27,00:30:03,Monday,0,N,4,Shanti Path: Sector 38W ↔ Sector 31 Lights,B_to_A,7590,730,937,0.779,OK,
2026-07-27 00:30:03,2026-07-27,00:30:03,Monday,0,N,5,NH 5: Grain Market ↔ Sector 47 Chowk,A_to_B,7596,722,930,0.776,OK,
2026-07-27 00:30:04,2026-07-27,00:30:04,Monday,0,N,5,NH 5: Grain Market ↔ Sector 47 Chowk,B_to_A,7551,731,972,0.752,OK,
2026-07-27 00:30:04,2026-07-27,00:30:04,Monday,0,N,6,Vigyan Path: PEC Chowk ↔ Golf Club,A_to_B,4491,394,472,0.835,OK,
2026-07-27 00:30:04,2026-07-27,00:30:04,Monday,0,N,6,Vigyan Path: PEC Chowk ↔ Golf Club,B_to_A,4518,436,525,0.83,OK,
2026-07-27 00:30:05,2026-07-27,00:30:05,Monday,0,N,7,Uttar Marg: Sector 2 Chowk ↔ Sukhna Lake,A_to_B,2481,219,274,0.799,OK,
2026-07-27 00:30:05,2026-07-27,00:30:05,Monday,0,N,7,Uttar Marg: Sector 2 Chowk ↔ Sukhna Lake,B_to_A,3144,366,423,0.865,OK,
2026-07-27 00:30:05,2026-07-27,00:30:05,Monday,0,N,8,Madhya Marg: Khudda Lahora ↔ Matka Chowk,A_to_B,4208,466,600,0.777,OK,
2026-07-27 00:30:05,2026-07-27,00:30:05,Monday,0,N,8,Madhya Marg: Khudda Lahora ↔ Matka Chowk,B_to_A,3931,425,529,0.803,OK,
2026-07-27 00:30:06,2026-07-27,00:30:06,Monday,0,N,9,Madhya Marg: GMSH 16 ↔ Kalagram,A_to_B,5231,613,744,0.824,OK,
2026-07-27 00:30:06,2026-07-27,00:30:06,Monday,0,N,9,Madhya Marg: GMSH 16 ↔ Kalagram,B_to_A,5517,587,772,0.76,OK,
2026-07-27 00:30:06,2026-07-27,00:30:06,Monday,0,N,10,Udyog Path: Dhanas ↔ ISBT Sector 17,A_to_B,4785,564,737,0.765,OK,
2026-07-27 00:30:06,2026-07-27,00:30:06,Monday,0,N,10,Udyog Path: Dhanas ↔ ISBT Sector 17,B_to_A,5507,685,919,0.745,OK,
2026-07-27 00:30:07,2026-07-27,00:30:07,Monday,0,N,11,Udyog Path: ISBT Sector 17 ↔ Elante Mall,A_to_B,3274,276,383,0.721,OK,
2026-07-27 00:30:07,2026-07-27,00:30:07,Monday,0,N,11,Udyog Path: ISBT Sector 17 ↔ Elante Mall,B_to_A,3428,316,451,0.701,OK,
2026-07-27 00:30:07,2026-07-27,00:30:07,Monday,0,N,12,Dakshin Marg: DLF Mullanpur ↔ Kisan Bhawan Chowk,A_to_B,6720,731,894,0.818,OK,
2026-07-27 00:30:07,2026-07-27,00:30:07,Monday,0,N,12,Dakshin Marg: DLF Mullanpur ↔ Kisan Bhawan Chowk,B_to_A,7109,700,950,0.737,OK,
2026-07-27 00:30:08,2026-07-27,00:30:08,Monday,0,N,13,Dakshin Marg: Kisan Bhawan Chowk ↔ Airport Chowk,A_to_B,7722,782,1090,0.717,OK,
2026-07-27 00:30:08,2026-07-27,00:30:08,Monday,0,N,13,Dakshin Marg: Kisan Bhawan Chowk ↔ Airport Chowk,B_to_A,7967,811,1138,0.713,OK,
2026-07-27 00:30:08,2026-07-27,00:30:08,Monday,0,N,14,NH 5: Max Hospital ↔ ISBT Sector 43,A_to_B,4206,338,503,0.672,OK,
2026-07-27 00:30:08,2026-07-27,00:30:08,Monday,0,N,14,NH 5: Max Hospital ↔ ISBT Sector 43,B_to_A,5445,499,667,0.748,OK,
2026-07-27 00:30:09,2026-07-27,00:30:09,Monday,0,N,15,Sukhna Path: Golf Club ↔ Cycle Chowk,A_to_B,9001,902,1154,0.782,OK,
2026-07-27 00:30:09,2026-07-27,00:30:09,Monday,0,N,15,Sukhna Path: Golf Club ↔ Cycle Chowk,B_to_A,7321,855,1080,0.792,OK,
2026-07-27 00:30:09,2026-07-27,00:30:09,Monday,0,N,16,Sarovar Path: Sukhna Lake ↔ Burail Jail,A_to_B,7816,822,1066,0.771,OK,
2026-07-27 00:30:10,2026-07-27,00:30:10,Monday,0,N,16,Sarovar Path: Sukhna Lake ↔ Burail Jail,B_to_A,7928,852,1084,0.786,OK,
2026-07-27 00:30:10,2026-07-27,00:30:10,Monday,0,N,17,Himalaya Marg: Rock Garden ↔ ISBT 43,A_to_B,8803,884,1097,0.806,OK,
2026-07-27 00:30:10,2026-07-27,00:30:10,Monday,0,N,17,Himalaya Marg: Rock Garden ↔ ISBT 43,B_to_A,8958,850,1128,0.754,OK,
2026-07-27 00:30:10,2026-07-27,00:30:10,Monday,0,N,18,Jan Marg: High Court ↔ ISBT 17,A_to_B,3334,331,390,0.849,OK,
2026-07-27 00:30:11,2026-07-27,00:30:11,Monday,0,N,18,Jan Marg: High Court ↔ ISBT 17,B_to_A,3132,276,337,0.819,OK,
2026-07-27 00:30:11,2026-07-27,00:30:11,Monday,0,N,19,Jan Marg: ISBT 17 ↔ ISBT 43,A_to_B,4115,408,568,0.718,OK,
2026-07-27 00:30:11,2026-07-27,00:30:11,Monday,0,N,19,Jan Marg: ISBT 17 ↔ ISBT 43,B_to_A,4233,419,579,0.724,OK,
2026-07-27 00:30:11,2026-07-27,00:30:11,Monday,0,N,20,Vidya Path: PGI Chowk ↔ Fountain Chowk,A_to_B,5475,550,714,0.77,OK,
2026-07-27 00:30:12,2026-07-27,00:30:12,Monday,0,N,20,Vidya Path: PGI Chowk ↔ Fountain Chowk,B_to_A,5474,551,716,0.77,OK,
2026-07-27 00:30:12,2026-07-27,00:30:12,Monday,0,N,21,Purv Marg: Tansport Chowk  ↔ Tribune Chowk,A_to_B,2620,334,411,0.813,OK,
2026-07-27 00:30:12,2026-07-27,00:30:12,Monday,0,N,21,Purv Marg: Tansport Chowk  ↔ Tribune Chowk,B_to_A,2611,376,436,0.862,OK,
2026-07-27 00:30:12,2026-07-27,00:30:12,Monday,0,N,22,Chandi Path: Sabzi Mandi Chowk  ↔ GMCH 32,A_to_B,2939,319,414,0.771,OK,
2026-07-27 00:30:13,2026-07-27,00:30:13,Monday,0,N,22,Chandi Path: Sabzi Mandi Chowk  ↔ GMCH 32,B_to_A,2756,301,361,0.834,OK,
2026-07-27 00:30:13,2026-07-27,00:30:13,Monday,0,N,23,Udyan Path: Secretariat Chowk  ↔ Furniture Chowk,A_to_B,7398,697,883,0.789,OK,
2026-07-27 00:30:13,2026-07-27,00:30:13,Monday,0,N,23,Udyan Path: Secretariat Chowk  ↔ Furniture Chowk,B_to_A,7219,666,830,0.802,OK,
2026-07-27 00:30:13,2026-07-27,00:30:13,Monday,0,N,24,Madhya Marg: Sector 17 ↔ Railway Station,A_to_B,7206,731,945,0.774,OK,
2026-07-27 00:30:14,2026-07-27,00:30:14,Monday,0,N,24,Madhya Marg: Sector 17 ↔ Railway Station,B_to_A,6340,754,982,0.768,OK,
2026-07-27 00:30:14,2026-07-27,00:30:14,Monday,0,N,25,Paschim Marg: Sector 25 ↔ Sector 56,A_to_B,4090,430,535,0.804,OK,
2026-07-27 00:30:14,2026-07-27,00:30:14,Monday,0,N,25,Paschim Marg: Sector 25 ↔ Sector 56,B_to_A,3940,421,493,0.854,OK,
2026-07-27 01:00:02,2026-07-27,01:00:02,Monday,1,N,1,Madhya Marg: PGI Chowk ↔ Housing Board lights,A_to_B,9891,1093,1342,0.814,OK,
2026-07-27 01:00:02,2026-07-27,01:00:02,Monday,1,N,1,Madhya Marg: PGI Chowk ↔ Housing Board lights,B_to_A,8853,1003,1223,0.82,OK,
2026-07-27 01:00:02,2026-07-27,01:00:02,Monday,1,N,2,Udyog Path: PU Chowk ↔ Elante Mall,A_to_B,7173,830,1033,0.803,OK,
2026-07-27 01:00:02,2026-07-27,01:00:02,Monday,1,N,2,Udyog Path: PU Chowk ↔ Elante Mall,B_to_A,8051,750,1091,0.687,OK,
2026-07-27 01:00:03,2026-07-27,01:00:03,Monday,1,N,3,Dakshin Marg: Daddu Majra ↔ Hallo Majra Lights,A_to_B,8610,976,1261,0.774,OK,
2026-07-27 01:00:03,2026-07-27,01:00:03,Monday,1,N,3,Dakshin Marg: Daddu Majra ↔ Hallo Majra Lights,B_to_A,9077,1006,1438,0.7,OK,
2026-07-27 01:00:03,2026-07-27,01:00:03,Monday,1,N,4,Shanti Path: Sector 38W ↔ Sector 31 Lights,A_to_B,7418,651,881,0.739,OK,
2026-07-27 01:00:04,2026-07-27,01:00:04,Monday,1,N,4,Shanti Path: Sector 38W ↔ Sector 31 Lights,B_to_A,7590,736,937,0.785,OK,
2026-07-27 01:00:04,2026-07-27,01:00:04,Monday,1,N,5,NH 5: Grain Market ↔ Sector 47 Chowk,A_to_B,7596,733,930,0.788,OK,
2026-07-27 01:00:04,2026-07-27,01:00:04,Monday,1,N,5,NH 5: Grain Market ↔ Sector 47 Chowk,B_to_A,7551,746,972,0.767,OK,
2026-07-27 01:00:04,2026-07-27,01:00:04,Monday,1,N,6,Vigyan Path: PEC Chowk ↔ Golf Club,A_to_B,4491,387,472,0.82,OK,
2026-07-27 01:00:05,2026-07-27,01:00:05,Monday,1,N,6,Vigyan Path: PEC Chowk ↔ Golf Club,B_to_A,4518,429,525,0.817,OK,
2026-07-27 01:00:05,2026-07-27,01:00:05,Monday,1,N,7,Uttar Marg: Sector 2 Chowk ↔ Sukhna Lake,A_to_B,2481,227,274,0.828,OK,
2026-07-27 01:00:05,2026-07-27,01:00:05,Monday,1,N,7,Uttar Marg: Sector 2 Chowk ↔ Sukhna Lake,B_to_A,3144,355,423,0.839,OK,
2026-07-27 01:00:05,2026-07-27,01:00:05,Monday,1,N,8,Madhya Marg: Khudda Lahora ↔ Matka Chowk,A_to_B,4208,442,600,0.737,OK,
2026-07-27 01:00:06,2026-07-27,01:00:06,Monday,1,N,8,Madhya Marg: Khudda Lahora ↔ Matka Chowk,B_to_A,3931,392,529,0.741,OK,
2026-07-27 01:00:06,2026-07-27,01:00:06,Monday,1,N,9,Madhya Marg: GMSH 16 ↔ Kalagram,A_to_B,5231,594,744,0.798,OK,
2026-07-27 01:00:06,2026-07-27,01:00:06,Monday,1,N,9,Madhya Marg: GMSH 16 ↔ Kalagram,B_to_A,5517,596,772,0.772,OK,
2026-07-27 01:00:07,2026-07-27,01:00:07,Monday,1,N,10,Udyog Path: Dhanas ↔ ISBT Sector 17,A_to_B,4785,562,737,0.763,OK,
2026-07-27 01:00:07,2026-07-27,01:00:07,Monday,1,N,10,Udyog Path: Dhanas ↔ ISBT Sector 17,B_to_A,5507,675,919,0.734,OK,
2026-07-27 01:00:07,2026-07-27,01:00:07,Monday,1,N,11,Udyog Path: ISBT Sector 17 ↔ Elante Mall,A_to_B,3274,307,383,0.802,OK,
2026-07-27 01:00:07,2026-07-27,01:00:07,Monday,1,N,11,Udyog Path: ISBT Sector 17 ↔ Elante Mall,B_to_A,3428,327,451,0.725,OK,
2026-07-27 01:00:08,2026-07-27,01:00:08,Monday,1,N,12,Dakshin Marg: DLF Mullanpur ↔ Kisan Bhawan Chowk,A_to_B,6720,712,894,0.796,OK,
2026-07-27 01:00:08,2026-07-27,01:00:08,Monday,1,N,12,Dakshin Marg: DLF Mullanpur ↔ Kisan Bhawan Chowk,B_to_A,7109,710,950,0.747,OK,
2026-07-27 01:00:08,2026-07-27,01:00:08,Monday,1,N,13,Dakshin Marg: Kisan Bhawan Chowk ↔ Airport Chowk,A_to_B,7722,830,1090,0.761,OK,
2026-07-27 01:00:08,2026-07-27,01:00:08,Monday,1,N,13,Dakshin Marg: Kisan Bhawan Chowk ↔ Airport Chowk,B_to_A,7967,821,1138,0.721,OK,
2026-07-27 01:00:09,2026-07-27,01:00:09,Monday,1,N,14,NH 5: Max Hospital ↔ ISBT Sector 43,A_to_B,4206,346,503,0.688,OK,
2026-07-27 01:00:09,2026-07-27,01:00:09,Monday,1,N,14,NH 5: Max Hospital ↔ ISBT Sector 43,B_to_A,5445,495,667,0.742,OK,
2026-07-27 01:00:09,2026-07-27,01:00:09,Monday,1,N,15,Sukhna Path: Golf Club ↔ Cycle Chowk,A_to_B,9030,879,1147,0.766,OK,
2026-07-27 01:00:09,2026-07-27,01:00:09,Monday,1,N,15,Sukhna Path: Golf Club ↔ Cycle Chowk,B_to_A,7321,862,1080,0.798,OK,
2026-07-27 01:00:10,2026-07-27,01:00:10,Monday,1,N,16,Sarovar Path: Sukhna Lake ↔ Burail Jail,A_to_B,7816,803,1066,0.753,OK,
2026-07-27 01:00:10,2026-07-27,01:00:10,Monday,1,N,16,Sarovar Path: Sukhna Lake ↔ Burail Jail,B_to_A,7928,835,1084,0.77,OK,
2026-07-27 01:00:10,2026-07-27,01:00:10,Monday,1,N,17,Himalaya Marg: Rock Garden ↔ ISBT 43,A_to_B,8803,878,1097,0.8,OK,
2026-07-27 01:00:11,2026-07-27,01:00:11,Monday,1,N,17,Himalaya Marg: Rock Garden ↔ ISBT 43,B_to_A,8958,851,1128,0.754,OK,
2026-07-27 01:00:11,2026-07-27,01:00:11,Monday,1,N,18,Jan Marg: High Court ↔ ISBT 17,A_to_B,3334,323,390,0.828,OK,
2026-07-27 01:00:11,2026-07-27,01:00:11,Monday,1,N,18,Jan Marg: High Court ↔ ISBT 17,B_to_A,3132,268,337,0.795,OK,
2026-07-27 01:00:11,2026-07-27,01:00:11,Monday,1,N,19,Jan Marg: ISBT 17 ↔ ISBT 43,A_to_B,4115,403,568,0.71,OK,
2026-07-27 01:00:12,2026-07-27,01:00:12,Monday,1,N,19,Jan Marg: ISBT 17 ↔ ISBT 43,B_to_A,4233,423,579,0.731,OK,
2026-07-27 01:00:12,2026-07-27,01:00:12,Monday,1,N,20,Vidya Path: PGI Chowk ↔ Fountain Chowk,A_to_B,5475,541,714,0.758,OK,
2026-07-27 01:00:12,2026-07-27,01:00:12,Monday,1,N,20,Vidya Path: PGI Chowk ↔ Fountain Chowk,B_to_A,5474,549,716,0.767,OK,
2026-07-27 01:00:12,2026-07-27,01:00:12,Monday,1,N,21,Purv Marg: Tansport Chowk  ↔ Tribune Chowk,A_to_B,2620,337,411,0.82,OK,
2026-07-27 01:00:13,2026-07-27,01:00:13,Monday,1,N,21,Purv Marg: Tansport Chowk  ↔ Tribune Chowk,B_to_A,2611,365,436,0.837,OK,
2026-07-27 01:00:13,2026-07-27,01:00:13,Monday,1,N,22,Chandi Path: Sabzi Mandi Chowk  ↔ GMCH 32,A_to_B,2939,320,414,0.773,OK,
2026-07-27 01:00:13,2026-07-27,01:00:13,Monday,1,N,22,Chandi Path: Sabzi Mandi Chowk  ↔ GMCH 32,B_to_A,2756,303,361,0.839,OK,
2026-07-27 01:00:13,2026-07-27,01:00:13,Monday,1,N,23,Udyan Path: Secretariat Chowk  ↔ Furniture Chowk,A_to_B,7398,686,883,0.777,OK,
2026-07-27 01:00:14,2026-07-27,01:00:14,Monday,1,N,23,Udyan Path: Secretariat Chowk  ↔ Furniture Chowk,B_to_A,7219,670,830,0.807,OK,
2026-07-27 01:00:14,2026-07-27,01:00:14,Monday,1,N,24,Madhya Marg: Sector 17 ↔ Railway Station,A_to_B,7206,749,945,0.793,OK,
2026-07-27 01:00:14,2026-07-27,01:00:14,Monday,1,N,24,Madhya Marg: Sector 17 ↔ Railway Station,B_to_A,6340,747,982,0.761,OK,
2026-07-27 01:00:14,2026-07-27,01:00:14,Monday,1,N,25,Paschim Marg: Sector 25 ↔ Sector 56,A_to_B,4090,424,535,0.793,OK,
2026-07-27 01:00:15,2026-07-27,01:00:15,Monday,1,N,25,Paschim Marg: Sector 25 ↔ Sector 56,B_to_A,3940,408,493,0.828,OK,
2026-07-27 01:30:01,2026-07-27,01:30:01,Monday,1,N,1,Madhya Marg: PGI Chowk ↔ Housing Board lights,A_to_B,9891,1079,1342,0.804,OK,
2026-07-27 01:30:02,2026-07-27,01:30:02,Monday,1,N,1,Madhya Marg: PGI Chowk ↔ Housing Board lights,B_to_A,8853,967,1223,0.791,OK,
2026-07-27 01:30:02,2026-07-27,01:30:02,Monday,1,N,2,Udyog Path: PU Chowk ↔ Elante Mall,A_to_B,7173,751,1033,0.727,OK,
2026-07-27 01:30:02,2026-07-27,01:30:02,Monday,1,N,2,Udyog Path: PU Chowk ↔ Elante Mall,B_to_A,8051,736,1091,0.675,OK,
2026-07-27 01:30:02,2026-07-27,01:30:02,Monday,1,N,3,Dakshin Marg: Daddu Majra ↔ Hallo Majra Lights,A_to_B,8610,947,1261,0.751,OK,
2026-07-27 01:30:03,2026-07-27,01:30:03,Monday,1,N,3,Dakshin Marg: Daddu Majra ↔ Hallo Majra Lights,B_to_A,9077,984,1438,0.684,OK,
2026-07-27 01:30:03,2026-07-27,01:30:03,Monday,1,N,4,Shanti Path: Sector 38W ↔ Sector 31 Lights,A_to_B,7417,649,881,0.737,OK,
2026-07-27 01:30:03,2026-07-27,01:30:03,Monday,1,N,4,Shanti Path: Sector 38W ↔ Sector 31 Lights,B_to_A,7590,740,937,0.79,OK,
2026-07-27 01:30:03,2026-07-27,01:30:03,Monday,1,N,5,NH 5: Grain Market ↔ Sector 47 Chowk,A_to_B,7596,719,930,0.773,OK,
2026-07-27 01:30:04,2026-07-27,01:30:04,Monday,1,N,5,NH 5: Grain Market ↔ Sector 47 Chowk,B_to_A,7551,736,972,0.757,OK,
2026-07-27 01:30:04,2026-07-27,01:30:04,Monday,1,N,6,Vigyan Path: PEC Chowk ↔ Golf Club,A_to_B,4491,382,472,0.809,OK,
2026-07-27 01:30:04,2026-07-27,01:30:04,Monday,1,N,6,Vigyan Path: PEC Chowk ↔ Golf Club,B_to_A,4518,424,525,0.808,OK,
2026-07-27 01:30:05,2026-07-27,01:30:05,Monday,1,N,7,Uttar Marg: Sector 2 Chowk ↔ Sukhna Lake,A_to_B,2481,217,274,0.792,OK,
2026-07-27 01:30:05,2026-07-27,01:30:05,Monday,1,N,7,Uttar Marg: Sector 2 Chowk ↔ Sukhna Lake,B_to_A,3144,345,423,0.816,OK,
2026-07-27 01:30:05,2026-07-27,01:30:05,Monday,1,N,8,Madhya Marg: Khudda Lahora ↔ Matka Chowk,A_to_B,4208,448,600,0.747,OK,
2026-07-27 01:30:05,2026-07-27,01:30:05,Monday,1,N,8,Madhya Marg: Khudda Lahora ↔ Matka Chowk,B_to_A,3931,386,529,0.73,OK,
2026-07-27 01:30:06,2026-07-27,01:30:06,Monday,1,N,9,Madhya Marg: GMSH 16 ↔ Kalagram,A_to_B,5231,589,744,0.792,OK,
2026-07-27 01:30:06,2026-07-27,01:30:06,Monday,1,N,9,Madhya Marg: GMSH 16 ↔ Kalagram,B_to_A,5517,585,772,0.758,OK,
2026-07-27 01:30:06,2026-07-27,01:30:06,Monday,1,N,10,Udyog Path: Dhanas ↔ ISBT Sector 17,A_to_B,4785,552,737,0.749,OK,
2026-07-27 01:30:06,2026-07-27,01:30:06,Monday,1,N,10,Udyog Path: Dhanas ↔ ISBT Sector 17,B_to_A,5507,718,919,0.781,OK,
2026-07-27 01:30:07,2026-07-27,01:30:07,Monday,1,N,11,Udyog Path: ISBT Sector 17 ↔ Elante Mall,A_to_B,3274,267,383,0.697,OK,
2026-07-27 01:30:07,2026-07-27,01:30:07,Monday,1,N,11,Udyog Path: ISBT Sector 17 ↔ Elante Mall,B_to_A,3428,323,451,0.716,OK,
2026-07-27 01:30:07,2026-07-27,01:30:07,Monday,1,N,12,Dakshin Marg: DLF Mullanpur ↔ Kisan Bhawan Chowk,A_to_B,6720,732,894,0.819,OK,
2026-07-27 01:30:07,2026-07-27,01:30:07,Monday,1,N,12,Dakshin Marg: DLF Mullanpur ↔ Kisan Bhawan Chowk,B_to_A,7109,696,950,0.733,OK,
2026-07-27 01:30:08,2026-07-27,01:30:08,Monday,1,N,13,Dakshin Marg: Kisan Bhawan Chowk ↔ Airport Chowk,A_to_B,7722,792,1090,0.727,OK,
2026-07-27 01:30:08,2026-07-27,01:30:08,Monday,1,N,13,Dakshin Marg: Kisan Bhawan Chowk ↔ Airport Chowk,B_to_A,7967,789,1138,0.693,OK,
2026-07-27 01:30:08,2026-07-27,01:30:08,Monday,1,N,14,NH 5: Max Hospital ↔ ISBT Sector 43,A_to_B,4206,341,503,0.678,OK,
2026-07-27 01:30:08,2026-07-27,01:30:08,Monday,1,N,14,NH 5: Max Hospital ↔ ISBT Sector 43,B_to_A,5445,497,667,0.745,OK,
2026-07-27 01:30:09,2026-07-27,01:30:09,Monday,1,N,15,Sukhna Path: Golf Club ↔ Cycle Chowk,A_to_B,9001,881,1154,0.763,OK,
2026-07-27 01:30:09,2026-07-27,01:30:09,Monday,1,N,15,Sukhna Path: Golf Club ↔ Cycle Chowk,B_to_A,7321,823,1080,0.762,OK,
2026-07-27 01:30:09,2026-07-27,01:30:09,Monday,1,N,16,Sarovar Path: Sukhna Lake ↔ Burail Jail,A_to_B,7816,794,1066,0.745,OK,
2026-07-27 01:30:10,2026-07-27,01:30:10,Monday,1,N,16,Sarovar Path: Sukhna Lake ↔ Burail Jail,B_to_A,7928,824,1084,0.76,OK,
2026-07-27 01:30:10,2026-07-27,01:30:10,Monday,1,N,17,Himalaya Marg: Rock Garden ↔ ISBT 43,A_to_B,8803,865,1097,0.789,OK,
2026-07-27 01:30:10,2026-07-27,01:30:10,Monday,1,N,17,Himalaya Marg: Rock Garden ↔ ISBT 43,B_to_A,8958,836,1128,0.741,OK,
2026-07-27 01:30:10,2026-07-27,01:30:10,Monday,1,N,18,Jan Marg: High Court ↔ ISBT 17,A_to_B,3334,328,390,0.841,OK,
2026-07-27 01:30:11,2026-07-27,01:30:11,Monday,1,N,18,Jan Marg: High Court ↔ ISBT 17,B_to_A,3132,265,337,0.786,OK,
2026-07-27 01:30:11,2026-07-27,01:30:11,Monday,1,N,19,Jan Marg: ISBT 17 ↔ ISBT 43,A_to_B,4115,398,568,0.701,OK,
2026-07-27 01:30:11,2026-07-27,01:30:11,Monday,1,N,19,Jan Marg: ISBT 17 ↔ ISBT 43,B_to_A,4233,414,579,0.715,OK,
2026-07-27 01:30:11,2026-07-27,01:30:11,Monday,1,N,20,Vidya Path: PGI Chowk ↔ Fountain Chowk,A_to_B,5475,530,714,0.742,OK,
2026-07-27 01:30:12,2026-07-27,01:30:12,Monday,1,N,20,Vidya Path: PGI Chowk ↔ Fountain Chowk,B_to_A,5474,548,716,0.765,OK,
2026-07-27 01:30:12,2026-07-27,01:30:12,Monday,1,N,21,Purv Marg: Tansport Chowk  ↔ Tribune Chowk,A_to_B,2620,339,411,0.825,OK,
2026-07-27 01:30:12,2026-07-27,01:30:12,Monday,1,N,21,Purv Marg: Tansport Chowk  ↔ Tribune Chowk,B_to_A,2611,356,436,0.817,OK,
2026-07-27 01:30:12,2026-07-27,01:30:12,Monday,1,N,22,Chandi Path: Sabzi Mandi Chowk  ↔ GMCH 32,A_to_B,2939,309,414,0.746,OK,
2026-07-27 01:30:13,2026-07-27,01:30:13,Monday,1,N,22,Chandi Path: Sabzi Mandi Chowk  ↔ GMCH 32,B_to_A,2756,295,361,0.817,OK,
2026-07-27 01:30:13,2026-07-27,01:30:13,Monday,1,N,23,Udyan Path: Secretariat Chowk  ↔ Furniture Chowk,A_to_B,7398,679,883,0.769,OK,
2026-07-27 01:30:13,2026-07-27,01:30:13,Monday,1,N,23,Udyan Path: Secretariat Chowk  ↔ Furniture Chowk,B_to_A,7219,647,830,0.78,OK,
2026-07-27 01:30:13,2026-07-27,01:30:13,Monday,1,N,24,Madhya Marg: Sector 17 ↔ Railway Station,A_to_B,7206,742,945,0.785,OK,
2026-07-27 01:30:14,2026-07-27,01:30:14,Monday,1,N,24,Madhya Marg: Sector 17 ↔ Railway Station,B_to_A,6340,738,982,0.752,OK,
2026-07-27 01:30:14,2026-07-27,01:30:14,Monday,1,N,25,Paschim Marg: Sector 25 ↔ Sector 56,A_to_B,4090,407,535,0.761,OK,
2026-07-27 01:30:14,2026-07-27,01:30:14,Monday,1,N,25,Paschim Marg: Sector 25 ↔ Sector 56,B_to_A,3940,388,493,0.787,OK,
2026-07-27 02:00:02,2026-07-27,02:00:02,Monday,2,N,1,Madhya Marg: PGI Chowk ↔ Housing Board lights,A_to_B,9891,1065,1342,0.794,OK,
2026-07-27 02:00:02,2026-07-27,02:00:02,Monday,2,N,1,Madhya Marg: PGI Chowk ↔ Housing Board lights,B_to_A,8853,949,1223,0.776,OK,
2026-07-27 02:00:02,2026-07-27,02:00:02,Monday,2,N,2,Udyog Path: PU Chowk ↔ Elante Mall,A_to_B,7173,816,1033,0.79,OK,
2026-07-27 02:00:03,2026-07-27,02:00:03,Monday,2,N,2,Udyog Path: PU Chowk ↔ Elante Mall,B_to_A,8051,726,1091,0.665,OK,
2026-07-27 02:00:03,2026-07-27,02:00:03,Monday,2,N,3,Dakshin Marg: Daddu Majra ↔ Hallo Majra Lights,A_to_B,8610,895,1261,0.71,OK,
2026-07-27 02:00:03,2026-07-27,02:00:03,Monday,2,N,3,Dakshin Marg: Daddu Majra ↔ Hallo Majra Lights,B_to_A,9077,988,1438,0.687,OK,
2026-07-27 02:00:04,2026-07-27,02:00:04,Monday,2,N,4,Shanti Path: Sector 38W ↔ Sector 31 Lights,A_to_B,7418,636,881,0.722,OK,
2026-07-27 02:00:04,2026-07-27,02:00:04,Monday,2,N,4,Shanti Path: Sector 38W ↔ Sector 31 Lights,B_to_A,7590,737,937,0.787,OK,
2026-07-27 02:00:04,2026-07-27,02:00:04,Monday,2,N,5,NH 5: Grain Market ↔ Sector 47 Chowk,A_to_B,7596,725,930,0.78,OK,
2026-07-27 02:00:04,2026-07-27,02:00:04,Monday,2,N,5,NH 5: Grain Market ↔ Sector 47 Chowk,B_to_A,7551,745,972,0.766,OK,
2026-07-27 02:00:05,2026-07-27,02:00:05,Monday,2,N,6,Vigyan Path: PEC Chowk ↔ Golf Club,A_to_B,4491,385,472,0.816,OK,
2026-07-27 02:00:05,2026-07-27,02:00:05,Monday,2,N,6,Vigyan Path: PEC Chowk ↔ Golf Club,B_to_A,4518,426,525,0.811,OK,
2026-07-27 02:00:05,2026-07-27,02:00:05,Monday,2,N,7,Uttar Marg: Sector 2 Chowk ↔ Sukhna Lake,A_to_B,2481,216,274,0.788,OK,
2026-07-27 02:00:05,2026-07-27,02:00:05,Monday,2,N,7,Uttar Marg: Sector 2 Chowk ↔ Sukhna Lake,B_to_A,3144,344,423,0.813,OK,
2026-07-27 02:00:06,2026-07-27,02:00:06,Monday,2,N,8,Madhya Marg: Khudda Lahora ↔ Matka Chowk,A_to_B,4208,431,600,0.718,OK,
2026-07-27 02:00:06,2026-07-27,02:00:06,Monday,2,N,8,Madhya Marg: Khudda Lahora ↔ Matka Chowk,B_to_A,3931,378,529,0.715,OK,
2026-07-27 02:00:06,2026-07-27,02:00:06,Monday,2,N,9,Madhya Marg: GMSH 16 ↔ Kalagram,A_to_B,5231,584,744,0.785,OK,
2026-07-27 02:00:07,2026-07-27,02:00:07,Monday,2,N,9,Madhya Marg: GMSH 16 ↔ Kalagram,B_to_A,5517,571,772,0.74,OK,
2026-07-27 02:00:07,2026-07-27,02:00:07,Monday,2,N,10,Udyog Path: Dhanas ↔ ISBT Sector 17,A_to_B,4785,547,737,0.742,OK,
2026-07-27 02:00:07,2026-07-27,02:00:07,Monday,2,N,10,Udyog Path: Dhanas ↔ ISBT Sector 17,B_to_A,5507,740,919,0.805,OK,
2026-07-27 02:00:07,2026-07-27,02:00:07,Monday,2,N,11,Udyog Path: ISBT Sector 17 ↔ Elante Mall,A_to_B,3274,339,383,0.885,OK,
2026-07-27 02:00:08,2026-07-27,02:00:08,Monday,2,N,11,Udyog Path: ISBT Sector 17 ↔ Elante Mall,B_to_A,3428,311,451,0.69,OK,
2026-07-27 02:00:08,2026-07-27,02:00:08,Monday,2,N,12,Dakshin Marg: DLF Mullanpur ↔ Kisan Bhawan Chowk,A_to_B,6720,704,894,0.787,OK,
2026-07-27 02:00:08,2026-07-27,02:00:08,Monday,2,N,12,Dakshin Marg: DLF Mullanpur ↔ Kisan Bhawan Chowk,B_to_A,7109,678,950,0.714,OK,
2026-07-27 02:00:08,2026-07-27,02:00:08,Monday,2,N,13,Dakshin Marg: Kisan Bhawan Chowk ↔ Airport Chowk,A_to_B,7722,754,1090,0.692,OK,
2026-07-27 02:00:09,2026-07-27,02:00:09,Monday,2,N,13,Dakshin Marg: Kisan Bhawan Chowk ↔ Airport Chowk,B_to_A,7967,811,1138,0.713,OK,
2026-07-27 02:00:09,2026-07-27,02:00:09,Monday,2,N,14,NH 5: Max Hospital ↔ ISBT Sector 43,A_to_B,4206,350,503,0.696,OK,
2026-07-27 02:00:09,2026-07-27,02:00:09,Monday,2,N,14,NH 5: Max Hospital ↔ ISBT Sector 43,B_to_A,5445,494,667,0.741,OK,
2026-07-27 02:00:09,2026-07-27,02:00:09,Monday,2,N,15,Sukhna Path: Golf Club ↔ Cycle Chowk,A_to_B,9001,877,1154,0.76,OK,
2026-07-27 02:00:10,2026-07-27,02:00:10,Monday,2,N,15,Sukhna Path: Golf Club ↔ Cycle Chowk,B_to_A,7321,860,1080,0.796,OK,
2026-07-27 02:00:10,2026-07-27,02:00:10,Monday,2,N,16,Sarovar Path: Sukhna Lake ↔ Burail Jail,A_to_B,7816,799,1066,0.75,OK,
2026-07-27 02:00:10,2026-07-27,02:00:10,Monday,2,N,16,Sarovar Path: Sukhna Lake ↔ Burail Jail,B_to_A,7928,825,1084,0.761,OK,
2026-07-27 02:00:10,2026-07-27,02:00:10,Monday,2,N,17,Himalaya Marg: Rock Garden ↔ ISBT 43,A_to_B,8803,851,1097,0.776,OK,
2026-07-27 02:00:11,2026-07-27,02:00:11,Monday,2,N,17,Himalaya Marg: Rock Garden ↔ ISBT 43,B_to_A,8958,827,1128,0.733,OK,
2026-07-27 02:00:11,2026-07-27,02:00:11,Monday,2,N,18,Jan Marg: High Court ↔ ISBT 17,A_to_B,3334,308,390,0.79,OK,
2026-07-27 02:00:11,2026-07-27,02:00:11,Monday,2,N,18,Jan Marg: High Court ↔ ISBT 17,B_to_A,3132,267,337,0.792,OK,
2026-07-27 02:00:12,2026-07-27,02:00:12,Monday,2,N,19,Jan Marg: ISBT 17 ↔ ISBT 43,A_to_B,4115,389,568,0.685,OK,
2026-07-27 02:00:12,2026-07-27,02:00:12,Monday,2,N,19,Jan Marg: ISBT 17 ↔ ISBT 43,B_to_A,4233,406,579,0.701,OK,
2026-07-27 02:00:12,2026-07-27,02:00:12,Monday,2,N,20,Vidya Path: PGI Chowk ↔ Fountain Chowk,A_to_B,5475,519,714,0.727,OK,
2026-07-27 02:00:12,2026-07-27,02:00:12,Monday,2,N,20,Vidya Path: PGI Chowk ↔ Fountain Chowk,B_to_A,5474,542,716,0.757,OK,
2026-07-27 02:00:13,2026-07-27,02:00:13,Monday,2,N,21,Purv Marg: Tansport Chowk  ↔ Tribune Chowk,A_to_B,2620,336,411,0.818,OK,
2026-07-27 02:00:13,2026-07-27,02:00:13,Monday,2,N,21,Purv Marg: Tansport Chowk  ↔ Tribune Chowk,B_to_A,2611,355,436,0.814,OK,
2026-07-27 02:00:13,2026-07-27,02:00:13,Monday,2,N,22,Chandi Path: Sabzi Mandi Chowk  ↔ GMCH 32,A_to_B,2939,306,414,0.739,OK,
2026-07-27 02:00:13,2026-07-27,02:00:13,Monday,2,N,22,Chandi Path: Sabzi Mandi Chowk  ↔ GMCH 32,B_to_A,2756,300,361,0.831,OK,
2026-07-27 02:00:14,2026-07-27,02:00:14,Monday,2,N,23,Udyan Path: Secretariat Chowk  ↔ Furniture Chowk,A_to_B,7398,675,883,0.764,OK,
2026-07-27 02:00:14,2026-07-27,02:00:14,Monday,2,N,23,Udyan Path: Secretariat Chowk  ↔ Furniture Chowk,B_to_A,7219,645,830,0.777,OK,
2026-07-27 02:00:14,2026-07-27,02:00:14,Monday,2,N,24,Madhya Marg: Sector 17 ↔ Railway Station,A_to_B,7206,722,945,0.764,OK,
2026-07-27 02:00:14,2026-07-27,02:00:14,Monday,2,N,24,Madhya Marg: Sector 17 ↔ Railway Station,B_to_A,6340,720,982,0.733,OK,
2026-07-27 02:00:15,2026-07-27,02:00:15,Monday,2,N,25,Paschim Marg: Sector 25 ↔ Sector 56,A_to_B,4090,406,535,0.759,OK,
2026-07-27 02:00:15,2026-07-27,02:00:15,Monday,2,N,25,Paschim Marg: Sector 25 ↔ Sector 56,B_to_A,3940,376,493,0.763,OK,
2026-07-27 02:30:01,2026-07-27,02:30:01,Monday,2,N,1,Madhya Marg: PGI Chowk ↔ Housing Board lights,A_to_B,9891,1059,1342,0.789,OK,
2026-07-27 02:30:02,2026-07-27,02:30:02,Monday,2,N,1,Madhya Marg: PGI Chowk ↔ Housing Board lights,B_to_A,8853,946,1223,0.774,OK,
2026-07-27 02:30:02,2026-07-27,02:30:02,Monday,2,N,2,Udyog Path: PU Chowk ↔ Elante Mall,A_to_B,7173,803,1033,0.777,OK,
2026-07-27 02:30:02,2026-07-27,02:30:02,Monday,2,N,2,Udyog Path: PU Chowk ↔ Elante Mall,B_to_A,8051,726,1091,0.665,OK,
2026-07-27 02:30:03,2026-07-27,02:30:03,Monday,2,N,3,Dakshin Marg: Daddu Majra ↔ Hallo Majra Lights,A_to_B,8610,928,1261,0.736,OK,
2026-07-27 02:30:03,2026-07-27,02:30:03,Monday,2,N,3,Dakshin Marg: Daddu Majra ↔ Hallo Majra Lights,B_to_A,9077,1005,1438,0.699,OK,
2026-07-27 02:30:03,2026-07-27,02:30:03,Monday,2,N,4,Shanti Path: Sector 38W ↔ Sector 31 Lights,A_to_B,7418,637,881,0.723,OK,
2026-07-27 02:30:03,2026-07-27,02:30:03,Monday,2,N,4,Shanti Path: Sector 38W ↔ Sector 31 Lights,B_to_A,7590,711,937,0.759,OK,
2026-07-27 02:30:04,2026-07-27,02:30:04,Monday,2,N,5,NH 5: Grain Market ↔ Sector 47 Chowk,A_to_B,7596,728,930,0.783,OK,
2026-07-27 02:30:04,2026-07-27,02:30:04,Monday,2,N,5,NH 5: Grain Market ↔ Sector 47 Chowk,B_to_A,7551,724,972,0.745,OK,
2026-07-27 02:30:04,2026-07-27,02:30:04,Monday,2,N,6,Vigyan Path: PEC Chowk ↔ Golf Club,A_to_B,4491,384,472,0.814,OK,
2026-07-27 02:30:04,2026-07-27,02:30:04,Monday,2,N,6,Vigyan Path: PEC Chowk ↔ Golf Club,B_to_A,4518,421,525,0.802,OK,
2026-07-27 02:30:05,2026-07-27,02:30:05,Monday,2,N,7,Uttar Marg: Sector 2 Chowk ↔ Sukhna Lake,A_to_B,2481,227,274,0.828,OK,
2026-07-27 02:30:05,2026-07-27,02:30:05,Monday,2,N,7,Uttar Marg: Sector 2 Chowk ↔ Sukhna Lake,B_to_A,3144,338,423,0.799,OK,
2026-07-27 02:30:05,2026-07-27,02:30:05,Monday,2,N,8,Madhya Marg: Khudda Lahora ↔ Matka Chowk,A_to_B,4208,414,600,0.69,OK,
2026-07-27 02:30:06,2026-07-27,02:30:06,Monday,2,N,8,Madhya Marg: Khudda Lahora ↔ Matka Chowk,B_to_A,3931,387,529,0.732,OK,
2026-07-27 02:30:06,2026-07-27,02:30:06,Monday,2,N,9,Madhya Marg: GMSH 16 ↔ Kalagram,A_to_B,5231,578,744,0.777,OK,
2026-07-27 02:30:06,2026-07-27,02:30:06,Monday,2,N,9,Madhya Marg: GMSH 16 ↔ Kalagram,B_to_A,5517,571,772,0.74,OK,
2026-07-27 02:30:06,2026-07-27,02:30:06,Monday,2,N,10,Udyog Path: Dhanas ↔ ISBT Sector 17,A_to_B,4785,557,737,0.756,OK,
2026-07-27 02:30:07,2026-07-27,02:30:07,Monday,2,N,10,Udyog Path: Dhanas ↔ ISBT Sector 17,B_to_A,5507,772,919,0.84,OK,
2026-07-27 02:30:07,2026-07-27,02:30:07,Monday,2,N,11,Udyog Path: ISBT Sector 17 ↔ Elante Mall,A_to_B,3274,287,383,0.749,OK,
2026-07-27 02:30:07,2026-07-27,02:30:07,Monday,2,N,11,Udyog Path: ISBT Sector 17 ↔ Elante Mall,B_to_A,3428,321,451,0.712,OK,
2026-07-27 02:30:07,2026-07-27,02:30:07,Monday,2,N,12,Dakshin Marg: DLF Mullanpur ↔ Kisan Bhawan Chowk,A_to_B,6720,677,894,0.757,OK,
2026-07-27 02:30:08,2026-07-27,02:30:08,Monday,2,N,12,Dakshin Marg: DLF Mullanpur ↔ Kisan Bhawan Chowk,B_to_A,7109,678,950,0.714,OK,
2026-07-27 02:30:08,2026-07-27,02:30:08,Monday,2,N,13,Dakshin Marg: Kisan Bhawan Chowk ↔ Airport Chowk,A_to_B,7722,802,1090,0.736,OK,
2026-07-27 02:30:08,2026-07-27,02:30:08,Monday,2,N,13,Dakshin Marg: Kisan Bhawan Chowk ↔ Airport Chowk,B_to_A,7967,818,1138,0.719,OK,
2026-07-27 02:30:08,2026-07-27,02:30:08,Monday,2,N,14,NH 5: Max Hospital ↔ ISBT Sector 43,A_to_B,4206,350,503,0.696,OK,
2026-07-27 02:30:09,2026-07-27,02:30:09,Monday,2,N,14,NH 5: Max Hospital ↔ ISBT Sector 43,B_to_A,5445,481,667,0.721,OK,
2026-07-27 02:30:09,2026-07-27,02:30:09,Monday,2,N,15,Sukhna Path: Golf Club ↔ Cycle Chowk,A_to_B,9001,858,1154,0.744,OK,
2026-07-27 02:30:09,2026-07-27,02:30:09,Monday,2,N,15,Sukhna Path: Golf Club ↔ Cycle Chowk,B_to_A,7321,849,1080,0.786,OK,
2026-07-27 02:30:10,2026-07-27,02:30:10,Monday,2,N,16,Sarovar Path: Sukhna Lake ↔ Burail Jail,A_to_B,7816,784,1066,0.735,OK,
2026-07-27 02:30:10,2026-07-27,02:30:10,Monday,2,N,16,Sarovar Path: Sukhna Lake ↔ Burail Jail,B_to_A,7928,831,1084,0.767,OK,
2026-07-27 02:30:10,2026-07-27,02:30:10,Monday,2,N,17,Himalaya Marg: Rock Garden ↔ ISBT 43,A_to_B,8803,831,1097,0.758,OK,
2026-07-27 02:30:10,2026-07-27,02:30:10,Monday,2,N,17,Himalaya Marg: Rock Garden ↔ ISBT 43,B_to_A,8928,851,1121,0.759,OK,
2026-07-27 02:30:11,2026-07-27,02:30:11,Monday,2,N,18,Jan Marg: High Court ↔ ISBT 17,A_to_B,3334,302,390,0.774,OK,
2026-07-27 02:30:11,2026-07-27,02:30:11,Monday,2,N,18,Jan Marg: High Court ↔ ISBT 17,B_to_A,3132,262,337,0.777,OK,
2026-07-27 02:30:11,2026-07-27,02:30:11,Monday,2,N,19,Jan Marg: ISBT 17 ↔ ISBT 43,A_to_B,4115,375,568,0.66,OK,
2026-07-27 02:30:11,2026-07-27,02:30:11,Monday,2,N,19,Jan Marg: ISBT 17 ↔ ISBT 43,B_to_A,4233,430,579,0.743,OK,
2026-07-27 02:30:12,2026-07-27,02:30:12,Monday,2,N,20,Vidya Path: PGI Chowk ↔ Fountain Chowk,A_to_B,5475,507,714,0.71,OK,
2026-07-27 02:30:12,2026-07-27,02:30:12,Monday,2,N,20,Vidya Path: PGI Chowk ↔ Fountain Chowk,B_to_A,5474,567,716,0.792,OK,
2026-07-27 02:30:12,2026-07-27,02:30:12,Monday,2,N,21,Purv Marg: Tansport Chowk  ↔ Tribune Chowk,A_to_B,2620,317,411,0.771,OK,
2026-07-27 02:30:12,2026-07-27,02:30:12,Monday,2,N,21,Purv Marg: Tansport Chowk  ↔ Tribune Chowk,B_to_A,2611,361,436,0.828,OK,
2026-07-27 02:30:13,2026-07-27,02:30:13,Monday,2,N,22,Chandi Path: Sabzi Mandi Chowk  ↔ GMCH 32,A_to_B,2939,311,414,0.751,OK,
2026-07-27 02:30:13,2026-07-27,02:30:13,Monday,2,N,22,Chandi Path: Sabzi Mandi Chowk  ↔ GMCH 32,B_to_A,2756,305,361,0.845,OK,
2026-07-27 02:30:13,2026-07-27,02:30:13,Monday,2,N,23,Udyan Path: Secretariat Chowk  ↔ Furniture Chowk,A_to_B,7398,654,883,0.741,OK,
2026-07-27 02:30:14,2026-07-27,02:30:14,Monday,2,N,23,Udyan Path: Secretariat Chowk  ↔ Furniture Chowk,B_to_A,7219,659,830,0.794,OK,
2026-07-27 02:30:14,2026-07-27,02:30:14,Monday,2,N,24,Madhya Marg: Sector 17 ↔ Railway Station,A_to_B,7206,716,945,0.758,OK,
2026-07-27 02:30:14,2026-07-27,02:30:14,Monday,2,N,24,Madhya Marg: Sector 17 ↔ Railway Station,B_to_A,6340,717,982,0.73,OK,
2026-07-27 02:30:14,2026-07-27,02:30:14,Monday,2,N,25,Paschim Marg: Sector 25 ↔ Sector 56,A_to_B,4090,415,535,0.776,OK,
2026-07-27 02:30:15,2026-07-27,02:30:15,Monday,2,N,25,Paschim Marg: Sector 25 ↔ Sector 56,B_to_A,3940,391,493,0.793,OK,
2026-07-27 03:00:01,2026-07-27,03:00:01,Monday,3,N,1,Madhya Marg: PGI Chowk ↔ Housing Board lights,A_to_B,9891,1062,1342,0.791,OK,
2026-07-27 03:00:02,2026-07-27,03:00:02,Monday,3,N,1,Madhya Marg: PGI Chowk ↔ Housing Board lights,B_to_A,8853,944,1223,0.772,OK,
2026-07-27 03:00:02,2026-07-27,03:00:02,Monday,3,N,2,Udyog Path: PU Chowk ↔ Elante Mall,A_to_B,7173,807,1033,0.781,OK,
2026-07-27 03:00:02,2026-07-27,03:00:02,Monday,3,N,2,Udyog Path: PU Chowk ↔ Elante Mall,B_to_A,8051,721,1091,0.661,OK,
2026-07-27 03:00:03,2026-07-27,03:00:03,Monday,3,N,3,Dakshin Marg: Daddu Majra ↔ Hallo Majra Lights,A_to_B,8610,928,1261,0.736,OK,
2026-07-27 03:00:03,2026-07-27,03:00:03,Monday,3,N,3,Dakshin Marg: Daddu Majra ↔ Hallo Majra Lights,B_to_A,9077,985,1438,0.685,OK,
2026-07-27 03:00:03,2026-07-27,03:00:03,Monday,3,N,4,Shanti Path: Sector 38W ↔ Sector 31 Lights,A_to_B,7418,654,881,0.742,OK,
2026-07-27 03:00:03,2026-07-27,03:00:03,Monday,3,N,4,Shanti Path: Sector 38W ↔ Sector 31 Lights,B_to_A,7590,712,937,0.76,OK,
2026-07-27 03:00:04,2026-07-27,03:00:04,Monday,3,N,5,NH 5: Grain Market ↔ Sector 47 Chowk,A_to_B,7596,744,930,0.8,OK,
2026-07-27 03:00:04,2026-07-27,03:00:04,Monday,3,N,5,NH 5: Grain Market ↔ Sector 47 Chowk,B_to_A,7551,722,972,0.743,OK,
2026-07-27 03:00:04,2026-07-27,03:00:04,Monday,3,N,6,Vigyan Path: PEC Chowk ↔ Golf Club,A_to_B,4491,377,472,0.799,OK,
2026-07-27 03:00:04,2026-07-27,03:00:04,Monday,3,N,6,Vigyan Path: PEC Chowk ↔ Golf Club,B_to_A,4518,419,525,0.798,OK,
2026-07-27 03:00:05,2026-07-27,03:00:05,Monday,3,N,7,Uttar Marg: Sector 2 Chowk ↔ Sukhna Lake,A_to_B,2481,217,274,0.792,OK,
2026-07-27 03:00:05,2026-07-27,03:00:05,Monday,3,N,7,Uttar Marg: Sector 2 Chowk ↔ Sukhna Lake,B_to_A,3144,338,423,0.799,OK,
2026-07-27 03:00:05,2026-07-27,03:00:05,Monday,3,N,8,Madhya Marg: Khudda Lahora ↔ Matka Chowk,A_to_B,4208,438,600,0.73,OK,
2026-07-27 03:00:06,2026-07-27,03:00:06,Monday,3,N,8,Madhya Marg: Khudda Lahora ↔ Matka Chowk,B_to_A,3931,385,529,0.728,OK,
2026-07-27 03:00:06,2026-07-27,03:00:06,Monday,3,N,9,Madhya Marg: GMSH 16 ↔ Kalagram,A_to_B,5231,577,744,0.776,OK,
2026-07-27 03:00:06,2026-07-27,03:00:06,Monday,3,N,9,Madhya Marg: GMSH 16 ↔ Kalagram,B_to_A,5517,582,772,0.754,OK,
2026-07-27 03:00:06,2026-07-27,03:00:06,Monday,3,N,10,Udyog Path: Dhanas ↔ ISBT Sector 17,A_to_B,4785,545,737,0.739,OK,
2026-07-27 03:00:07,2026-07-27,03:00:07,Monday,3,N,10,Udyog Path: Dhanas ↔ ISBT Sector 17,B_to_A,5507,715,919,0.778,OK,
2026-07-27 03:00:07,2026-07-27,03:00:07,Monday,3,N,11,Udyog Path: ISBT Sector 17 ↔ Elante Mall,A_to_B,3274,270,383,0.705,OK,
2026-07-27 03:00:07,2026-07-27,03:00:07,Monday,3,N,11,Udyog Path: ISBT Sector 17 ↔ Elante Mall,B_to_A,3428,316,451,0.701,OK,
2026-07-27 03:00:07,2026-07-27,03:00:07,Monday,3,N,12,Dakshin Marg: DLF Mullanpur ↔ Kisan Bhawan Chowk,A_to_B,6720,674,894,0.754,OK,
2026-07-27 03:00:08,2026-07-27,03:00:08,Monday,3,N,12,Dakshin Marg: DLF Mullanpur ↔ Kisan Bhawan Chowk,B_to_A,7109,684,950,0.72,OK,
2026-07-27 03:00:08,2026-07-27,03:00:08,Monday,3,N,13,Dakshin Marg: Kisan Bhawan Chowk ↔ Airport Chowk,A_to_B,7722,812,1090,0.745,OK,
2026-07-27 03:00:08,2026-07-27,03:00:08,Monday,3,N,13,Dakshin Marg: Kisan Bhawan Chowk ↔ Airport Chowk,B_to_A,7967,774,1138,0.68,OK,
2026-07-27 03:00:08,2026-07-27,03:00:08,Monday,3,N,14,NH 5: Max Hospital ↔ ISBT Sector 43,A_to_B,4206,359,503,0.714,OK,
2026-07-27 03:00:09,2026-07-27,03:00:09,Monday,3,N,14,NH 5: Max Hospital ↔ ISBT Sector 43,B_to_A,5445,490,667,0.735,OK,
2026-07-27 03:00:09,2026-07-27,03:00:09,Monday,3,N,15,Sukhna Path: Golf Club ↔ Cycle Chowk,A_to_B,9001,844,1154,0.731,OK,
2026-07-27 03:00:09,2026-07-27,03:00:09,Monday,3,N,15,Sukhna Path: Golf Club ↔ Cycle Chowk,B_to_A,7321,838,1080,0.776,OK,
2026-07-27 03:00:09,2026-07-27,03:00:09,Monday,3,N,16,Sarovar Path: Sukhna Lake ↔ Burail Jail,A_to_B,7816,779,1066,0.731,OK,
2026-07-27 03:00:10,2026-07-27,03:00:10,Monday,3,N,16,Sarovar Path: Sukhna Lake ↔ Burail Jail,B_to_A,7928,832,1084,0.768,OK,
2026-07-27 03:00:10,2026-07-27,03:00:10,Monday,3,N,17,Himalaya Marg: Rock Garden ↔ ISBT 43,A_to_B,8803,838,1097,0.764,OK,
2026-07-27 03:00:10,2026-07-27,03:00:10,Monday,3,N,17,Himalaya Marg: Rock Garden ↔ ISBT 43,B_to_A,8958,840,1128,0.745,OK,
2026-07-27 03:00:11,2026-07-27,03:00:11,Monday,3,N,18,Jan Marg: High Court ↔ ISBT 17,A_to_B,3334,296,390,0.759,OK,
2026-07-27 03:00:11,2026-07-27,03:00:11,Monday,3,N,18,Jan Marg: High Court ↔ ISBT 17,B_to_A,3132,264,337,0.783,OK,
2026-07-27 03:00:11,2026-07-27,03:00:11,Monday,3,N,19,Jan Marg: ISBT 17 ↔ ISBT 43,A_to_B,4115,387,568,0.681,OK,
2026-07-27 03:00:11,2026-07-27,03:00:11,Monday,3,N,19,Jan Marg: ISBT 17 ↔ ISBT 43,B_to_A,4233,419,579,0.724,OK,
2026-07-27 03:00:12,2026-07-27,03:00:12,Monday,3,N,20,Vidya Path: PGI Chowk ↔ Fountain Chowk,A_to_B,5475,531,714,0.744,OK,
2026-07-27 03:00:12,2026-07-27,03:00:12,Monday,3,N,20,Vidya Path: PGI Chowk ↔ Fountain Chowk,B_to_A,5474,538,716,0.751,OK,
2026-07-27 03:00:12,2026-07-27,03:00:12,Monday,3,N,21,Purv Marg: Tansport Chowk  ↔ Tribune Chowk,A_to_B,2620,325,411,0.791,OK,
2026-07-27 03:00:12,2026-07-27,03:00:12,Monday,3,N,21,Purv Marg: Tansport Chowk  ↔ Tribune Chowk,B_to_A,2611,352,436,0.807,OK,
2026-07-27 03:00:13,2026-07-27,03:00:13,Monday,3,N,22,Chandi Path: Sabzi Mandi Chowk  ↔ GMCH 32,A_to_B,2938,304,414,0.734,OK,
2026-07-27 03:00:13,2026-07-27,03:00:13,Monday,3,N,22,Chandi Path: Sabzi Mandi Chowk  ↔ GMCH 32,B_to_A,2756,293,361,0.812,OK,
2026-07-27 03:00:13,2026-07-27,03:00:13,Monday,3,N,23,Udyan Path: Secretariat Chowk  ↔ Furniture Chowk,A_to_B,7398,642,883,0.727,OK,
2026-07-27 03:00:13,2026-07-27,03:00:13,Monday,3,N,23,Udyan Path: Secretariat Chowk  ↔ Furniture Chowk,B_to_A,7219,647,830,0.78,OK,
2026-07-27 03:00:14,2026-07-27,03:00:14,Monday,3,N,24,Madhya Marg: Sector 17 ↔ Railway Station,A_to_B,7206,724,945,0.766,OK,
2026-07-27 03:00:14,2026-07-27,03:00:14,Monday,3,N,24,Madhya Marg: Sector 17 ↔ Railway Station,B_to_A,6340,716,982,0.729,OK,
2026-07-27 03:00:14,2026-07-27,03:00:14,Monday,3,N,25,Paschim Marg: Sector 25 ↔ Sector 56,A_to_B,4090,411,535,0.768,OK,
2026-07-27 03:00:14,2026-07-27,03:00:14,Monday,3,N,25,Paschim Marg: Sector 25 ↔ Sector 56,B_to_A,3940,387,493,0.785,OK,
2026-07-27 03:30:01,2026-07-27,03:30:01,Monday,3,N,1,Madhya Marg: PGI Chowk ↔ Housing Board lights,A_to_B,9891,1082,1342,0.806,OK,
2026-07-27 03:30:01,2026-07-27,03:30:01,Monday,3,N,1,Madhya Marg: PGI Chowk ↔ Housing Board lights,B_to_A,8853,951,1223,0.778,OK,
2026-07-27 03:30:02,2026-07-27,03:30:02,Monday,3,N,2,Udyog Path: PU Chowk ↔ Elante Mall,A_to_B,7173,744,1033,0.72,OK,
2026-07-27 03:30:02,2026-07-27,03:30:02,Monday,3,N,2,Udyog Path: PU Chowk ↔ Elante Mall,B_to_A,8051,706,1091,0.647,OK,
2026-07-27 03:30:02,2026-07-27,03:30:02,Monday,3,N,3,Dakshin Marg: Daddu Majra ↔ Hallo Majra Lights,A_to_B,8610,890,1261,0.706,OK,
2026-07-27 03:30:03,2026-07-27,03:30:03,Monday,3,N,3,Dakshin Marg: Daddu Majra ↔ Hallo Majra Lights,B_to_A,9077,967,1438,0.672,OK,
2026-07-27 03:30:03,2026-07-27,03:30:03,Monday,3,N,4,Shanti Path: Sector 38W ↔ Sector 31 Lights,A_to_B,7418,635,881,0.721,OK,
2026-07-27 03:30:03,2026-07-27,03:30:03,Monday,3,N,4,Shanti Path: Sector 38W ↔ Sector 31 Lights,B_to_A,7590,721,937,0.769,OK,
2026-07-27 03:30:03,2026-07-27,03:30:03,Monday,3,N,5,NH 5: Grain Market ↔ Sector 47 Chowk,A_to_B,7596,745,930,0.801,OK,
2026-07-27 03:30:04,2026-07-27,03:30:04,Monday,3,N,5,NH 5: Grain Market ↔ Sector 47 Chowk,B_to_A,7551,741,972,0.762,OK,
2026-07-27 03:30:04,2026-07-27,03:30:04,Monday,3,N,6,Vigyan Path: PEC Chowk ↔ Golf Club,A_to_B,4491,381,472,0.807,OK,
2026-07-27 03:30:04,2026-07-27,03:30:04,Monday,3,N,6,Vigyan Path: PEC Chowk ↔ Golf Club,B_to_A,4518,409,525,0.779,OK,
2026-07-27 03:30:04,2026-07-27,03:30:04,Monday,3,N,7,Uttar Marg: Sector 2 Chowk ↔ Sukhna Lake,A_to_B,2481,210,274,0.766,OK,
2026-07-27 03:30:05,2026-07-27,03:30:05,Monday,3,N,7,Uttar Marg: Sector 2 Chowk ↔ Sukhna Lake,B_to_A,3144,336,423,0.794,OK,
2026-07-27 03:30:05,2026-07-27,03:30:05,Monday,3,N,8,Madhya Marg: Khudda Lahora ↔ Matka Chowk,A_to_B,4208,429,600,0.715,OK,
2026-07-27 03:30:05,2026-07-27,03:30:05,Monday,3,N,8,Madhya Marg: Khudda Lahora ↔ Matka Chowk,B_to_A,3931,389,529,0.735,OK,
2026-07-27 03:30:05,2026-07-27,03:30:05,Monday,3,N,9,Madhya Marg: GMSH 16 ↔ Kalagram,A_to_B,5231,583,744,0.784,OK,
2026-07-27 03:30:06,2026-07-27,03:30:06,Monday,3,N,9,Madhya Marg: GMSH 16 ↔ Kalagram,B_to_A,5517,556,772,0.72,OK,
2026-07-27 03:30:06,2026-07-27,03:30:06,Monday,3,N,10,Udyog Path: Dhanas ↔ ISBT Sector 17,A_to_B,4785,543,737,0.737,OK,
2026-07-27 03:30:06,2026-07-27,03:30:06,Monday,3,N,10,Udyog Path: Dhanas ↔ ISBT Sector 17,B_to_A,5507,732,919,0.797,OK,
2026-07-27 03:30:07,2026-07-27,03:30:07,Monday,3,N,11,Udyog Path: ISBT Sector 17 ↔ Elante Mall,A_to_B,3274,265,383,0.692,OK,
2026-07-27 03:30:07,2026-07-27,03:30:07,Monday,3,N,11,Udyog Path: ISBT Sector 17 ↔ Elante Mall,B_to_A,3428,307,451,0.681,OK,
2026-07-27 03:30:07,2026-07-27,03:30:07,Monday,3,N,12,Dakshin Marg: DLF Mullanpur ↔ Kisan Bhawan Chowk,A_to_B,6720,671,894,0.751,OK,
2026-07-27 03:30:07,2026-07-27,03:30:07,Monday,3,N,12,Dakshin Marg: DLF Mullanpur ↔ Kisan Bhawan Chowk,B_to_A,7109,698,950,0.735,OK,
2026-07-27 03:30:08,2026-07-27,03:30:08,Monday,3,N,13,Dakshin Marg: Kisan Bhawan Chowk ↔ Airport Chowk,A_to_B,7722,773,1090,0.709,OK,
2026-07-27 03:30:08,2026-07-27,03:30:08,Monday,3,N,13,Dakshin Marg: Kisan Bhawan Chowk ↔ Airport Chowk,B_to_A,7967,780,1138,0.685,OK,
2026-07-27 03:30:08,2026-07-27,03:30:08,Monday,3,N,14,NH 5: Max Hospital ↔ ISBT Sector 43,A_to_B,4206,353,503,0.702,OK,
2026-07-27 03:30:08,2026-07-27,03:30:08,Monday,3,N,14,NH 5: Max Hospital ↔ ISBT Sector 43,B_to_A,5445,490,667,0.735,OK,
2026-07-27 03:30:09,2026-07-27,03:30:09,Monday,3,N,15,Sukhna Path: Golf Club ↔ Cycle Chowk,A_to_B,9001,853,1154,0.739,OK,
2026-07-27 03:30:09,2026-07-27,03:30:09,Monday,3,N,15,Sukhna Path: Golf Club ↔ Cycle Chowk,B_to_A,7321,811,1080,0.751,OK,
2026-07-27 03:30:09,2026-07-27,03:30:09,Monday,3,N,16,Sarovar Path: Sukhna Lake ↔ Burail Jail,A_to_B,7816,783,1066,0.735,OK,
2026-07-27 03:30:09,2026-07-27,03:30:09,Monday,3,N,16,Sarovar Path: Sukhna Lake ↔ Burail Jail,B_to_A,7928,817,1084,0.754,OK,
2026-07-27 03:30:10,2026-07-27,03:30:10,Monday,3,N,17,Himalaya Marg: Rock Garden ↔ ISBT 43,A_to_B,8803,849,1097,0.774,OK,
2026-07-27 03:30:10,2026-07-27,03:30:10,Monday,3,N,17,Himalaya Marg: Rock Garden ↔ ISBT 43,B_to_A,8928,835,1121,0.745,OK,
2026-07-27 03:30:10,2026-07-27,03:30:10,Monday,3,N,18,Jan Marg: High Court ↔ ISBT 17,A_to_B,3334,297,390,0.762,OK,
2026-07-27 03:30:10,2026-07-27,03:30:10,Monday,3,N,18,Jan Marg: High Court ↔ ISBT 17,B_to_A,3132,261,337,0.774,OK,
2026-07-27 03:30:11,2026-07-27,03:30:11,Monday,3,N,19,Jan Marg: ISBT 17 ↔ ISBT 43,A_to_B,4115,398,568,0.701,OK,
2026-07-27 03:30:11,2026-07-27,03:30:11,Monday,3,N,19,Jan Marg: ISBT 17 ↔ ISBT 43,B_to_A,4233,416,579,0.718,OK,
2026-07-27 03:30:11,2026-07-27,03:30:11,Monday,3,N,20,Vidya Path: PGI Chowk ↔ Fountain Chowk,A_to_B,5475,521,714,0.73,OK,
2026-07-27 03:30:11,2026-07-27,03:30:11,Monday,3,N,20,Vidya Path: PGI Chowk ↔ Fountain Chowk,B_to_A,5474,526,716,0.735,OK,
2026-07-27 03:30:12,2026-07-27,03:30:12,Monday,3,N,21,Purv Marg: Tansport Chowk  ↔ Tribune Chowk,A_to_B,2620,315,411,0.766,OK,
2026-07-27 03:30:12,2026-07-27,03:30:12,Monday,3,N,21,Purv Marg: Tansport Chowk  ↔ Tribune Chowk,B_to_A,2611,356,436,0.817,OK,
2026-07-27 03:30:12,2026-07-27,03:30:12,Monday,3,N,22,Chandi Path: Sabzi Mandi Chowk  ↔ GMCH 32,A_to_B,2939,305,414,0.737,OK,
2026-07-27 03:30:12,2026-07-27,03:30:12,Monday,3,N,22,Chandi Path: Sabzi Mandi Chowk  ↔ GMCH 32,B_to_A,2756,303,361,0.839,OK,
2026-07-27 03:30:13,2026-07-27,03:30:13,Monday,3,N,23,Udyan Path: Secretariat Chowk  ↔ Furniture Chowk,A_to_B,7398,651,883,0.737,OK,
2026-07-27 03:30:13,2026-07-27,03:30:13,Monday,3,N,23,Udyan Path: Secretariat Chowk  ↔ Furniture Chowk,B_to_A,7219,655,830,0.789,OK,
2026-07-27 03:30:13,2026-07-27,03:30:13,Monday,3,N,24,Madhya Marg: Sector 17 ↔ Railway Station,A_to_B,7206,694,945,0.734,OK,
2026-07-27 03:30:14,2026-07-27,03:30:14,Monday,3,N,24,Madhya Marg: Sector 17 ↔ Railway Station,B_to_A,6340,746,982,0.76,OK,
2026-07-27 03:30:14,2026-07-27,03:30:14,Monday,3,N,25,Paschim Marg: Sector 25 ↔ Sector 56,A_to_B,4090,417,535,0.779,OK,
2026-07-27 03:30:14,2026-07-27,03:30:14,Monday,3,N,25,Paschim Marg: Sector 25 ↔ Sector 56,B_to_A,3940,390,493,0.791,OK,
2026-07-27 04:00:02,2026-07-27,04:00:02,Monday,4,N,1,Madhya Marg: PGI Chowk ↔ Housing Board lights,A_to_B,9891,1101,1342,0.82,OK,
2026-07-27 04:00:02,2026-07-27,04:00:02,Monday,4,N,1,Madhya Marg: PGI Chowk ↔ Housing Board lights,B_to_A,8853,951,1223,0.778,OK,
2026-07-27 04:00:02,2026-07-27,04:00:02,Monday,4,N,2,Udyog Path: PU Chowk ↔ Elante Mall,A_to_B,7173,736,1033,0.712,OK,
2026-07-27 04:00:02,2026-07-27,04:00:02,Monday,4,N,2,Udyog Path: PU Chowk ↔ Elante Mall,B_to_A,8051,703,1091,0.644,OK,
2026-07-27 04:00:03,2026-07-27,04:00:03,Monday,4,N,3,Dakshin Marg: Daddu Majra ↔ Hallo Majra Lights,A_to_B,8610,871,1261,0.691,OK,
2026-07-27 04:00:03,2026-07-27,04:00:03,Monday,4,N,3,Dakshin Marg: Daddu Majra ↔ Hallo Majra Lights,B_to_A,9077,953,1438,0.663,OK,
2026-07-27 04:00:03,2026-07-27,04:00:03,Monday,4,N,4,Shanti Path: Sector 38W ↔ Sector 31 Lights,A_to_B,7418,624,881,0.708,OK,
2026-07-27 04:00:03,2026-07-27,04:00:03,Monday,4,N,4,Shanti Path: Sector 38W ↔ Sector 31 Lights,B_to_A,7590,722,937,0.771,OK,
2026-07-27 04:00:04,2026-07-27,04:00:04,Monday,4,N,5,NH 5: Grain Market ↔ Sector 47 Chowk,A_to_B,7596,752,930,0.809,OK,
2026-07-27 04:00:04,2026-07-27,04:00:04,Monday,4,N,5,NH 5: Grain Market ↔ Sector 47 Chowk,B_to_A,9861,816,1126,0.725,OK,
2026-07-27 04:00:04,2026-07-27,04:00:04,Monday,4,N,6,Vigyan Path: PEC Chowk ↔ Golf Club,A_to_B,4491,381,472,0.807,OK,
2026-07-27 04:00:05,2026-07-27,04:00:05,Monday,4,N,6,Vigyan Path: PEC Chowk ↔ Golf Club,B_to_A,4518,414,525,0.789,OK,
2026-07-27 04:00:05,2026-07-27,04:00:05,Monday,4,N,7,Uttar Marg: Sector 2 Chowk ↔ Sukhna Lake,A_to_B,2481,222,274,0.81,OK,
2026-07-27 04:00:05,2026-07-27,04:00:05,Monday,4,N,7,Uttar Marg: Sector 2 Chowk ↔ Sukhna Lake,B_to_A,3144,344,423,0.813,OK,
2026-07-27 04:00:05,2026-07-27,04:00:05,Monday,4,N,8,Madhya Marg: Khudda Lahora ↔ Matka Chowk,A_to_B,4208,468,600,0.78,OK,
2026-07-27 04:00:06,2026-07-27,04:00:06,Monday,4,N,8,Madhya Marg: Khudda Lahora ↔ Matka Chowk,B_to_A,3931,390,529,0.737,OK,
2026-07-27 04:00:06,2026-07-27,04:00:06,Monday,4,N,9,Madhya Marg: GMSH 16 ↔ Kalagram,A_to_B,5231,578,744,0.777,OK,
2026-07-27 04:00:06,2026-07-27,04:00:06,Monday,4,N,9,Madhya Marg: GMSH 16 ↔ Kalagram,B_to_A,5517,556,772,0.72,OK,
2026-07-27 04:00:06,2026-07-27,04:00:06,Monday,4,N,10,Udyog Path: Dhanas ↔ ISBT Sector 17,A_to_B,4785,544,737,0.738,OK,
2026-07-27 04:00:07,2026-07-27,04:00:07,Monday,4,N,10,Udyog Path: Dhanas ↔ ISBT Sector 17,B_to_A,5507,702,919,0.764,OK,
2026-07-27 04:00:07,2026-07-27,04:00:07,Monday,4,N,11,Udyog Path: ISBT Sector 17 ↔ Elante Mall,A_to_B,3274,260,383,0.679,OK,
2026-07-27 04:00:07,2026-07-27,04:00:07,Monday,4,N,11,Udyog Path: ISBT Sector 17 ↔ Elante Mall,B_to_A,3428,307,451,0.681,OK,
2026-07-27 04:00:07,2026-07-27,04:00:07,Monday,4,N,12,Dakshin Marg: DLF Mullanpur ↔ Kisan Bhawan Chowk,A_to_B,6720,642,894,0.718,OK,
2026-07-27 04:00:08,2026-07-27,04:00:08,Monday,4,N,12,Dakshin Marg: DLF Mullanpur ↔ Kisan Bhawan Chowk,B_to_A,7109,694,950,0.731,OK,
2026-07-27 04:00:08,2026-07-27,04:00:08,Monday,4,N,13,Dakshin Marg: Kisan Bhawan Chowk ↔ Airport Chowk,A_to_B,7722,768,1090,0.705,OK,
2026-07-27 04:00:08,2026-07-27,04:00:08,Monday,4,N,13,Dakshin Marg: Kisan Bhawan Chowk ↔ Airport Chowk,B_to_A,7967,774,1138,0.68,OK,
2026-07-27 04:00:08,2026-07-27,04:00:08,Monday,4,N,14,NH 5: Max Hospital ↔ ISBT Sector 43,A_to_B,4206,356,503,0.708,OK,
2026-07-27 04:00:09,2026-07-27,04:00:09,Monday,4,N,14,NH 5: Max Hospital ↔ ISBT Sector 43,B_to_A,5445,478,667,0.717,OK,
2026-07-27 04:00:09,2026-07-27,04:00:09,Monday,4,N,15,Sukhna Path: Golf Club ↔ Cycle Chowk,A_to_B,9001,861,1154,0.746,OK,
2026-07-27 04:00:09,2026-07-27,04:00:09,Monday,4,N,15,Sukhna Path: Golf Club ↔ Cycle Chowk,B_to_A,7321,809,1080,0.749,OK,
2026-07-27 04:00:09,2026-07-27,04:00:09,Monday,4,N,16,Sarovar Path: Sukhna Lake ↔ Burail Jail,A_to_B,7816,786,1066,0.737,OK,
2026-07-27 04:00:10,2026-07-27,04:00:10,Monday,4,N,16,Sarovar Path: Sukhna Lake ↔ Burail Jail,B_to_A,7928,804,1084,0.742,OK,
2026-07-27 04:00:10,2026-07-27,04:00:10,Monday,4,N,17,Himalaya Marg: Rock Garden ↔ ISBT 43,A_to_B,8803,842,1097,0.768,OK,
2026-07-27 04:00:10,2026-07-27,04:00:10,Monday,4,N,17,Himalaya Marg: Rock Garden ↔ ISBT 43,B_to_A,8928,838,1121,0.748,OK,
2026-07-27 04:00:11,2026-07-27,04:00:11,Monday,4,N,18,Jan Marg: High Court ↔ ISBT 17,A_to_B,3334,289,390,0.741,OK,
2026-07-27 04:00:11,2026-07-27,04:00:11,Monday,4,N,18,Jan Marg: High Court ↔ ISBT 17,B_to_A,3132,265,337,0.786,OK,
2026-07-27 04:00:11,2026-07-27,04:00:11,Monday,4,N,19,Jan Marg: ISBT 17 ↔ ISBT 43,A_to_B,4115,386,568,0.68,OK,
2026-07-27 04:00:11,2026-07-27,04:00:11,Monday,4,N,19,Jan Marg: ISBT 17 ↔ ISBT 43,B_to_A,4233,420,579,0.725,OK,
2026-07-27 04:00:12,2026-07-27,04:00:12,Monday,4,N,20,Vidya Path: PGI Chowk ↔ Fountain Chowk,A_to_B,5475,536,714,0.751,OK,
2026-07-27 04:00:12,2026-07-27,04:00:12,Monday,4,N,20,Vidya Path: PGI Chowk ↔ Fountain Chowk,B_to_A,5474,552,716,0.771,OK,
2026-07-27 04:00:12,2026-07-27,04:00:12,Monday,4,N,21,Purv Marg: Tansport Chowk  ↔ Tribune Chowk,A_to_B,2620,322,411,0.783,OK,
2026-07-27 04:00:12,2026-07-27,04:00:12,Monday,4,N,21,Purv Marg: Tansport Chowk  ↔ Tribune Chowk,B_to_A,2611,350,436,0.803,OK,
2026-07-27 04:00:13,2026-07-27,04:00:13,Monday,4,N,22,Chandi Path: Sabzi Mandi Chowk  ↔ GMCH 32,A_to_B,2939,289,414,0.698,OK,
2026-07-27 04:00:13,2026-07-27,04:00:13,Monday,4,N,22,Chandi Path: Sabzi Mandi Chowk  ↔ GMCH 32,B_to_A,2756,298,361,0.825,OK,
2026-07-27 04:00:13,2026-07-27,04:00:13,Monday,4,N,23,Udyan Path: Secretariat Chowk  ↔ Furniture Chowk,A_to_B,7398,652,883,0.738,OK,
2026-07-27 04:00:13,2026-07-27,04:00:13,Monday,4,N,23,Udyan Path: Secretariat Chowk  ↔ Furniture Chowk,B_to_A,7219,646,830,0.778,OK,
2026-07-27 04:00:14,2026-07-27,04:00:14,Monday,4,N,24,Madhya Marg: Sector 17 ↔ Railway Station,A_to_B,7206,701,945,0.742,OK,
2026-07-27 04:00:14,2026-07-27,04:00:14,Monday,4,N,24,Madhya Marg: Sector 17 ↔ Railway Station,B_to_A,6568,754,1029,0.733,OK,
2026-07-27 04:00:14,2026-07-27,04:00:14,Monday,4,N,25,Paschim Marg: Sector 25 ↔ Sector 56,A_to_B,4090,429,535,0.802,OK,
2026-07-27 04:00:14,2026-07-27,04:00:14,Monday,4,N,25,Paschim Marg: Sector 25 ↔ Sector 56,B_to_A,3940,382,493,0.775,OK,
2026-07-27 04:30:02,2026-07-27,04:30:02,Monday,4,N,1,Madhya Marg: PGI Chowk ↔ Housing Board lights,A_to_B,9891,1071,1342,0.798,OK,
2026-07-27 04:30:02,2026-07-27,04:30:02,Monday,4,N,1,Madhya Marg: PGI Chowk ↔ Housing Board lights,B_to_A,8853,948,1223,0.775,OK,
2026-07-27 04:30:02,2026-07-27,04:30:02,Monday,4,N,2,Udyog Path: PU Chowk ↔ Elante Mall,A_to_B,7173,723,1033,0.7,OK,
2026-07-27 04:30:03,2026-07-27,04:30:03,Monday,4,N,2,Udyog Path: PU Chowk ↔ Elante Mall,B_to_A,8051,705,1091,0.646,OK,
2026-07-27 04:30:03,2026-07-27,04:30:03,Monday,4,N,3,Dakshin Marg: Daddu Majra ↔ Hallo Majra Lights,A_to_B,8610,892,1261,0.707,OK,
2026-07-27 04:30:03,2026-07-27,04:30:03,Monday,4,N,3,Dakshin Marg: Daddu Majra ↔ Hallo Majra Lights,B_to_A,9077,975,1438,0.678,OK,
2026-07-27 04:30:03,2026-07-27,04:30:03,Monday,4,N,4,Shanti Path: Sector 38W ↔ Sector 31 Lights,A_to_B,7418,628,881,0.713,OK,
2026-07-27 04:30:04,2026-07-27,04:30:04,Monday,4,N,4,Shanti Path: Sector 38W ↔ Sector 31 Lights,B_to_A,7590,727,937,0.776,OK,
2026-07-27 04:30:04,2026-07-27,04:30:04,Monday,4,N,5,NH 5: Grain Market ↔ Sector 47 Chowk,A_to_B,7596,735,930,0.79,OK,
2026-07-27 04:30:04,2026-07-27,04:30:04,Monday,4,N,5,NH 5: Grain Market ↔ Sector 47 Chowk,B_to_A,7551,735,972,0.756,OK,
2026-07-27 04:30:05,2026-07-27,04:30:05,Monday,4,N,6,Vigyan Path: PEC Chowk ↔ Golf Club,A_to_B,4491,374,472,0.792,OK,
2026-07-27 04:30:05,2026-07-27,04:30:05,Monday,4,N,6,Vigyan Path: PEC Chowk ↔ Golf Club,B_to_A,4518,416,525,0.792,OK,
2026-07-27 04:30:05,2026-07-27,04:30:05,Monday,4,N,7,Uttar Marg: Sector 2 Chowk ↔ Sukhna Lake,A_to_B,2481,218,274,0.796,OK,
2026-07-27 04:30:05,2026-07-27,04:30:05,Monday,4,N,7,Uttar Marg: Sector 2 Chowk ↔ Sukhna Lake,B_to_A,3144,350,423,0.827,OK,
2026-07-27 04:30:06,2026-07-27,04:30:06,Monday,4,N,8,Madhya Marg: Khudda Lahora ↔ Matka Chowk,A_to_B,4208,448,600,0.747,OK,
2026-07-27 04:30:06,2026-07-27,04:30:06,Monday,4,N,8,Madhya Marg: Khudda Lahora ↔ Matka Chowk,B_to_A,3931,390,529,0.737,OK,
2026-07-27 04:30:06,2026-07-27,04:30:06,Monday,4,N,9,Madhya Marg: GMSH 16 ↔ Kalagram,A_to_B,5231,573,744,0.77,OK,
2026-07-27 04:30:06,2026-07-27,04:30:06,Monday,4,N,9,Madhya Marg: GMSH 16 ↔ Kalagram,B_to_A,5517,572,772,0.741,OK,
2026-07-27 04:30:07,2026-07-27,04:30:07,Monday,4,N,10,Udyog Path: Dhanas ↔ ISBT Sector 17,A_to_B,4785,550,737,0.746,OK,
2026-07-27 04:30:07,2026-07-27,04:30:07,Monday,4,N,10,Udyog Path: Dhanas ↔ ISBT Sector 17,B_to_A,5507,748,919,0.814,OK,
2026-07-27 04:30:07,2026-07-27,04:30:07,Monday,4,N,11,Udyog Path: ISBT Sector 17 ↔ Elante Mall,A_to_B,3274,258,383,0.674,OK,
2026-07-27 04:30:07,2026-07-27,04:30:07,Monday,4,N,11,Udyog Path: ISBT Sector 17 ↔ Elante Mall,B_to_A,3428,315,451,0.698,OK,
2026-07-27 04:30:08,2026-07-27,04:30:08,Monday,4,N,12,Dakshin Marg: DLF Mullanpur ↔ Kisan Bhawan Chowk,A_to_B,6720,612,894,0.685,OK,
2026-07-27 04:30:08,2026-07-27,04:30:08,Monday,4,N,12,Dakshin Marg: DLF Mullanpur ↔ Kisan Bhawan Chowk,B_to_A,7109,699,950,0.736,OK,
2026-07-27 04:30:08,2026-07-27,04:30:08,Monday,4,N,13,Dakshin Marg: Kisan Bhawan Chowk ↔ Airport Chowk,A_to_B,7722,791,1090,0.726,OK,
2026-07-27 04:30:08,2026-07-27,04:30:08,Monday,4,N,13,Dakshin Marg: Kisan Bhawan Chowk ↔ Airport Chowk,B_to_A,7967,782,1138,0.687,OK,
2026-07-27 04:30:09,2026-07-27,04:30:09,Monday,4,N,14,NH 5: Max Hospital ↔ ISBT Sector 43,A_to_B,4206,361,503,0.718,OK,
2026-07-27 04:30:09,2026-07-27,04:30:09,Monday,4,N,14,NH 5: Max Hospital ↔ ISBT Sector 43,B_to_A,5445,481,667,0.721,OK,
2026-07-27 04:30:09,2026-07-27,04:30:09,Monday,4,N,15,Sukhna Path: Golf Club ↔ Cycle Chowk,A_to_B,9001,829,1154,0.718,OK,
2026-07-27 04:30:09,2026-07-27,04:30:09,Monday,4,N,15,Sukhna Path: Golf Club ↔ Cycle Chowk,B_to_A,7321,802,1080,0.743,OK,
2026-07-27 04:30:10,2026-07-27,04:30:10,Monday,4,N,16,Sarovar Path: Sukhna Lake ↔ Burail Jail,A_to_B,7816,791,1066,0.742,OK,
2026-07-27 04:30:10,2026-07-27,04:30:10,Monday,4,N,16,Sarovar Path: Sukhna Lake ↔ Burail Jail,B_to_A,7928,787,1084,0.726,OK,
2026-07-27 04:30:10,2026-07-27,04:30:10,Monday,4,N,17,Himalaya Marg: Rock Garden ↔ ISBT 43,A_to_B,8803,837,1097,0.763,OK,
2026-07-27 04:30:10,2026-07-27,04:30:10,Monday,4,N,17,Himalaya Marg: Rock Garden ↔ ISBT 43,B_to_A,8928,828,1121,0.739,OK,
2026-07-27 04:30:11,2026-07-27,04:30:11,Monday,4,N,18,Jan Marg: High Court ↔ ISBT 17,A_to_B,3334,276,390,0.708,OK,
2026-07-27 04:30:11,2026-07-27,04:30:11,Monday,4,N,18,Jan Marg: High Court ↔ ISBT 17,B_to_A,3132,261,337,0.774,OK,
2026-07-27 04:30:11,2026-07-27,04:30:11,Monday,4,N,19,Jan Marg: ISBT 17 ↔ ISBT 43,A_to_B,4115,402,568,0.708,OK,
2026-07-27 04:30:11,2026-07-27,04:30:11,Monday,4,N,19,Jan Marg: ISBT 17 ↔ ISBT 43,B_to_A,4233,413,579,0.713,OK,
2026-07-27 04:30:12,2026-07-27,04:30:12,Monday,4,N,20,Vidya Path: PGI Chowk ↔ Fountain Chowk,A_to_B,5475,529,714,0.741,OK,
2026-07-27 04:30:12,2026-07-27,04:30:12,Monday,4,N,20,Vidya Path: PGI Chowk ↔ Fountain Chowk,B_to_A,5474,556,716,0.777,OK,
2026-07-27 04:30:12,2026-07-27,04:30:12,Monday,4,N,21,Purv Marg: Tansport Chowk  ↔ Tribune Chowk,A_to_B,2620,312,411,0.759,OK,
2026-07-27 04:30:13,2026-07-27,04:30:13,Monday,4,N,21,Purv Marg: Tansport Chowk  ↔ Tribune Chowk,B_to_A,2611,343,436,0.787,OK,
2026-07-27 04:30:13,2026-07-27,04:30:13,Monday,4,N,22,Chandi Path: Sabzi Mandi Chowk  ↔ GMCH 32,A_to_B,2939,286,414,0.691,OK,
2026-07-27 04:30:13,2026-07-27,04:30:13,Monday,4,N,22,Chandi Path: Sabzi Mandi Chowk  ↔ GMCH 32,B_to_A,2756,304,361,0.842,OK,
2026-07-27 04:30:13,2026-07-27,04:30:13,Monday,4,N,23,Udyan Path: Secretariat Chowk  ↔ Furniture Chowk,A_to_B,7398,653,883,0.74,OK,
2026-07-27 04:30:14,2026-07-27,04:30:14,Monday,4,N,23,Udyan Path: Secretariat Chowk  ↔ Furniture Chowk,B_to_A,7219,643,830,0.775,OK,
2026-07-27 04:30:14,2026-07-27,04:30:14,Monday,4,N,24,Madhya Marg: Sector 17 ↔ Railway Station,A_to_B,7206,707,945,0.748,OK,
2026-07-27 04:30:14,2026-07-27,04:30:14,Monday,4,N,24,Madhya Marg: Sector 17 ↔ Railway Station,B_to_A,6568,752,1029,0.731,OK,
2026-07-27 04:30:14,2026-07-27,04:30:14,Monday,4,N,25,Paschim Marg: Sector 25 ↔ Sector 56,A_to_B,4090,411,535,0.768,OK,
2026-07-27 04:30:15,2026-07-27,04:30:15,Monday,4,N,25,Paschim Marg: Sector 25 ↔ Sector 56,B_to_A,3940,391,493,0.793,OK,
2026-07-27 05:00:01,2026-07-27,05:00:01,Monday,5,N,1,Madhya Marg: PGI Chowk ↔ Housing Board lights,A_to_B,9891,1074,1342,0.8,OK,
2026-07-27 05:00:01,2026-07-27,05:00:01,Monday,5,N,1,Madhya Marg: PGI Chowk ↔ Housing Board lights,B_to_A,8853,964,1223,0.788,OK,
2026-07-27 05:00:02,2026-07-27,05:00:02,Monday,5,N,2,Udyog Path: PU Chowk ↔ Elante Mall,A_to_B,7173,713,1033,0.69,OK,
2026-07-27 05:00:02,2026-07-27,05:00:02,Monday,5,N,2,Udyog Path: PU Chowk ↔ Elante Mall,B_to_A,8051,711,1091,0.652,OK,
2026-07-27 05:00:02,2026-07-27,05:00:02,Monday,5,N,3,Dakshin Marg: Daddu Majra ↔ Hallo Majra Lights,A_to_B,8610,888,1261,0.704,OK,
2026-07-27 05:00:03,2026-07-27,05:00:03,Monday,5,N,3,Dakshin Marg: Daddu Majra ↔ Hallo Majra Lights,B_to_A,9077,1004,1438,0.698,OK,
2026-07-27 05:00:03,2026-07-27,05:00:03,Monday,5,N,4,Shanti Path: Sector 38W ↔ Sector 31 Lights,A_to_B,7418,660,881,0.749,OK,
2026-07-27 05:00:03,2026-07-27,05:00:03,Monday,5,N,4,Shanti Path: Sector 38W ↔ Sector 31 Lights,B_to_A,7590,730,937,0.779,OK,
2026-07-27 05:00:03,2026-07-27,05:00:03,Monday,5,N,5,NH 5: Grain Market ↔ Sector 47 Chowk,A_to_B,7596,744,930,0.8,OK,
2026-07-27 05:00:04,2026-07-27,05:00:04,Monday,5,N,5,NH 5: Grain Market ↔ Sector 47 Chowk,B_to_A,7551,730,972,0.751,OK,
2026-07-27 05:00:04,2026-07-27,05:00:04,Monday,5,N,6,Vigyan Path: PEC Chowk ↔ Golf Club,A_to_B,4491,375,472,0.794,OK,
2026-07-27 05:00:04,2026-07-27,05:00:04,Monday,5,N,6,Vigyan Path: PEC Chowk ↔ Golf Club,B_to_A,4518,414,525,0.789,OK,
2026-07-27 05:00:04,2026-07-27,05:00:04,Monday,5,N,7,Uttar Marg: Sector 2 Chowk ↔ Sukhna Lake,A_to_B,2481,217,274,0.792,OK,
2026-07-27 05:00:05,2026-07-27,05:00:05,Monday,5,N,7,Uttar Marg: Sector 2 Chowk ↔ Sukhna Lake,B_to_A,3144,358,423,0.846,OK,
2026-07-27 05:00:05,2026-07-27,05:00:05,Monday,5,N,8,Madhya Marg: Khudda Lahora ↔ Matka Chowk,A_to_B,4208,455,600,0.758,OK,
2026-07-27 05:00:05,2026-07-27,05:00:05,Monday,5,N,8,Madhya Marg: Khudda Lahora ↔ Matka Chowk,B_to_A,3931,388,529,0.733,OK,
2026-07-27 05:00:05,2026-07-27,05:00:05,Monday,5,N,9,Madhya Marg: GMSH 16 ↔ Kalagram,A_to_B,5231,576,744,0.774,OK,
2026-07-27 05:00:06,2026-07-27,05:00:06,Monday,5,N,9,Madhya Marg: GMSH 16 ↔ Kalagram,B_to_A,5517,571,772,0.74,OK,
2026-07-27 05:00:06,2026-07-27,05:00:06,Monday,5,N,10,Udyog Path: Dhanas ↔ ISBT Sector 17,A_to_B,4785,539,737,0.731,OK,
2026-07-27 05:00:06,2026-07-27,05:00:06,Monday,5,N,10,Udyog Path: Dhanas ↔ ISBT Sector 17,B_to_A,5507,686,919,0.746,OK,
2026-07-27 05:00:07,2026-07-27,05:00:07,Monday,5,N,11,Udyog Path: ISBT Sector 17 ↔ Elante Mall,A_to_B,3274,255,383,0.666,OK,
2026-07-27 05:00:07,2026-07-27,05:00:07,Monday,5,N,11,Udyog Path: ISBT Sector 17 ↔ Elante Mall,B_to_A,3428,318,451,0.705,OK,
2026-07-27 05:00:07,2026-07-27,05:00:07,Monday,5,N,12,Dakshin Marg: DLF Mullanpur ↔ Kisan Bhawan Chowk,A_to_B,6720,634,894,0.709,OK,
2026-07-27 05:00:07,2026-07-27,05:00:07,Monday,5,N,12,Dakshin Marg: DLF Mullanpur ↔ Kisan Bhawan Chowk,B_to_A,7109,704,950,0.741,OK,
2026-07-27 05:00:08,2026-07-27,05:00:08,Monday,5,N,13,Dakshin Marg: Kisan Bhawan Chowk ↔ Airport Chowk,A_to_B,7722,788,1090,0.723,OK,
2026-07-27 05:00:08,2026-07-27,05:00:08,Monday,5,N,13,Dakshin Marg: Kisan Bhawan Chowk ↔ Airport Chowk,B_to_A,7967,812,1138,0.714,OK,
2026-07-27 05:00:08,2026-07-27,05:00:08,Monday,5,N,14,NH 5: Max Hospital ↔ ISBT Sector 43,A_to_B,4206,365,503,0.726,OK,
2026-07-27 05:00:08,2026-07-27,05:00:08,Monday,5,N,14,NH 5: Max Hospital ↔ ISBT Sector 43,B_to_A,5445,472,667,0.708,OK,
2026-07-27 05:00:09,2026-07-27,05:00:09,Monday,5,N,15,Sukhna Path: Golf Club ↔ Cycle Chowk,A_to_B,9030,833,1147,0.726,OK,
2026-07-27 05:00:09,2026-07-27,05:00:09,Monday,5,N,15,Sukhna Path: Golf Club ↔ Cycle Chowk,B_to_A,7321,805,1080,0.745,OK,
2026-07-27 05:00:09,2026-07-27,05:00:09,Monday,5,N,16,Sarovar Path: Sukhna Lake ↔ Burail Jail,A_to_B,7816,773,1066,0.725,OK,
2026-07-27 05:00:09,2026-07-27,05:00:09,Monday,5,N,16,Sarovar Path: Sukhna Lake ↔ Burail Jail,B_to_A,7928,785,1084,0.724,OK,
2026-07-27 05:00:10,2026-07-27,05:00:10,Monday,5,N,17,Himalaya Marg: Rock Garden ↔ ISBT 43,A_to_B,8803,823,1097,0.75,OK,
2026-07-27 05:00:10,2026-07-27,05:00:10,Monday,5,N,17,Himalaya Marg: Rock Garden ↔ ISBT 43,B_to_A,8806,826,1181,0.699,OK,
2026-07-27 05:00:10,2026-07-27,05:00:10,Monday,5,N,18,Jan Marg: High Court ↔ ISBT 17,A_to_B,3334,260,390,0.667,OK,
2026-07-27 05:00:10,2026-07-27,05:00:10,Monday,5,N,18,Jan Marg: High Court ↔ ISBT 17,B_to_A,3132,265,337,0.786,OK,
2026-07-27 05:00:11,2026-07-27,05:00:11,Monday,5,N,19,Jan Marg: ISBT 17 ↔ ISBT 43,A_to_B,4115,403,568,0.71,OK,
2026-07-27 05:00:11,2026-07-27,05:00:11,Monday,5,N,19,Jan Marg: ISBT 17 ↔ ISBT 43,B_to_A,4233,418,579,0.722,OK,
2026-07-27 05:00:11,2026-07-27,05:00:11,Monday,5,N,20,Vidya Path: PGI Chowk ↔ Fountain Chowk,A_to_B,5475,537,714,0.752,OK,
2026-07-27 05:00:12,2026-07-27,05:00:12,Monday,5,N,20,Vidya Path: PGI Chowk ↔ Fountain Chowk,B_to_A,5474,562,716,0.785,OK,
2026-07-27 05:00:12,2026-07-27,05:00:12,Monday,5,N,21,Purv Marg: Tansport Chowk  ↔ Tribune Chowk,A_to_B,2620,312,411,0.759,OK,
2026-07-27 05:00:12,2026-07-27,05:00:12,Monday,5,N,21,Purv Marg: Tansport Chowk  ↔ Tribune Chowk,B_to_A,2611,346,436,0.794,OK,
2026-07-27 05:00:12,2026-07-27,05:00:12,Monday,5,N,22,Chandi Path: Sabzi Mandi Chowk  ↔ GMCH 32,A_to_B,2939,294,414,0.71,OK,
2026-07-27 05:00:13,2026-07-27,05:00:13,Monday,5,N,22,Chandi Path: Sabzi Mandi Chowk  ↔ GMCH 32,B_to_A,2756,287,361,0.795,OK,
2026-07-27 05:00:13,2026-07-27,05:00:13,Monday,5,N,23,Udyan Path: Secretariat Chowk  ↔ Furniture Chowk,A_to_B,7398,657,883,0.744,OK,
2026-07-27 05:00:13,2026-07-27,05:00:13,Monday,5,N,23,Udyan Path: Secretariat Chowk  ↔ Furniture Chowk,B_to_A,7219,652,830,0.786,OK,
2026-07-27 05:00:13,2026-07-27,05:00:13,Monday,5,N,24,Madhya Marg: Sector 17 ↔ Railway Station,A_to_B,7206,705,945,0.746,OK,
2026-07-27 05:00:14,2026-07-27,05:00:14,Monday,5,N,24,Madhya Marg: Sector 17 ↔ Railway Station,B_to_A,7145,765,1105,0.692,OK,
2026-07-27 05:00:14,2026-07-27,05:00:14,Monday,5,N,25,Paschim Marg: Sector 25 ↔ Sector 56,A_to_B,4090,377,535,0.705,OK,
2026-07-27 05:00:14,2026-07-27,05:00:14,Monday,5,N,25,Paschim Marg: Sector 25 ↔ Sector 56,B_to_A,3940,401,493,0.813,OK,
2026-07-27 05:30:02,2026-07-27,05:30:02,Monday,5,N,1,Madhya Marg: PGI Chowk ↔ Housing Board lights,A_to_B,9891,1069,1342,0.797,OK,
2026-07-27 05:30:03,2026-07-27,05:30:03,Monday,5,N,1,Madhya Marg: PGI Chowk ↔ Housing Board lights,B_to_A,8853,959,1223,0.784,OK,
2026-07-27 05:30:03,2026-07-27,05:30:03,Monday,5,N,2,Udyog Path: PU Chowk ↔ Elante Mall,A_to_B,7173,708,1033,0.685,OK,
2026-07-27 05:30:03,2026-07-27,05:30:03,Monday,5,N,2,Udyog Path: PU Chowk ↔ Elante Mall,B_to_A,8051,708,1091,0.649,OK,
2026-07-27 05:30:03,2026-07-27,05:30:03,Monday,5,N,3,Dakshin Marg: Daddu Majra ↔ Hallo Majra Lights,A_to_B,8610,891,1261,0.707,OK,
2026-07-27 05:30:04,2026-07-27,05:30:04,Monday,5,N,3,Dakshin Marg: Daddu Majra ↔ Hallo Majra Lights,B_to_A,9077,977,1438,0.679,OK,
2026-07-27 05:30:04,2026-07-27,05:30:04,Monday,5,N,4,Shanti Path: Sector 38W ↔ Sector 31 Lights,A_to_B,7418,653,881,0.741,OK,
2026-07-27 05:30:04,2026-07-27,05:30:04,Monday,5,N,4,Shanti Path: Sector 38W ↔ Sector 31 Lights,B_to_A,7590,735,937,0.784,OK,
2026-07-27 05:30:05,2026-07-27,05:30:05,Monday,5,N,5,NH 5: Grain Market ↔ Sector 47 Chowk,A_to_B,7596,735,930,0.79,OK,
2026-07-27 05:30:05,2026-07-27,05:30:05,Monday,5,N,5,NH 5: Grain Market ↔ Sector 47 Chowk,B_to_A,7551,736,972,0.757,OK,
2026-07-27 05:30:05,2026-07-27,05:30:05,Monday,5,N,6,Vigyan Path: PEC Chowk ↔ Golf Club,A_to_B,4491,380,472,0.805,OK,
2026-07-27 05:30:05,2026-07-27,05:30:05,Monday,5,N,6,Vigyan Path: PEC Chowk ↔ Golf Club,B_to_A,4518,413,525,0.787,OK,
2026-07-27 05:30:06,2026-07-27,05:30:06,Monday,5,N,7,Uttar Marg: Sector 2 Chowk ↔ Sukhna Lake,A_to_B,2481,218,274,0.796,OK,
2026-07-27 05:30:06,2026-07-27,05:30:06,Monday,5,N,7,Uttar Marg: Sector 2 Chowk ↔ Sukhna Lake,B_to_A,3144,349,423,0.825,OK,
2026-07-27 05:30:06,2026-07-27,05:30:06,Monday,5,N,8,Madhya Marg: Khudda Lahora ↔ Matka Chowk,A_to_B,4208,448,600,0.747,OK,
2026-07-27 05:30:06,2026-07-27,05:30:06,Monday,5,N,8,Madhya Marg: Khudda Lahora ↔ Matka Chowk,B_to_A,3931,382,529,0.722,OK,
2026-07-27 05:30:07,2026-07-27,05:30:07,Monday,5,N,9,Madhya Marg: GMSH 16 ↔ Kalagram,A_to_B,5231,572,744,0.769,OK,
2026-07-27 05:30:07,2026-07-27,05:30:07,Monday,5,N,9,Madhya Marg: GMSH 16 ↔ Kalagram,B_to_A,5517,563,772,0.729,OK,
2026-07-27 05:30:07,2026-07-27,05:30:07,Monday,5,N,10,Udyog Path: Dhanas ↔ ISBT Sector 17,A_to_B,4785,542,737,0.735,OK,
2026-07-27 05:30:07,2026-07-27,05:30:07,Monday,5,N,10,Udyog Path: Dhanas ↔ ISBT Sector 17,B_to_A,5507,717,919,0.78,OK,
2026-07-27 05:30:08,2026-07-27,05:30:08,Monday,5,N,11,Udyog Path: ISBT Sector 17 ↔ Elante Mall,A_to_B,3274,251,383,0.655,OK,
2026-07-27 05:30:08,2026-07-27,05:30:08,Monday,5,N,11,Udyog Path: ISBT Sector 17 ↔ Elante Mall,B_to_A,3428,311,451,0.69,OK,
2026-07-27 05:30:08,2026-07-27,05:30:08,Monday,5,N,12,Dakshin Marg: DLF Mullanpur ↔ Kisan Bhawan Chowk,A_to_B,6720,622,894,0.696,OK,
2026-07-27 05:30:08,2026-07-27,05:30:08,Monday,5,N,12,Dakshin Marg: DLF Mullanpur ↔ Kisan Bhawan Chowk,B_to_A,7109,691,950,0.727,OK,
2026-07-27 05:30:09,2026-07-27,05:30:09,Monday,5,N,13,Dakshin Marg: Kisan Bhawan Chowk ↔ Airport Chowk,A_to_B,7722,793,1090,0.728,OK,
2026-07-27 05:30:09,2026-07-27,05:30:09,Monday,5,N,13,Dakshin Marg: Kisan Bhawan Chowk ↔ Airport Chowk,B_to_A,7967,798,1138,0.701,OK,
2026-07-27 05:30:09,2026-07-27,05:30:09,Monday,5,N,14,NH 5: Max Hospital ↔ ISBT Sector 43,A_to_B,4206,347,503,0.69,OK,
2026-07-27 05:30:10,2026-07-27,05:30:10,Monday,5,N,14,NH 5: Max Hospital ↔ ISBT Sector 43,B_to_A,5445,487,667,0.73,OK,
2026-07-27 05:30:10,2026-07-27,05:30:10,Monday,5,N,15,Sukhna Path: Golf Club ↔ Cycle Chowk,A_to_B,9001,843,1154,0.731,OK,
2026-07-27 05:30:10,2026-07-27,05:30:10,Monday,5,N,15,Sukhna Path: Golf Club ↔ Cycle Chowk,B_to_A,7321,785,1080,0.727,OK,
2026-07-27 05:30:10,2026-07-27,05:30:10,Monday,5,N,16,Sarovar Path: Sukhna Lake ↔ Burail Jail,A_to_B,7816,773,1066,0.725,OK,
2026-07-27 05:30:11,2026-07-27,05:30:11,Monday,5,N,16,Sarovar Path: Sukhna Lake ↔ Burail Jail,B_to_A,7928,797,1084,0.735,OK,
2026-07-27 05:30:11,2026-07-27,05:30:11,Monday,5,N,17,Himalaya Marg: Rock Garden ↔ ISBT 43,A_to_B,8803,793,1097,0.723,OK,
2026-07-27 05:30:11,2026-07-27,05:30:11,Monday,5,N,17,Himalaya Marg: Rock Garden ↔ ISBT 43,B_to_A,8958,837,1128,0.742,OK,
2026-07-27 05:30:11,2026-07-27,05:30:11,Monday,5,N,18,Jan Marg: High Court ↔ ISBT 17,A_to_B,3334,259,390,0.664,OK,
2026-07-27 05:30:12,2026-07-27,05:30:12,Monday,5,N,18,Jan Marg: High Court ↔ ISBT 17,B_to_A,3132,265,337,0.786,OK,
2026-07-27 05:30:12,2026-07-27,05:30:12,Monday,5,N,19,Jan Marg: ISBT 17 ↔ ISBT 43,A_to_B,4115,396,568,0.697,OK,
2026-07-27 05:30:12,2026-07-27,05:30:12,Monday,5,N,19,Jan Marg: ISBT 17 ↔ ISBT 43,B_to_A,4233,416,579,0.718,OK,
2026-07-27 05:30:12,2026-07-27,05:30:12,Monday,5,N,20,Vidya Path: PGI Chowk ↔ Fountain Chowk,A_to_B,5475,549,714,0.769,OK,
2026-07-27 05:30:13,2026-07-27,05:30:13,Monday,5,N,20,Vidya Path: PGI Chowk ↔ Fountain Chowk,B_to_A,5474,568,716,0.793,OK,
2026-07-27 05:30:13,2026-07-27,05:30:13,Monday,5,N,21,Purv Marg: Tansport Chowk  ↔ Tribune Chowk,A_to_B,2620,337,411,0.82,OK,
2026-07-27 05:30:13,2026-07-27,05:30:13,Monday,5,N,21,Purv Marg: Tansport Chowk  ↔ Tribune Chowk,B_to_A,2611,359,436,0.823,OK,
2026-07-27 05:30:13,2026-07-27,05:30:13,Monday,5,N,22,Chandi Path: Sabzi Mandi Chowk  ↔ GMCH 32,A_to_B,2939,291,414,0.703,OK,
2026-07-27 05:30:14,2026-07-27,05:30:14,Monday,5,N,22,Chandi Path: Sabzi Mandi Chowk  ↔ GMCH 32,B_to_A,2756,300,361,0.831,OK,
2026-07-27 05:30:14,2026-07-27,05:30:14,Monday,5,N,23,Udyan Path: Secretariat Chowk  ↔ Furniture Chowk,A_to_B,7398,643,883,0.728,OK,
2026-07-27 05:30:14,2026-07-27,05:30:14,Monday,5,N,23,Udyan Path: Secretariat Chowk  ↔ Furniture Chowk,B_to_A,7219,642,830,0.773,OK,
2026-07-27 05:30:14,2026-07-27,05:30:14,Monday,5,N,24,Madhya Marg: Sector 17 ↔ Railway Station,A_to_B,7206,719,945,0.761,OK,
2026-07-27 05:30:15,2026-07-27,05:30:15,Monday,5,N,24,Madhya Marg: Sector 17 ↔ Railway Station,B_to_A,6568,745,1029,0.724,OK,
2026-07-27 05:30:15,2026-07-27,05:30:15,Monday,5,N,25,Paschim Marg: Sector 25 ↔ Sector 56,A_to_B,4090,397,535,0.742,OK,
2026-07-27 05:30:15,2026-07-27,05:30:15,Monday,5,N,25,Paschim Marg: Sector 25 ↔ Sector 56,B_to_A,3940,388,493,0.787,OK,
2026-07-27 06:00:02,2026-07-27,06:00:02,Monday,6,N,1,Madhya Marg: PGI Chowk ↔ Housing Board lights,A_to_B,9891,1066,1342,0.794,OK,
2026-07-27 06:00:02,2026-07-27,06:00:02,Monday,6,N,1,Madhya Marg: PGI Chowk ↔ Housing Board lights,B_to_A,8853,990,1223,0.809,OK,
2026-07-27 06:00:02,2026-07-27,06:00:02,Monday,6,N,2,Udyog Path: PU Chowk ↔ Elante Mall,A_to_B,7173,689,1033,0.667,OK,
2026-07-27 06:00:03,2026-07-27,06:00:03,Monday,6,N,2,Udyog Path: PU Chowk ↔ Elante Mall,B_to_A,8051,708,1091,0.649,OK,
2026-07-27 06:00:03,2026-07-27,06:00:03,Monday,6,N,3,Dakshin Marg: Daddu Majra ↔ Hallo Majra Lights,A_to_B,8610,890,1261,0.706,OK,
2026-07-27 06:00:03,2026-07-27,06:00:03,Monday,6,N,3,Dakshin Marg: Daddu Majra ↔ Hallo Majra Lights,B_to_A,9077,1006,1438,0.7,OK,
2026-07-27 06:00:04,2026-07-27,06:00:04,Monday,6,N,4,Shanti Path: Sector 38W ↔ Sector 31 Lights,A_to_B,7418,668,881,0.758,OK,
2026-07-27 06:00:04,2026-07-27,06:00:04,Monday,6,N,4,Shanti Path: Sector 38W ↔ Sector 31 Lights,B_to_A,7590,756,937,0.807,OK,
2026-07-27 06:00:04,2026-07-27,06:00:04,Monday,6,N,5,NH 5: Grain Market ↔ Sector 47 Chowk,A_to_B,7596,725,930,0.78,OK,
2026-07-27 06:00:04,2026-07-27,06:00:04,Monday,6,N,5,NH 5: Grain Market ↔ Sector 47 Chowk,B_to_A,7551,731,972,0.752,OK,
2026-07-27 06:00:05,2026-07-27,06:00:05,Monday,6,N,6,Vigyan Path: PEC Chowk ↔ Golf Club,A_to_B,4491,384,472,0.814,OK,
2026-07-27 06:00:05,2026-07-27,06:00:05,Monday,6,N,6,Vigyan Path: PEC Chowk ↔ Golf Club,B_to_A,4518,409,525,0.779,OK,
2026-07-27 06:00:05,2026-07-27,06:00:05,Monday,6,N,7,Uttar Marg: Sector 2 Chowk ↔ Sukhna Lake,A_to_B,2481,227,274,0.828,OK,
2026-07-27 06:00:05,2026-07-27,06:00:05,Monday,6,N,7,Uttar Marg: Sector 2 Chowk ↔ Sukhna Lake,B_to_A,3144,364,423,0.861,OK,
2026-07-27 06:00:06,2026-07-27,06:00:06,Monday,6,N,8,Madhya Marg: Khudda Lahora ↔ Matka Chowk,A_to_B,4208,466,600,0.777,OK,
2026-07-27 06:00:06,2026-07-27,06:00:06,Monday,6,N,8,Madhya Marg: Khudda Lahora ↔ Matka Chowk,B_to_A,3931,390,529,0.737,OK,
2026-07-27 06:00:06,2026-07-27,06:00:06,Monday,6,N,9,Madhya Marg: GMSH 16 ↔ Kalagram,A_to_B,5231,575,744,0.773,OK,
2026-07-27 06:00:06,2026-07-27,06:00:06,Monday,6,N,9,Madhya Marg: GMSH 16 ↔ Kalagram,B_to_A,5517,583,772,0.755,OK,
2026-07-27 06:00:07,2026-07-27,06:00:07,Monday,6,N,10,Udyog Path: Dhanas ↔ ISBT Sector 17,A_to_B,4785,550,737,0.746,OK,
2026-07-27 06:00:07,2026-07-27,06:00:07,Monday,6,N,10,Udyog Path: Dhanas ↔ ISBT Sector 17,B_to_A,5507,696,919,0.757,OK,
2026-07-27 06:00:07,2026-07-27,06:00:07,Monday,6,N,11,Udyog Path: ISBT Sector 17 ↔ Elante Mall,A_to_B,3274,245,383,0.64,OK,
2026-07-27 06:00:07,2026-07-27,06:00:07,Monday,6,N,11,Udyog Path: ISBT Sector 17 ↔ Elante Mall,B_to_A,3428,318,451,0.705,OK,
2026-07-27 06:00:08,2026-07-27,06:00:08,Monday,6,N,12,Dakshin Marg: DLF Mullanpur ↔ Kisan Bhawan Chowk,A_to_B,6720,626,894,0.7,OK,
2026-07-27 06:00:08,2026-07-27,06:00:08,Monday,6,N,12,Dakshin Marg: DLF Mullanpur ↔ Kisan Bhawan Chowk,B_to_A,7109,696,950,0.733,OK,
2026-07-27 06:00:08,2026-07-27,06:00:08,Monday,6,N,13,Dakshin Marg: Kisan Bhawan Chowk ↔ Airport Chowk,A_to_B,7722,816,1090,0.749,OK,
2026-07-27 06:00:08,2026-07-27,06:00:08,Monday,6,N,13,Dakshin Marg: Kisan Bhawan Chowk ↔ Airport Chowk,B_to_A,7967,819,1138,0.72,OK,
2026-07-27 06:00:09,2026-07-27,06:00:09,Monday,6,N,14,NH 5: Max Hospital ↔ ISBT Sector 43,A_to_B,4206,336,503,0.668,OK,
2026-07-27 06:00:09,2026-07-27,06:00:09,Monday,6,N,14,NH 5: Max Hospital ↔ ISBT Sector 43,B_to_A,5445,484,667,0.726,OK,
2026-07-27 06:00:09,2026-07-27,06:00:09,Monday,6,N,15,Sukhna Path: Golf Club ↔ Cycle Chowk,A_to_B,9030,844,1147,0.736,OK,
2026-07-27 06:00:10,2026-07-27,06:00:10,Monday,6,N,15,Sukhna Path: Golf Club ↔ Cycle Chowk,B_to_A,7321,820,1080,0.759,OK,
2026-07-27 06:00:10,2026-07-27,06:00:10,Monday,6,N,16,Sarovar Path: Sukhna Lake ↔ Burail Jail,A_to_B,7816,753,1066,0.706,OK,
2026-07-27 06:00:10,2026-07-27,06:00:10,Monday,6,N,16,Sarovar Path: Sukhna Lake ↔ Burail Jail,B_to_A,7928,801,1084,0.739,OK,
2026-07-27 06:00:10,2026-07-27,06:00:10,Monday,6,N,17,Himalaya Marg: Rock Garden ↔ ISBT 43,A_to_B,8803,804,1097,0.733,OK,
2026-07-27 06:00:11,2026-07-27,06:00:11,Monday,6,N,17,Himalaya Marg: Rock Garden ↔ ISBT 43,B_to_A,8806,856,1181,0.725,OK,
2026-07-27 06:00:11,2026-07-27,06:00:11,Monday,6,N,18,Jan Marg: High Court ↔ ISBT 17,A_to_B,3334,260,390,0.667,OK,
2026-07-27 06:00:11,2026-07-27,06:00:11,Monday,6,N,18,Jan Marg: High Court ↔ ISBT 17,B_to_A,3132,268,337,0.795,OK,
2026-07-27 06:00:11,2026-07-27,06:00:11,Monday,6,N,19,Jan Marg: ISBT 17 ↔ ISBT 43,A_to_B,4115,410,568,0.722,OK,
2026-07-27 06:00:12,2026-07-27,06:00:12,Monday,6,N,19,Jan Marg: ISBT 17 ↔ ISBT 43,B_to_A,4233,424,579,0.732,OK,
2026-07-27 06:00:12,2026-07-27,06:00:12,Monday,6,N,20,Vidya Path: PGI Chowk ↔ Fountain Chowk,A_to_B,5475,534,714,0.748,OK,
2026-07-27 06:00:12,2026-07-27,06:00:12,Monday,6,N,20,Vidya Path: PGI Chowk ↔ Fountain Chowk,B_to_A,5474,566,716,0.791,OK,
2026-07-27 06:00:12,2026-07-27,06:00:12,Monday,6,N,21,Purv Marg: Tansport Chowk  ↔ Tribune Chowk,A_to_B,2620,322,411,0.783,OK,
2026-07-27 06:00:13,2026-07-27,06:00:13,Monday,6,N,21,Purv Marg: Tansport Chowk  ↔ Tribune Chowk,B_to_A,2611,361,436,0.828,OK,
2026-07-27 06:00:13,2026-07-27,06:00:13,Monday,6,N,22,Chandi Path: Sabzi Mandi Chowk  ↔ GMCH 32,A_to_B,2939,293,414,0.708,OK,
2026-07-27 06:00:13,2026-07-27,06:00:13,Monday,6,N,22,Chandi Path: Sabzi Mandi Chowk  ↔ GMCH 32,B_to_A,2756,302,361,0.837,OK,
2026-07-27 06:00:13,2026-07-27,06:00:13,Monday,6,N,23,Udyan Path: Secretariat Chowk  ↔ Furniture Chowk,A_to_B,7398,667,883,0.755,OK,
2026-07-27 06:00:14,2026-07-27,06:00:14,Monday,6,N,23,Udyan Path: Secretariat Chowk  ↔ Furniture Chowk,B_to_A,7219,649,830,0.782,OK,
2026-07-27 06:00:14,2026-07-27,06:00:14,Monday,6,N,24,Madhya Marg: Sector 17 ↔ Railway Station,A_to_B,7206,715,945,0.757,OK,
2026-07-27 06:00:14,2026-07-27,06:00:14,Monday,6,N,24,Madhya Marg: Sector 17 ↔ Railway Station,B_to_A,6568,766,1029,0.744,OK,
2026-07-27 06:00:14,2026-07-27,06:00:14,Monday,6,N,25,Paschim Marg: Sector 25 ↔ Sector 56,A_to_B,4090,396,535,0.74,OK,
2026-07-27 06:00:15,2026-07-27,06:00:15,Monday,6,N,25,Paschim Marg: Sector 25 ↔ Sector 56,B_to_A,3940,390,493,0.791,OK,
2026-07-27 06:30:01,2026-07-27,06:30:01,Monday,6,N,1,Madhya Marg: PGI Chowk ↔ Housing Board lights,A_to_B,9891,1062,1342,0.791,OK,
2026-07-27 06:30:01,2026-07-27,06:30:01,Monday,6,N,1,Madhya Marg: PGI Chowk ↔ Housing Board lights,B_to_A,8853,1010,1223,0.826,OK,
2026-07-27 06:30:02,2026-07-27,06:30:02,Monday,6,N,2,Udyog Path: PU Chowk ↔ Elante Mall,A_to_B,7173,732,1033,0.709,OK,
2026-07-27 06:30:02,2026-07-27,06:30:02,Monday,6,N,2,Udyog Path: PU Chowk ↔ Elante Mall,B_to_A,8051,719,1091,0.659,OK,
2026-07-27 06:30:02,2026-07-27,06:30:02,Monday,6,N,3,Dakshin Marg: Daddu Majra ↔ Hallo Majra Lights,A_to_B,8610,907,1261,0.719,OK,
2026-07-27 06:30:03,2026-07-27,06:30:03,Monday,6,N,3,Dakshin Marg: Daddu Majra ↔ Hallo Majra Lights,B_to_A,9077,1027,1438,0.714,OK,
2026-07-27 06:30:03,2026-07-27,06:30:03,Monday,6,N,4,Shanti Path: Sector 38W ↔ Sector 31 Lights,A_to_B,7418,701,881,0.796,OK,
2026-07-27 06:30:03,2026-07-27,06:30:03,Monday,6,N,4,Shanti Path: Sector 38W ↔ Sector 31 Lights,B_to_A,7590,769,937,0.821,OK,
2026-07-27 06:30:03,2026-07-27,06:30:03,Monday,6,N,5,NH 5: Grain Market ↔ Sector 47 Chowk,A_to_B,7596,778,930,0.837,OK,
2026-07-27 06:30:04,2026-07-27,06:30:04,Monday,6,N,5,NH 5: Grain Market ↔ Sector 47 Chowk,B_to_A,7551,768,972,0.79,OK,
2026-07-27 06:30:04,2026-07-27,06:30:04,Monday,6,N,6,Vigyan Path: PEC Chowk ↔ Golf Club,A_to_B,4491,385,472,0.816,OK,
2026-07-27 06:30:04,2026-07-27,06:30:04,Monday,6,N,6,Vigyan Path: PEC Chowk ↔ Golf Club,B_to_A,4518,425,525,0.81,OK,
2026-07-27 06:30:04,2026-07-27,06:30:04,Monday,6,N,7,Uttar Marg: Sector 2 Chowk ↔ Sukhna Lake,A_to_B,2481,224,274,0.818,OK,
2026-07-27 06:30:05,2026-07-27,06:30:05,Monday,6,N,7,Uttar Marg: Sector 2 Chowk ↔ Sukhna Lake,B_to_A,3144,363,423,0.858,OK,
2026-07-27 06:30:05,2026-07-27,06:30:05,Monday,6,N,8,Madhya Marg: Khudda Lahora ↔ Matka Chowk,A_to_B,4208,476,600,0.793,OK,
2026-07-27 06:30:05,2026-07-27,06:30:05,Monday,6,N,8,Madhya Marg: Khudda Lahora ↔ Matka Chowk,B_to_A,3931,409,529,0.773,OK,
2026-07-27 06:30:05,2026-07-27,06:30:05,Monday,6,N,9,Madhya Marg: GMSH 16 ↔ Kalagram,A_to_B,5231,569,744,0.765,OK,
2026-07-27 06:30:06,2026-07-27,06:30:06,Monday,6,N,9,Madhya Marg: GMSH 16 ↔ Kalagram,B_to_A,5517,600,772,0.777,OK,
2026-07-27 06:30:06,2026-07-27,06:30:06,Monday,6,N,10,Udyog Path: Dhanas ↔ ISBT Sector 17,A_to_B,4785,557,737,0.756,OK,
2026-07-27 06:30:06,2026-07-27,06:30:06,Monday,6,N,10,Udyog Path: Dhanas ↔ ISBT Sector 17,B_to_A,5507,683,919,0.743,OK,
2026-07-27 06:30:06,2026-07-27,06:30:06,Monday,6,N,11,Udyog Path: ISBT Sector 17 ↔ Elante Mall,A_to_B,3274,247,383,0.645,OK,
2026-07-27 06:30:07,2026-07-27,06:30:07,Monday,6,N,11,Udyog Path: ISBT Sector 17 ↔ Elante Mall,B_to_A,3428,318,451,0.705,OK,
2026-07-27 06:30:07,2026-07-27,06:30:07,Monday,6,N,12,Dakshin Marg: DLF Mullanpur ↔ Kisan Bhawan Chowk,A_to_B,6720,657,894,0.735,OK,
2026-07-27 06:30:07,2026-07-27,06:30:07,Monday,6,N,12,Dakshin Marg: DLF Mullanpur ↔ Kisan Bhawan Chowk,B_to_A,7109,696,950,0.733,OK,
2026-07-27 06:30:07,2026-07-27,06:30:07,Monday,6,N,13,Dakshin Marg: Kisan Bhawan Chowk ↔ Airport Chowk,A_to_B,7722,799,1090,0.733,OK,
2026-07-27 06:30:08,2026-07-27,06:30:08,Monday,6,N,13,Dakshin Marg: Kisan Bhawan Chowk ↔ Airport Chowk,B_to_A,7967,829,1138,0.728,OK,
2026-07-27 06:30:08,2026-07-27,06:30:08,Monday,6,N,14,NH 5: Max Hospital ↔ ISBT Sector 43,A_to_B,4206,376,503,0.748,OK,
2026-07-27 06:30:08,2026-07-27,06:30:08,Monday,6,N,14,NH 5: Max Hospital ↔ ISBT Sector 43,B_to_A,5445,500,667,0.75,OK,
2026-07-27 06:30:09,2026-07-27,06:30:09,Monday,6,N,15,Sukhna Path: Golf Club ↔ Cycle Chowk,A_to_B,9001,857,1154,0.743,OK,
2026-07-27 06:30:09,2026-07-27,06:30:09,Monday,6,N,15,Sukhna Path: Golf Club ↔ Cycle Chowk,B_to_A,7321,826,1080,0.765,OK,
2026-07-27 06:30:09,2026-07-27,06:30:09,Monday,6,N,16,Sarovar Path: Sukhna Lake ↔ Burail Jail,A_to_B,7816,769,1066,0.721,OK,
2026-07-27 06:30:09,2026-07-27,06:30:09,Monday,6,N,16,Sarovar Path: Sukhna Lake ↔ Burail Jail,B_to_A,7928,823,1084,0.759,OK,
2026-07-27 06:30:10,2026-07-27,06:30:10,Monday,6,N,17,Himalaya Marg: Rock Garden ↔ ISBT 43,A_to_B,8803,832,1097,0.758,OK,
2026-07-27 06:30:10,2026-07-27,06:30:10,Monday,6,N,17,Himalaya Marg: Rock Garden ↔ ISBT 43,B_to_A,8806,859,1181,0.727,OK,
2026-07-27 06:30:10,2026-07-27,06:30:10,Monday,6,N,18,Jan Marg: High Court ↔ ISBT 17,A_to_B,3334,266,390,0.682,OK,
2026-07-27 06:30:10,2026-07-27,06:30:10,Monday,6,N,18,Jan Marg: High Court ↔ ISBT 17,B_to_A,3132,276,337,0.819,OK,
2026-07-27 06:30:11,2026-07-27,06:30:11,Monday,6,N,19,Jan Marg: ISBT 17 ↔ ISBT 43,A_to_B,4115,452,568,0.796,OK,
2026-07-27 06:30:11,2026-07-27,06:30:11,Monday,6,N,19,Jan Marg: ISBT 17 ↔ ISBT 43,B_to_A,4239,421,612,0.688,OK,
2026-07-27 06:30:11,2026-07-27,06:30:11,Monday,6,N,20,Vidya Path: PGI Chowk ↔ Fountain Chowk,A_to_B,5475,553,714,0.775,OK,
2026-07-27 06:30:11,2026-07-27,06:30:11,Monday,6,N,20,Vidya Path: PGI Chowk ↔ Fountain Chowk,B_to_A,5474,574,716,0.802,OK,
2026-07-27 06:30:12,2026-07-27,06:30:12,Monday,6,N,21,Purv Marg: Tansport Chowk  ↔ Tribune Chowk,A_to_B,2620,345,411,0.839,OK,
2026-07-27 06:30:12,2026-07-27,06:30:12,Monday,6,N,21,Purv Marg: Tansport Chowk  ↔ Tribune Chowk,B_to_A,2611,375,436,0.86,OK,
2026-07-27 06:30:12,2026-07-27,06:30:12,Monday,6,N,22,Chandi Path: Sabzi Mandi Chowk  ↔ GMCH 32,A_to_B,2939,291,414,0.703,OK,
2026-07-27 06:30:12,2026-07-27,06:30:12,Monday,6,N,22,Chandi Path: Sabzi Mandi Chowk  ↔ GMCH 32,B_to_A,2756,304,361,0.842,OK,
2026-07-27 06:30:13,2026-07-27,06:30:13,Monday,6,N,23,Udyan Path: Secretariat Chowk  ↔ Furniture Chowk,A_to_B,7398,666,883,0.754,OK,
2026-07-27 06:30:13,2026-07-27,06:30:13,Monday,6,N,23,Udyan Path: Secretariat Chowk  ↔ Furniture Chowk,B_to_A,7219,665,830,0.801,OK,
2026-07-27 06:30:13,2026-07-27,06:30:13,Monday,6,N,24,Madhya Marg: Sector 17 ↔ Railway Station,A_to_B,7206,746,945,0.789,OK,
2026-07-27 06:30:13,2026-07-27,06:30:13,Monday,6,N,24,Madhya Marg: Sector 17 ↔ Railway Station,B_to_A,6568,818,1029,0.795,OK,
2026-07-27 06:30:14,2026-07-27,06:30:14,Monday,6,N,25,Paschim Marg: Sector 25 ↔ Sector 56,A_to_B,4090,429,535,0.802,OK,
2026-07-27 06:30:14,2026-07-27,06:30:14,Monday,6,N,25,Paschim Marg: Sector 25 ↔ Sector 56,B_to_A,3940,399,493,0.809,OK,
2026-07-27 07:00:01,2026-07-27,07:00:01,Monday,7,N,1,Madhya Marg: PGI Chowk ↔ Housing Board lights,A_to_B,11756,1140,1347,0.846,OK,
2026-07-27 07:00:02,2026-07-27,07:00:02,Monday,7,N,1,Madhya Marg: PGI Chowk ↔ Housing Board lights,B_to_A,8853,1045,1223,0.854,OK,
2026-07-27 07:00:02,2026-07-27,07:00:02,Monday,7,N,2,Udyog Path: PU Chowk ↔ Elante Mall,A_to_B,7173,769,1033,0.744,OK,
2026-07-27 07:00:02,2026-07-27,07:00:02,Monday,7,N,2,Udyog Path: PU Chowk ↔ Elante Mall,B_to_A,8051,759,1091,0.696,OK,
2026-07-27 07:00:02,2026-07-27,07:00:02,Monday,7,N,3,Dakshin Marg: Daddu Majra ↔ Hallo Majra Lights,A_to_B,8610,991,1261,0.786,OK,
2026-07-27 07:00:03,2026-07-27,07:00:03,Monday,7,N,3,Dakshin Marg: Daddu Majra ↔ Hallo Majra Lights,B_to_A,9077,1094,1438,0.761,OK,
2026-07-27 07:00:03,2026-07-27,07:00:03,Monday,7,N,4,Shanti Path: Sector 38W ↔ Sector 31 Lights,A_to_B,7418,747,881,0.848,OK,
2026-07-27 07:00:03,2026-07-27,07:00:03,Monday,7,N,4,Shanti Path: Sector 38W ↔ Sector 31 Lights,B_to_A,7590,806,937,0.86,OK,
2026-07-27 07:00:04,2026-07-27,07:00:04,Monday,7,N,5,NH 5: Grain Market ↔ Sector 47 Chowk,A_to_B,7596,804,930,0.865,OK,
2026-07-27 07:00:04,2026-07-27,07:00:04,Monday,7,N,5,NH 5: Grain Market ↔ Sector 47 Chowk,B_to_A,7551,812,972,0.835,OK,
2026-07-27 07:00:04,2026-07-27,07:00:04,Monday,7,N,6,Vigyan Path: PEC Chowk ↔ Golf Club,A_to_B,4491,390,472,0.826,OK,
2026-07-27 07:00:04,2026-07-27,07:00:04,Monday,7,N,6,Vigyan Path: PEC Chowk ↔ Golf Club,B_to_A,4518,429,525,0.817,OK,
2026-07-27 07:00:05,2026-07-27,07:00:05,Monday,7,N,7,Uttar Marg: Sector 2 Chowk ↔ Sukhna Lake,A_to_B,2481,224,274,0.818,OK,
2026-07-27 07:00:05,2026-07-27,07:00:05,Monday,7,N,7,Uttar Marg: Sector 2 Chowk ↔ Sukhna Lake,B_to_A,3144,383,423,0.905,OK,
2026-07-27 07:00:05,2026-07-27,07:00:05,Monday,7,N,8,Madhya Marg: Khudda Lahora ↔ Matka Chowk,A_to_B,4208,516,600,0.86,OK,
2026-07-27 07:00:05,2026-07-27,07:00:05,Monday,7,N,8,Madhya Marg: Khudda Lahora ↔ Matka Chowk,B_to_A,3931,427,529,0.807,OK,
2026-07-27 07:00:06,2026-07-27,07:00:06,Monday,7,N,9,Madhya Marg: GMSH 16 ↔ Kalagram,A_to_B,5231,596,744,0.801,OK,
2026-07-27 07:00:06,2026-07-27,07:00:06,Monday,7,N,9,Madhya Marg: GMSH 16 ↔ Kalagram,B_to_A,5517,611,772,0.791,OK,
2026-07-27 07:00:06,2026-07-27,07:00:06,Monday,7,N,10,Udyog Path: Dhanas ↔ ISBT Sector 17,A_to_B,4785,586,737,0.795,OK,
2026-07-27 07:00:06,2026-07-27,07:00:06,Monday,7,N,10,Udyog Path: Dhanas ↔ ISBT Sector 17,B_to_A,5507,678,919,0.738,OK,
2026-07-27 07:00:07,2026-07-27,07:00:07,Monday,7,N,11,Udyog Path: ISBT Sector 17 ↔ Elante Mall,A_to_B,3274,257,383,0.671,OK,
2026-07-27 07:00:07,2026-07-27,07:00:07,Monday,7,N,11,Udyog Path: ISBT Sector 17 ↔ Elante Mall,B_to_A,3428,322,451,0.714,OK,
2026-07-27 07:00:07,2026-07-27,07:00:07,Monday,7,N,12,Dakshin Marg: DLF Mullanpur ↔ Kisan Bhawan Chowk,A_to_B,6720,725,894,0.811,OK,
2026-07-27 07:00:07,2026-07-27,07:00:07,Monday,7,N,12,Dakshin Marg: DLF Mullanpur ↔ Kisan Bhawan Chowk,B_to_A,7109,753,950,0.793,OK,
2026-07-27 07:00:08,2026-07-27,07:00:08,Monday,7,N,13,Dakshin Marg: Kisan Bhawan Chowk ↔ Airport Chowk,A_to_B,7722,843,1090,0.773,OK,
2026-07-27 07:00:08,2026-07-27,07:00:08,Monday,7,N,13,Dakshin Marg: Kisan Bhawan Chowk ↔ Airport Chowk,B_to_A,7967,862,1138,0.757,OK,
2026-07-27 07:00:08,2026-07-27,07:00:08,Monday,7,N,14,NH 5: Max Hospital ↔ ISBT Sector 43,A_to_B,4206,386,503,0.767,OK,
2026-07-27 07:00:09,2026-07-27,07:00:09,Monday,7,N,14,NH 5: Max Hospital ↔ ISBT Sector 43,B_to_A,5445,521,667,0.781,OK,
2026-07-27 07:00:09,2026-07-27,07:00:09,Monday,7,N,15,Sukhna Path: Golf Club ↔ Cycle Chowk,A_to_B,9001,889,1154,0.77,OK,
2026-07-27 07:00:09,2026-07-27,07:00:09,Monday,7,N,15,Sukhna Path: Golf Club ↔ Cycle Chowk,B_to_A,7321,865,1080,0.801,OK,
2026-07-27 07:00:09,2026-07-27,07:00:09,Monday,7,N,16,Sarovar Path: Sukhna Lake ↔ Burail Jail,A_to_B,7816,796,1066,0.747,OK,
2026-07-27 07:00:10,2026-07-27,07:00:10,Monday,7,N,16,Sarovar Path: Sukhna Lake ↔ Burail Jail,B_to_A,7928,855,1084,0.789,OK,
2026-07-27 07:00:10,2026-07-27,07:00:10,Monday,7,N,17,Himalaya Marg: Rock Garden ↔ ISBT 43,A_to_B,8803,857,1097,0.781,OK,
2026-07-27 07:00:10,2026-07-27,07:00:10,Monday,7,N,17,Himalaya Marg: Rock Garden ↔ ISBT 43,B_to_A,8806,903,1181,0.765,OK,
2026-07-27 07:00:10,2026-07-27,07:00:10,Monday,7,N,18,Jan Marg: High Court ↔ ISBT 17,A_to_B,3333,283,390,0.726,OK,
2026-07-27 07:00:11,2026-07-27,07:00:11,Monday,7,N,18,Jan Marg: High Court ↔ ISBT 17,B_to_A,3132,273,337,0.81,OK,
2026-07-27 07:00:11,2026-07-27,07:00:11,Monday,7,N,19,Jan Marg: ISBT 17 ↔ ISBT 43,A_to_B,4115,447,568,0.787,OK,
2026-07-27 07:00:11,2026-07-27,07:00:11,Monday,7,N,19,Jan Marg: ISBT 17 ↔ ISBT 43,B_to_A,4233,477,579,0.824,OK,
2026-07-27 07:00:11,2026-07-27,07:00:11,Monday,7,N,20,Vidya Path: PGI Chowk ↔ Fountain Chowk,A_to_B,5475,575,714,0.805,OK,
2026-07-27 07:00:12,2026-07-27,07:00:12,Monday,7,N,20,Vidya Path: PGI Chowk ↔ Fountain Chowk,B_to_A,5474,599,716,0.837,OK,
2026-07-27 07:00:12,2026-07-27,07:00:12,Monday,7,N,21,Purv Marg: Tansport Chowk  ↔ Tribune Chowk,A_to_B,2620,353,411,0.859,OK,
2026-07-27 07:00:12,2026-07-27,07:00:12,Monday,7,N,21,Purv Marg: Tansport Chowk  ↔ Tribune Chowk,B_to_A,2611,371,436,0.851,OK,
2026-07-27 07:00:12,2026-07-27,07:00:12,Monday,7,N,22,Chandi Path: Sabzi Mandi Chowk  ↔ GMCH 32,A_to_B,2939,318,414,0.768,OK,
2026-07-27 07:00:13,2026-07-27,07:00:13,Monday,7,N,22,Chandi Path: Sabzi Mandi Chowk  ↔ GMCH 32,B_to_A,2756,308,361,0.853,OK,
2026-07-27 07:00:13,2026-07-27,07:00:13,Monday,7,N,23,Udyan Path: Secretariat Chowk  ↔ Furniture Chowk,A_to_B,7398,724,883,0.82,OK,
2026-07-27 07:00:13,2026-07-27,07:00:13,Monday,7,N,23,Udyan Path: Secretariat Chowk  ↔ Furniture Chowk,B_to_A,7219,702,830,0.846,OK,
2026-07-27 07:00:13,2026-07-27,07:00:13,Monday,7,N,24,Madhya Marg: Sector 17 ↔ Railway Station,A_to_B,7206,767,945,0.812,OK,
2026-07-27 07:00:14,2026-07-27,07:00:14,Monday,7,N,24,Madhya Marg: Sector 17 ↔ Railway Station,B_to_A,6340,787,982,0.801,OK,
2026-07-27 07:00:14,2026-07-27,07:00:14,Monday,7,N,25,Paschim Marg: Sector 25 ↔ Sector 56,A_to_B,4090,452,535,0.845,OK,
2026-07-27 07:00:14,2026-07-27,07:00:14,Monday,7,N,25,Paschim Marg: Sector 25 ↔ Sector 56,B_to_A,3940,438,493,0.888,OK,
2026-07-27 07:30:02,2026-07-27,07:30:02,Monday,7,N,1,Madhya Marg: PGI Chowk ↔ Housing Board lights,A_to_B,9891,1163,1342,0.867,OK,
2026-07-27 07:30:02,2026-07-27,07:30:02,Monday,7,N,1,Madhya Marg: PGI Chowk ↔ Housing Board lights,B_to_A,8853,1144,1223,0.935,OK,
2026-07-27 07:30:02,2026-07-27,07:30:02,Monday,7,N,2,Udyog Path: PU Chowk ↔ Elante Mall,A_to_B,7173,878,1033,0.85,OK,
2026-07-27 07:30:03,2026-07-27,07:30:03,Monday,7,N,2,Udyog Path: PU Chowk ↔ Elante Mall,B_to_A,8051,841,1091,0.771,OK,
2026-07-27 07:30:03,2026-07-27,07:30:03,Monday,7,N,3,Dakshin Marg: Daddu Majra ↔ Hallo Majra Lights,A_to_B,8610,1130,1261,0.896,OK,
2026-07-27 07:30:03,2026-07-27,07:30:03,Monday,7,N,3,Dakshin Marg: Daddu Majra ↔ Hallo Majra Lights,B_to_A,9083,1236,1481,0.835,OK,
2026-07-27 07:30:04,2026-07-27,07:30:04,Monday,7,N,4,Shanti Path: Sector 38W ↔ Sector 31 Lights,A_to_B,7418,845,881,0.959,OK,
2026-07-27 07:30:04,2026-07-27,07:30:04,Monday,7,N,4,Shanti Path: Sector 38W ↔ Sector 31 Lights,B_to_A,7590,937,937,1.0,OK,
2026-07-27 07:30:04,2026-07-27,07:30:04,Monday,7,N,5,NH 5: Grain Market ↔ Sector 47 Chowk,A_to_B,7596,896,930,0.963,OK,
2026-07-27 07:30:04,2026-07-27,07:30:04,Monday,7,N,5,NH 5: Grain Market ↔ Sector 47 Chowk,B_to_A,7551,879,972,0.904,OK,
2026-07-27 07:30:05,2026-07-27,07:30:05,Monday,7,N,6,Vigyan Path: PEC Chowk ↔ Golf Club,A_to_B,4491,414,472,0.877,OK,
2026-07-27 07:30:05,2026-07-27,07:30:05,Monday,7,N,6,Vigyan Path: PEC Chowk ↔ Golf Club,B_to_A,4518,453,525,0.863,OK,
2026-07-27 07:30:05,2026-07-27,07:30:05,Monday,7,N,7,Uttar Marg: Sector 2 Chowk ↔ Sukhna Lake,A_to_B,2481,224,274,0.818,OK,
2026-07-27 07:30:05,2026-07-27,07:30:05,Monday,7,N,7,Uttar Marg: Sector 2 Chowk ↔ Sukhna Lake,B_to_A,3144,369,423,0.872,OK,
2026-07-27 07:30:06,2026-07-27,07:30:06,Monday,7,N,8,Madhya Marg: Khudda Lahora ↔ Matka Chowk,A_to_B,4208,612,600,1.02,OK,
2026-07-27 07:30:06,2026-07-27,07:30:06,Monday,7,N,8,Madhya Marg: Khudda Lahora ↔ Matka Chowk,B_to_A,3931,470,529,0.888,OK,
2026-07-27 07:30:06,2026-07-27,07:30:06,Monday,7,N,9,Madhya Marg: GMSH 16 ↔ Kalagram,A_to_B,5231,602,744,0.809,OK,
2026-07-27 07:30:06,2026-07-27,07:30:06,Monday,7,N,9,Madhya Marg: GMSH 16 ↔ Kalagram,B_to_A,7162,688,823,0.836,OK,
2026-07-27 07:30:07,2026-07-27,07:30:07,Monday,7,N,10,Udyog Path: Dhanas ↔ ISBT Sector 17,A_to_B,4785,672,737,0.912,OK,
2026-07-27 07:30:07,2026-07-27,07:30:07,Monday,7,N,10,Udyog Path: Dhanas ↔ ISBT Sector 17,B_to_A,5507,757,919,0.824,OK,
2026-07-27 07:30:07,2026-07-27,07:30:07,Monday,7,N,11,Udyog Path: ISBT Sector 17 ↔ Elante Mall,A_to_B,3274,275,383,0.718,OK,
2026-07-27 07:30:07,2026-07-27,07:30:07,Monday,7,N,11,Udyog Path: ISBT Sector 17 ↔ Elante Mall,B_to_A,3428,358,451,0.794,OK,
2026-07-27 07:30:08,2026-07-27,07:30:08,Monday,7,N,12,Dakshin Marg: DLF Mullanpur ↔ Kisan Bhawan Chowk,A_to_B,6720,822,894,0.919,OK,
2026-07-27 07:30:08,2026-07-27,07:30:08,Monday,7,N,12,Dakshin Marg: DLF Mullanpur ↔ Kisan Bhawan Chowk,B_to_A,7109,800,950,0.842,OK,
2026-07-27 07:30:08,2026-07-27,07:30:08,Monday,7,N,13,Dakshin Marg: Kisan Bhawan Chowk ↔ Airport Chowk,A_to_B,7722,928,1090,0.851,OK,
2026-07-27 07:30:08,2026-07-27,07:30:08,Monday,7,N,13,Dakshin Marg: Kisan Bhawan Chowk ↔ Airport Chowk,B_to_A,7973,993,1122,0.885,OK,
2026-07-27 07:30:09,2026-07-27,07:30:09,Monday,7,N,14,NH 5: Max Hospital ↔ ISBT Sector 43,A_to_B,4206,452,503,0.899,OK,
2026-07-27 07:30:09,2026-07-27,07:30:09,Monday,7,N,14,NH 5: Max Hospital ↔ ISBT Sector 43,B_to_A,5718,593,722,0.821,OK,
2026-07-27 07:30:09,2026-07-27,07:30:09,Monday,7,N,15,Sukhna Path: Golf Club ↔ Cycle Chowk,A_to_B,9001,958,1154,0.83,OK,
2026-07-27 07:30:10,2026-07-27,07:30:10,Monday,7,N,15,Sukhna Path: Golf Club ↔ Cycle Chowk,B_to_A,7321,951,1080,0.881,OK,
2026-07-27 07:30:10,2026-07-27,07:30:10,Monday,7,N,16,Sarovar Path: Sukhna Lake ↔ Burail Jail,A_to_B,7816,893,1066,0.838,OK,
2026-07-27 07:30:10,2026-07-27,07:30:10,Monday,7,N,16,Sarovar Path: Sukhna Lake ↔ Burail Jail,B_to_A,7928,954,1084,0.88,OK,
2026-07-27 07:30:10,2026-07-27,07:30:10,Monday,7,N,17,Himalaya Marg: Rock Garden ↔ ISBT 43,A_to_B,8803,932,1097,0.85,OK,
2026-07-27 07:30:11,2026-07-27,07:30:11,Monday,7,N,17,Himalaya Marg: Rock Garden ↔ ISBT 43,B_to_A,8958,964,1128,0.855,OK,
2026-07-27 07:30:11,2026-07-27,07:30:11,Monday,7,N,18,Jan Marg: High Court ↔ ISBT 17,A_to_B,3334,307,390,0.787,OK,
2026-07-27 07:30:11,2026-07-27,07:30:11,Monday,7,N,18,Jan Marg: High Court ↔ ISBT 17,B_to_A,3132,275,337,0.816,OK,
2026-07-27 07:30:11,2026-07-27,07:30:11,Monday,7,N,19,Jan Marg: ISBT 17 ↔ ISBT 43,A_to_B,4115,506,568,0.891,OK,
2026-07-27 07:30:12,2026-07-27,07:30:12,Monday,7,N,19,Jan Marg: ISBT 17 ↔ ISBT 43,B_to_A,4233,491,579,0.848,OK,
2026-07-27 07:30:12,2026-07-27,07:30:12,Monday,7,N,20,Vidya Path: PGI Chowk ↔ Fountain Chowk,A_to_B,5475,629,714,0.881,OK,
2026-07-27 07:30:12,2026-07-27,07:30:12,Monday,7,N,20,Vidya Path: PGI Chowk ↔ Fountain Chowk,B_to_A,5474,670,716,0.936,OK,
2026-07-27 07:30:12,2026-07-27,07:30:12,Monday,7,N,21,Purv Marg: Tansport Chowk  ↔ Tribune Chowk,A_to_B,2620,379,411,0.922,OK,
2026-07-27 07:30:13,2026-07-27,07:30:13,Monday,7,N,21,Purv Marg: Tansport Chowk  ↔ Tribune Chowk,B_to_A,2611,384,436,0.881,OK,
2026-07-27 07:30:13,2026-07-27,07:30:13,Monday,7,N,22,Chandi Path: Sabzi Mandi Chowk  ↔ GMCH 32,A_to_B,2939,374,414,0.903,OK,
2026-07-27 07:30:13,2026-07-27,07:30:13,Monday,7,N,22,Chandi Path: Sabzi Mandi Chowk  ↔ GMCH 32,B_to_A,2756,335,361,0.928,OK,
2026-07-27 07:30:13,2026-07-27,07:30:13,Monday,7,N,23,Udyan Path: Secretariat Chowk  ↔ Furniture Chowk,A_to_B,7398,809,883,0.916,OK,
2026-07-27 07:30:14,2026-07-27,07:30:14,Monday,7,N,23,Udyan Path: Secretariat Chowk  ↔ Furniture Chowk,B_to_A,7219,788,830,0.949,OK,
2026-07-27 07:30:14,2026-07-27,07:30:14,Monday,7,N,24,Madhya Marg: Sector 17 ↔ Railway Station,A_to_B,7206,860,945,0.91,OK,
2026-07-27 07:30:14,2026-07-27,07:30:14,Monday,7,N,24,Madhya Marg: Sector 17 ↔ Railway Station,B_to_A,6340,781,982,0.795,OK,
2026-07-27 07:30:14,2026-07-27,07:30:14,Monday,7,N,25,Paschim Marg: Sector 25 ↔ Sector 56,A_to_B,4090,471,535,0.88,OK,
2026-07-27 07:30:15,2026-07-27,07:30:15,Monday,7,N,25,Paschim Marg: Sector 25 ↔ Sector 56,B_to_A,3940,482,493,0.978,OK,
2026-07-27 08:00:01,2026-07-27,08:00:01,Monday,8,N,1,Madhya Marg: PGI Chowk ↔ Housing Board lights,A_to_B,11756,1262,1347,0.937,OK,
2026-07-27 08:00:01,2026-07-27,08:00:01,Monday,8,N,1,Madhya Marg: PGI Chowk ↔ Housing Board lights,B_to_A,8876,1227,1286,0.954,OK,
2026-07-27 08:00:02,2026-07-27,08:00:02,Monday,8,N,2,Udyog Path: PU Chowk ↔ Elante Mall,A_to_B,7173,906,1033,0.877,OK,
2026-07-27 08:00:02,2026-07-27,08:00:02,Monday,8,N,2,Udyog Path: PU Chowk ↔ Elante Mall,B_to_A,8051,945,1091,0.866,OK,
2026-07-27 08:00:02,2026-07-27,08:00:02,Monday,8,N,3,Dakshin Marg: Daddu Majra ↔ Hallo Majra Lights,A_to_B,8610,1311,1261,1.04,OK,
2026-07-27 08:00:03,2026-07-27,08:00:03,Monday,8,N,3,Dakshin Marg: Daddu Majra ↔ Hallo Majra Lights,B_to_A,9083,1410,1481,0.952,OK,
2026-07-27 08:00:03,2026-07-27,08:00:03,Monday,8,N,4,Shanti Path: Sector 38W ↔ Sector 31 Lights,A_to_B,7418,997,881,1.132,OK,
2026-07-27 08:00:03,2026-07-27,08:00:03,Monday,8,N,4,Shanti Path: Sector 38W ↔ Sector 31 Lights,B_to_A,7590,1022,937,1.091,OK,
2026-07-27 08:00:03,2026-07-27,08:00:03,Monday,8,N,5,NH 5: Grain Market ↔ Sector 47 Chowk,A_to_B,7596,963,930,1.035,OK,
2026-07-27 08:00:04,2026-07-27,08:00:04,Monday,8,N,5,NH 5: Grain Market ↔ Sector 47 Chowk,B_to_A,7551,907,972,0.933,OK,
2026-07-27 08:00:04,2026-07-27,08:00:04,Monday,8,N,6,Vigyan Path: PEC Chowk ↔ Golf Club,A_to_B,4491,429,472,0.909,OK,
2026-07-27 08:00:04,2026-07-27,08:00:04,Monday,8,N,6,Vigyan Path: PEC Chowk ↔ Golf Club,B_to_A,4518,481,525,0.916,OK,
2026-07-27 08:00:04,2026-07-27,08:00:04,Monday,8,N,7,Uttar Marg: Sector 2 Chowk ↔ Sukhna Lake,A_to_B,2481,228,274,0.832,OK,
2026-07-27 08:00:05,2026-07-27,08:00:05,Monday,8,N,7,Uttar Marg: Sector 2 Chowk ↔ Sukhna Lake,B_to_A,3144,363,423,0.858,OK,
2026-07-27 08:00:05,2026-07-27,08:00:05,Monday,8,N,8,Madhya Marg: Khudda Lahora ↔ Matka Chowk,A_to_B,4208,847,600,1.412,OK,
2026-07-27 08:00:05,2026-07-27,08:00:05,Monday,8,N,8,Madhya Marg: Khudda Lahora ↔ Matka Chowk,B_to_A,3931,517,529,0.977,OK,
2026-07-27 08:00:05,2026-07-27,08:00:05,Monday,8,N,9,Madhya Marg: GMSH 16 ↔ Kalagram,A_to_B,5231,649,744,0.872,OK,
2026-07-27 08:00:06,2026-07-27,08:00:06,Monday,8,N,9,Madhya Marg: GMSH 16 ↔ Kalagram,B_to_A,7158,730,822,0.888,OK,
2026-07-27 08:00:06,2026-07-27,08:00:06,Monday,8,N,10,Udyog Path: Dhanas ↔ ISBT Sector 17,A_to_B,4785,811,737,1.1,OK,
2026-07-27 08:00:06,2026-07-27,08:00:06,Monday,8,N,10,Udyog Path: Dhanas ↔ ISBT Sector 17,B_to_A,5507,878,919,0.955,OK,
2026-07-27 08:00:07,2026-07-27,08:00:07,Monday,8,N,11,Udyog Path: ISBT Sector 17 ↔ Elante Mall,A_to_B,3274,306,383,0.799,OK,
2026-07-27 08:00:07,2026-07-27,08:00:07,Monday,8,N,11,Udyog Path: ISBT Sector 17 ↔ Elante Mall,B_to_A,3428,415,451,0.92,OK,
2026-07-27 08:00:07,2026-07-27,08:00:07,Monday,8,N,12,Dakshin Marg: DLF Mullanpur ↔ Kisan Bhawan Chowk,A_to_B,6720,905,894,1.012,OK,
2026-07-27 08:00:07,2026-07-27,08:00:07,Monday,8,N,12,Dakshin Marg: DLF Mullanpur ↔ Kisan Bhawan Chowk,B_to_A,7109,843,950,0.887,OK,
2026-07-27 08:00:08,2026-07-27,08:00:08,Monday,8,N,13,Dakshin Marg: Kisan Bhawan Chowk ↔ Airport Chowk,A_to_B,7722,1061,1090,0.973,OK,
2026-07-27 08:00:08,2026-07-27,08:00:08,Monday,8,N,13,Dakshin Marg: Kisan Bhawan Chowk ↔ Airport Chowk,B_to_A,7973,1122,1122,1.0,OK,
2026-07-27 08:00:08,2026-07-27,08:00:08,Monday,8,N,14,NH 5: Max Hospital ↔ ISBT Sector 43,A_to_B,4206,508,503,1.01,OK,
2026-07-27 08:00:08,2026-07-27,08:00:08,Monday,8,N,14,NH 5: Max Hospital ↔ ISBT Sector 43,B_to_A,5445,603,667,0.904,OK,
2026-07-27 08:00:09,2026-07-27,08:00:09,Monday,8,N,15,Sukhna Path: Golf Club ↔ Cycle Chowk,A_to_B,9030,1049,1147,0.915,OK,
2026-07-27 08:00:09,2026-07-27,08:00:09,Monday,8,N,15,Sukhna Path: Golf Club ↔ Cycle Chowk,B_to_A,7321,1000,1080,0.926,OK,
2026-07-27 08:00:09,2026-07-27,08:00:09,Monday,8,N,16,Sarovar Path: Sukhna Lake ↔ Burail Jail,A_to_B,7816,1017,1066,0.954,OK,
2026-07-27 08:00:09,2026-07-27,08:00:09,Monday,8,N,16,Sarovar Path: Sukhna Lake ↔ Burail Jail,B_to_A,7928,1054,1084,0.972,OK,
2026-07-27 08:00:10,2026-07-27,08:00:10,Monday,8,N,17,Himalaya Marg: Rock Garden ↔ ISBT 43,A_to_B,8803,978,1097,0.892,OK,
2026-07-27 08:00:10,2026-07-27,08:00:10,Monday,8,N,17,Himalaya Marg: Rock Garden ↔ ISBT 43,B_to_A,8958,1004,1128,0.89,OK,
2026-07-27 08:00:10,2026-07-27,08:00:10,Monday,8,N,18,Jan Marg: High Court ↔ ISBT 17,A_to_B,3334,331,390,0.849,OK,
2026-07-27 08:00:10,2026-07-27,08:00:10,Monday,8,N,18,Jan Marg: High Court ↔ ISBT 17,B_to_A,3132,289,337,0.858,OK,
2026-07-27 08:00:11,2026-07-27,08:00:11,Monday,8,N,19,Jan Marg: ISBT 17 ↔ ISBT 43,A_to_B,4115,520,568,0.915,OK,
2026-07-27 08:00:11,2026-07-27,08:00:11,Monday,8,N,19,Jan Marg: ISBT 17 ↔ ISBT 43,B_to_A,4233,519,579,0.896,OK,
2026-07-27 08:00:11,2026-07-27,08:00:11,Monday,8,N,20,Vidya Path: PGI Chowk ↔ Fountain Chowk,A_to_B,5475,694,714,0.972,OK,
2026-07-27 08:00:12,2026-07-27,08:00:12,Monday,8,N,20,Vidya Path: PGI Chowk ↔ Fountain Chowk,B_to_A,5474,795,716,1.11,OK,
2026-07-27 08:00:12,2026-07-27,08:00:12,Monday,8,N,21,Purv Marg: Tansport Chowk  ↔ Tribune Chowk,A_to_B,2620,369,411,0.898,OK,
2026-07-27 08:00:12,2026-07-27,08:00:12,Monday,8,N,21,Purv Marg: Tansport Chowk  ↔ Tribune Chowk,B_to_A,2611,422,436,0.968,OK,
2026-07-27 08:00:12,2026-07-27,08:00:12,Monday,8,N,22,Chandi Path: Sabzi Mandi Chowk  ↔ GMCH 32,A_to_B,2939,386,414,0.932,OK,
2026-07-27 08:00:13,2026-07-27,08:00:13,Monday,8,N,22,Chandi Path: Sabzi Mandi Chowk  ↔ GMCH 32,B_to_A,2756,344,361,0.953,OK,
2026-07-27 08:00:13,2026-07-27,08:00:13,Monday,8,N,23,Udyan Path: Secretariat Chowk  ↔ Furniture Chowk,A_to_B,7398,854,883,0.967,OK,
2026-07-27 08:00:13,2026-07-27,08:00:13,Monday,8,N,23,Udyan Path: Secretariat Chowk  ↔ Furniture Chowk,B_to_A,7219,809,830,0.975,OK,
2026-07-27 08:00:13,2026-07-27,08:00:13,Monday,8,N,24,Madhya Marg: Sector 17 ↔ Railway Station,A_to_B,7229,909,1008,0.902,OK,
2026-07-27 08:00:14,2026-07-27,08:00:14,Monday,8,N,24,Madhya Marg: Sector 17 ↔ Railway Station,B_to_A,6568,846,1029,0.822,OK,
2026-07-27 08:00:14,2026-07-27,08:00:14,Monday,8,N,25,Paschim Marg: Sector 25 ↔ Sector 56,A_to_B,4090,506,535,0.946,OK,
2026-07-27 08:00:14,2026-07-27,08:00:14,Monday,8,N,25,Paschim Marg: Sector 25 ↔ Sector 56,B_to_A,3940,560,493,1.136,OK,
2026-07-27 08:30:02,2026-07-27,08:30:02,Monday,8,N,1,Madhya Marg: PGI Chowk ↔ Housing Board lights,A_to_B,11756,1425,1347,1.058,OK,
2026-07-27 08:30:02,2026-07-27,08:30:02,Monday,8,N,1,Madhya Marg: PGI Chowk ↔ Housing Board lights,B_to_A,8853,1303,1223,1.065,OK,
2026-07-27 08:30:02,2026-07-27,08:30:02,Monday,8,N,2,Udyog Path: PU Chowk ↔ Elante Mall,A_to_B,7173,999,1033,0.967,OK,
2026-07-27 08:30:02,2026-07-27,08:30:02,Monday,8,N,2,Udyog Path: PU Chowk ↔ Elante Mall,B_to_A,8051,1013,1091,0.929,OK,
2026-07-27 08:30:03,2026-07-27,08:30:03,Monday,8,N,3,Dakshin Marg: Daddu Majra ↔ Hallo Majra Lights,A_to_B,8610,1408,1261,1.117,OK,
2026-07-27 08:30:03,2026-07-27,08:30:03,Monday,8,N,3,Dakshin Marg: Daddu Majra ↔ Hallo Majra Lights,B_to_A,9083,1498,1481,1.011,OK,
2026-07-27 08:30:03,2026-07-27,08:30:03,Monday,8,N,4,Shanti Path: Sector 38W ↔ Sector 31 Lights,A_to_B,7418,926,881,1.051,OK,
2026-07-27 08:30:04,2026-07-27,08:30:04,Monday,8,N,4,Shanti Path: Sector 38W ↔ Sector 31 Lights,B_to_A,7590,1003,937,1.07,OK,
2026-07-27 08:30:04,2026-07-27,08:30:04,Monday,8,N,5,NH 5: Grain Market ↔ Sector 47 Chowk,A_to_B,7596,928,930,0.998,OK,
2026-07-27 08:30:04,2026-07-27,08:30:04,Monday,8,N,5,NH 5: Grain Market ↔ Sector 47 Chowk,B_to_A,7551,915,972,0.941,OK,
2026-07-27 08:30:04,2026-07-27,08:30:04,Monday,8,N,6,Vigyan Path: PEC Chowk ↔ Golf Club,A_to_B,4491,461,472,0.977,OK,
2026-07-27 08:30:05,2026-07-27,08:30:05,Monday,8,N,6,Vigyan Path: PEC Chowk ↔ Golf Club,B_to_A,4518,507,525,0.966,OK,
2026-07-27 08:30:05,2026-07-27,08:30:05,Monday,8,N,7,Uttar Marg: Sector 2 Chowk ↔ Sukhna Lake,A_to_B,2481,243,274,0.887,OK,
2026-07-27 08:30:05,2026-07-27,08:30:05,Monday,8,N,7,Uttar Marg: Sector 2 Chowk ↔ Sukhna Lake,B_to_A,3144,368,423,0.87,OK,
2026-07-27 08:30:05,2026-07-27,08:30:05,Monday,8,N,8,Madhya Marg: Khudda Lahora ↔ Matka Chowk,A_to_B,4208,940,600,1.567,OK,
2026-07-27 08:30:06,2026-07-27,08:30:06,Monday,8,N,8,Madhya Marg: Khudda Lahora ↔ Matka Chowk,B_to_A,3931,543,529,1.026,OK,
2026-07-27 08:30:06,2026-07-27,08:30:06,Monday,8,N,9,Madhya Marg: GMSH 16 ↔ Kalagram,A_to_B,5231,723,744,0.972,OK,
2026-07-27 08:30:06,2026-07-27,08:30:06,Monday,8,N,9,Madhya Marg: GMSH 16 ↔ Kalagram,B_to_A,7162,770,823,0.936,OK,
2026-07-27 08:30:06,2026-07-27,08:30:06,Monday,8,N,10,Udyog Path: Dhanas ↔ ISBT Sector 17,A_to_B,4785,798,737,1.083,OK,
2026-07-27 08:30:07,2026-07-27,08:30:07,Monday,8,N,10,Udyog Path: Dhanas ↔ ISBT Sector 17,B_to_A,5507,916,919,0.997,OK,
2026-07-27 08:30:07,2026-07-27,08:30:07,Monday,8,N,11,Udyog Path: ISBT Sector 17 ↔ Elante Mall,A_to_B,3274,324,383,0.846,OK,
2026-07-27 08:30:07,2026-07-27,08:30:07,Monday,8,N,11,Udyog Path: ISBT Sector 17 ↔ Elante Mall,B_to_A,3428,414,451,0.918,OK,
2026-07-27 08:30:08,2026-07-27,08:30:08,Monday,8,N,12,Dakshin Marg: DLF Mullanpur ↔ Kisan Bhawan Chowk,A_to_B,6720,946,894,1.058,OK,
2026-07-27 08:30:08,2026-07-27,08:30:08,Monday,8,N,12,Dakshin Marg: DLF Mullanpur ↔ Kisan Bhawan Chowk,B_to_A,7109,887,950,0.934,OK,
2026-07-27 08:30:08,2026-07-27,08:30:08,Monday,8,N,13,Dakshin Marg: Kisan Bhawan Chowk ↔ Airport Chowk,A_to_B,7732,1220,1106,1.103,OK,
2026-07-27 08:30:08,2026-07-27,08:30:08,Monday,8,N,13,Dakshin Marg: Kisan Bhawan Chowk ↔ Airport Chowk,B_to_A,7973,1310,1122,1.168,OK,
2026-07-27 08:30:09,2026-07-27,08:30:09,Monday,8,N,14,NH 5: Max Hospital ↔ ISBT Sector 43,A_to_B,4206,494,503,0.982,OK,
2026-07-27 08:30:09,2026-07-27,08:30:09,Monday,8,N,14,NH 5: Max Hospital ↔ ISBT Sector 43,B_to_A,5445,631,667,0.946,OK,
2026-07-27 08:30:09,2026-07-27,08:30:09,Monday,8,N,15,Sukhna Path: Golf Club ↔ Cycle Chowk,A_to_B,9024,1093,1174,0.931,OK,
2026-07-27 08:30:09,2026-07-27,08:30:09,Monday,8,N,15,Sukhna Path: Golf Club ↔ Cycle Chowk,B_to_A,7321,1012,1080,0.937,OK,
2026-07-27 08:30:10,2026-07-27,08:30:10,Monday,8,N,16,Sarovar Path: Sukhna Lake ↔ Burail Jail,A_to_B,7816,1058,1066,0.992,OK,
2026-07-27 08:30:10,2026-07-27,08:30:10,Monday,8,N,16,Sarovar Path: Sukhna Lake ↔ Burail Jail,B_to_A,7928,1036,1084,0.956,OK,
2026-07-27 08:30:10,2026-07-27,08:30:10,Monday,8,N,17,Himalaya Marg: Rock Garden ↔ ISBT 43,A_to_B,8803,1012,1097,0.923,OK,
2026-07-27 08:30:10,2026-07-27,08:30:10,Monday,8,N,17,Himalaya Marg: Rock Garden ↔ ISBT 43,B_to_A,8976,1082,1138,0.951,OK,
2026-07-27 08:30:11,2026-07-27,08:30:11,Monday,8,N,18,Jan Marg: High Court ↔ ISBT 17,A_to_B,3334,347,390,0.89,OK,
2026-07-27 08:30:11,2026-07-27,08:30:11,Monday,8,N,18,Jan Marg: High Court ↔ ISBT 17,B_to_A,3132,301,337,0.893,OK,
2026-07-27 08:30:11,2026-07-27,08:30:11,Monday,8,N,19,Jan Marg: ISBT 17 ↔ ISBT 43,A_to_B,4115,533,568,0.938,OK,
2026-07-27 08:30:12,2026-07-27,08:30:12,Monday,8,N,19,Jan Marg: ISBT 17 ↔ ISBT 43,B_to_A,4233,552,579,0.953,OK,
2026-07-27 08:30:12,2026-07-27,08:30:12,Monday,8,N,20,Vidya Path: PGI Chowk ↔ Fountain Chowk,A_to_B,5475,711,714,0.996,OK,
2026-07-27 08:30:12,2026-07-27,08:30:12,Monday,8,N,20,Vidya Path: PGI Chowk ↔ Fountain Chowk,B_to_A,5474,795,716,1.11,OK,
2026-07-27 08:30:12,2026-07-27,08:30:12,Monday,8,N,21,Purv Marg: Tansport Chowk  ↔ Tribune Chowk,A_to_B,2620,397,411,0.966,OK,
2026-07-27 08:30:13,2026-07-27,08:30:13,Monday,8,N,21,Purv Marg: Tansport Chowk  ↔ Tribune Chowk,B_to_A,2611,413,436,0.947,OK,
2026-07-27 08:30:13,2026-07-27,08:30:13,Monday,8,N,22,Chandi Path: Sabzi Mandi Chowk  ↔ GMCH 32,A_to_B,2939,408,414,0.986,OK,
2026-07-27 08:30:13,2026-07-27,08:30:13,Monday,8,N,22,Chandi Path: Sabzi Mandi Chowk  ↔ GMCH 32,B_to_A,2756,352,361,0.975,OK,
2026-07-27 08:30:13,2026-07-27,08:30:13,Monday,8,N,23,Udyan Path: Secretariat Chowk  ↔ Furniture Chowk,A_to_B,7398,881,883,0.998,OK,
2026-07-27 08:30:14,2026-07-27,08:30:14,Monday,8,N,23,Udyan Path: Secretariat Chowk  ↔ Furniture Chowk,B_to_A,7219,864,830,1.041,OK,
2026-07-27 08:30:14,2026-07-27,08:30:14,Monday,8,N,24,Madhya Marg: Sector 17 ↔ Railway Station,A_to_B,7206,948,945,1.003,OK,
2026-07-27 08:30:14,2026-07-27,08:30:14,Monday,8,N,24,Madhya Marg: Sector 17 ↔ Railway Station,B_to_A,6568,902,1029,0.877,OK,
2026-07-27 08:30:14,2026-07-27,08:30:14,Monday,8,N,25,Paschim Marg: Sector 25 ↔ Sector 56,A_to_B,4090,512,535,0.957,OK,
2026-07-27 08:30:15,2026-07-27,08:30:15,Monday,8,N,25,Paschim Marg: Sector 25 ↔ Sector 56,B_to_A,3940,560,493,1.136,OK,
2026-07-27 09:00:02,2026-07-27,09:00:02,Monday,9,N,1,Madhya Marg: PGI Chowk ↔ Housing Board lights,A_to_B,11756,1714,1347,1.272,OK,
2026-07-27 09:00:02,2026-07-27,09:00:02,Monday,9,N,1,Madhya Marg: PGI Chowk ↔ Housing Board lights,B_to_A,8869,1640,1248,1.314,OK,
2026-07-27 09:00:02,2026-07-27,09:00:02,Monday,9,N,2,Udyog Path: PU Chowk ↔ Elante Mall,A_to_B,7173,1060,1033,1.026,OK,
2026-07-27 09:00:03,2026-07-27,09:00:03,Monday,9,N,2,Udyog Path: PU Chowk ↔ Elante Mall,B_to_A,8051,1202,1091,1.102,OK,
2026-07-27 09:00:03,2026-07-27,09:00:03,Monday,9,N,3,Dakshin Marg: Daddu Majra ↔ Hallo Majra Lights,A_to_B,8610,1418,1261,1.125,OK,
2026-07-27 09:00:03,2026-07-27,09:00:03,Monday,9,N,3,Dakshin Marg: Daddu Majra ↔ Hallo Majra Lights,B_to_A,9083,1655,1481,1.117,OK,
2026-07-27 09:00:03,2026-07-27,09:00:03,Monday,9,N,4,Shanti Path: Sector 38W ↔ Sector 31 Lights,A_to_B,7418,1045,881,1.186,OK,
2026-07-27 09:00:04,2026-07-27,09:00:04,Monday,9,N,4,Shanti Path: Sector 38W ↔ Sector 31 Lights,B_to_A,7590,1120,937,1.195,OK,
2026-07-27 09:00:04,2026-07-27,09:00:04,Monday,9,N,5,NH 5: Grain Market ↔ Sector 47 Chowk,A_to_B,7596,1094,930,1.176,OK,
2026-07-27 09:00:04,2026-07-27,09:00:04,Monday,9,N,5,NH 5: Grain Market ↔ Sector 47 Chowk,B_to_A,7551,1059,972,1.09,OK,
2026-07-27 09:00:04,2026-07-27,09:00:04,Monday,9,N,6,Vigyan Path: PEC Chowk ↔ Golf Club,A_to_B,4491,542,472,1.148,OK,
2026-07-27 09:00:05,2026-07-27,09:00:05,Monday,9,N,6,Vigyan Path: PEC Chowk ↔ Golf Club,B_to_A,4518,622,525,1.185,OK,
2026-07-27 09:00:05,2026-07-27,09:00:05,Monday,9,N,7,Uttar Marg: Sector 2 Chowk ↔ Sukhna Lake,A_to_B,2481,282,274,1.029,OK,
2026-07-27 09:00:05,2026-07-27,09:00:05,Monday,9,N,7,Uttar Marg: Sector 2 Chowk ↔ Sukhna Lake,B_to_A,3144,381,423,0.901,OK,
2026-07-27 09:00:06,2026-07-27,09:00:06,Monday,9,N,8,Madhya Marg: Khudda Lahora ↔ Matka Chowk,A_to_B,4208,1147,600,1.912,OK,
2026-07-27 09:00:06,2026-07-27,09:00:06,Monday,9,N,8,Madhya Marg: Khudda Lahora ↔ Matka Chowk,B_to_A,5164,769,782,0.983,OK,
2026-07-27 09:00:06,2026-07-27,09:00:06,Monday,9,N,9,Madhya Marg: GMSH 16 ↔ Kalagram,A_to_B,5231,810,744,1.089,OK,
2026-07-27 09:00:06,2026-07-27,09:00:06,Monday,9,N,9,Madhya Marg: GMSH 16 ↔ Kalagram,B_to_A,7158,935,822,1.137,OK,
2026-07-27 09:00:07,2026-07-27,09:00:07,Monday,9,N,10,Udyog Path: Dhanas ↔ ISBT Sector 17,A_to_B,4785,939,737,1.274,OK,
2026-07-27 09:00:07,2026-07-27,09:00:07,Monday,9,N,10,Udyog Path: Dhanas ↔ ISBT Sector 17,B_to_A,5507,999,919,1.087,OK,
2026-07-27 09:00:07,2026-07-27,09:00:07,Monday,9,N,11,Udyog Path: ISBT Sector 17 ↔ Elante Mall,A_to_B,3274,351,383,0.916,OK,
2026-07-27 09:00:07,2026-07-27,09:00:07,Monday,9,N,11,Udyog Path: ISBT Sector 17 ↔ Elante Mall,B_to_A,3428,527,451,1.169,OK,
2026-07-27 09:00:08,2026-07-27,09:00:08,Monday,9,N,12,Dakshin Marg: DLF Mullanpur ↔ Kisan Bhawan Chowk,A_to_B,7370,1083,984,1.101,OK,
2026-07-27 09:00:08,2026-07-27,09:00:08,Monday,9,N,12,Dakshin Marg: DLF Mullanpur ↔ Kisan Bhawan Chowk,B_to_A,7109,1018,950,1.072,OK,
2026-07-27 09:00:08,2026-07-27,09:00:08,Monday,9,N,13,Dakshin Marg: Kisan Bhawan Chowk ↔ Airport Chowk,A_to_B,7722,1234,1090,1.132,OK,
2026-07-27 09:00:08,2026-07-27,09:00:08,Monday,9,N,13,Dakshin Marg: Kisan Bhawan Chowk ↔ Airport Chowk,B_to_A,7973,1545,1122,1.377,OK,
2026-07-27 09:00:09,2026-07-27,09:00:09,Monday,9,N,14,NH 5: Max Hospital ↔ ISBT Sector 43,A_to_B,4206,650,503,1.292,OK,
2026-07-27 09:00:09,2026-07-27,09:00:09,Monday,9,N,14,NH 5: Max Hospital ↔ ISBT Sector 43,B_to_A,5573,730,791,0.923,OK,
2026-07-27 09:00:09,2026-07-27,09:00:09,Monday,9,N,15,Sukhna Path: Golf Club ↔ Cycle Chowk,A_to_B,7421,989,1083,0.913,OK,
2026-07-27 09:00:10,2026-07-27,09:00:10,Monday,9,N,15,Sukhna Path: Golf Club ↔ Cycle Chowk,B_to_A,7321,1096,1080,1.015,OK,
2026-07-27 09:00:10,2026-07-27,09:00:10,Monday,9,N,16,Sarovar Path: Sukhna Lake ↔ Burail Jail,A_to_B,8288,1121,1151,0.974,OK,
2026-07-27 09:00:10,2026-07-27,09:00:10,Monday,9,N,16,Sarovar Path: Sukhna Lake ↔ Burail Jail,B_to_A,7928,1179,1084,1.088,OK,
2026-07-27 09:00:10,2026-07-27,09:00:10,Monday,9,N,17,Himalaya Marg: Rock Garden ↔ ISBT 43,A_to_B,8803,1077,1097,0.982,OK,
2026-07-27 09:00:11,2026-07-27,09:00:11,Monday,9,N,17,Himalaya Marg: Rock Garden ↔ ISBT 43,B_to_A,7142,1179,1168,1.009,OK,
2026-07-27 09:00:11,2026-07-27,09:00:11,Monday,9,N,18,Jan Marg: High Court ↔ ISBT 17,A_to_B,3334,415,390,1.064,OK,
2026-07-27 09:00:11,2026-07-27,09:00:11,Monday,9,N,18,Jan Marg: High Court ↔ ISBT 17,B_to_A,3132,377,337,1.119,OK,
2026-07-27 09:00:11,2026-07-27,09:00:11,Monday,9,N,19,Jan Marg: ISBT 17 ↔ ISBT 43,A_to_B,4115,555,568,0.977,OK,
2026-07-27 09:00:12,2026-07-27,09:00:12,Monday,9,N,19,Jan Marg: ISBT 17 ↔ ISBT 43,B_to_A,4233,689,579,1.19,OK,
2026-07-27 09:00:12,2026-07-27,09:00:12,Monday,9,N,20,Vidya Path: PGI Chowk ↔ Fountain Chowk,A_to_B,5475,840,714,1.176,OK,
2026-07-27 09:00:12,2026-07-27,09:00:12,Monday,9,N,20,Vidya Path: PGI Chowk ↔ Fountain Chowk,B_to_A,5474,1143,716,1.596,OK,
2026-07-27 09:00:12,2026-07-27,09:00:12,Monday,9,N,21,Purv Marg: Tansport Chowk  ↔ Tribune Chowk,A_to_B,2620,416,411,1.012,OK,
2026-07-27 09:00:13,2026-07-27,09:00:13,Monday,9,N,21,Purv Marg: Tansport Chowk  ↔ Tribune Chowk,B_to_A,2611,468,436,1.073,OK,
2026-07-27 09:00:13,2026-07-27,09:00:13,Monday,9,N,22,Chandi Path: Sabzi Mandi Chowk  ↔ GMCH 32,A_to_B,2939,427,414,1.031,OK,
2026-07-27 09:00:13,2026-07-27,09:00:13,Monday,9,N,22,Chandi Path: Sabzi Mandi Chowk  ↔ GMCH 32,B_to_A,2756,377,361,1.044,OK,
2026-07-27 09:00:13,2026-07-27,09:00:13,Monday,9,N,23,Udyan Path: Secretariat Chowk  ↔ Furniture Chowk,A_to_B,7398,969,883,1.097,OK,
2026-07-27 09:00:14,2026-07-27,09:00:14,Monday,9,N,23,Udyan Path: Secretariat Chowk  ↔ Furniture Chowk,B_to_A,7219,1069,830,1.288,OK,
2026-07-27 09:00:14,2026-07-27,09:00:14,Monday,9,N,24,Madhya Marg: Sector 17 ↔ Railway Station,A_to_B,7714,1215,1069,1.137,OK,
2026-07-27 09:00:14,2026-07-27,09:00:14,Monday,9,N,24,Madhya Marg: Sector 17 ↔ Railway Station,B_to_A,6917,946,1059,0.893,OK,
2026-07-27 09:00:14,2026-07-27,09:00:14,Monday,9,N,25,Paschim Marg: Sector 25 ↔ Sector 56,A_to_B,4090,527,535,0.985,OK,
2026-07-27 09:00:15,2026-07-27,09:00:15,Monday,9,N,25,Paschim Marg: Sector 25 ↔ Sector 56,B_to_A,3940,562,493,1.14,OK,
2026-07-27 09:30:01,2026-07-27,09:30:01,Monday,9,N,1,Madhya Marg: PGI Chowk ↔ Housing Board lights,A_to_B,11756,1695,1347,1.258,OK,
2026-07-27 09:30:01,2026-07-27,09:30:01,Monday,9,N,1,Madhya Marg: PGI Chowk ↔ Housing Board lights,B_to_A,8853,1610,1223,1.316,OK,
2026-07-27 09:30:02,2026-07-27,09:30:02,Monday,9,N,2,Udyog Path: PU Chowk ↔ Elante Mall,A_to_B,7173,1098,1033,1.063,OK,
2026-07-27 09:30:02,2026-07-27,09:30:02,Monday,9,N,2,Udyog Path: PU Chowk ↔ Elante Mall,B_to_A,8051,1215,1091,1.114,OK,
2026-07-27 09:30:02,2026-07-27,09:30:02,Monday,9,N,3,Dakshin Marg: Daddu Majra ↔ Hallo Majra Lights,A_to_B,8610,1456,1261,1.155,OK,
2026-07-27 09:30:03,2026-07-27,09:30:03,Monday,9,N,3,Dakshin Marg: Daddu Majra ↔ Hallo Majra Lights,B_to_A,9083,1717,1481,1.159,OK,
2026-07-27 09:30:03,2026-07-27,09:30:03,Monday,9,N,4,Shanti Path: Sector 38W ↔ Sector 31 Lights,A_to_B,7418,1141,881,1.295,OK,
2026-07-27 09:30:03,2026-07-27,09:30:03,Monday,9,N,4,Shanti Path: Sector 38W ↔ Sector 31 Lights,B_to_A,7590,1164,937,1.242,OK,
2026-07-27 09:30:03,2026-07-27,09:30:03,Monday,9,N,5,NH 5: Grain Market ↔ Sector 47 Chowk,A_to_B,7596,993,930,1.068,OK,
2026-07-27 09:30:04,2026-07-27,09:30:04,Monday,9,N,5,NH 5: Grain Market ↔ Sector 47 Chowk,B_to_A,7551,956,972,0.984,OK,
2026-07-27 09:30:04,2026-07-27,09:30:04,Monday,9,N,6,Vigyan Path: PEC Chowk ↔ Golf Club,A_to_B,4491,570,472,1.208,OK,
2026-07-27 09:30:04,2026-07-27,09:30:04,Monday,9,N,6,Vigyan Path: PEC Chowk ↔ Golf Club,B_to_A,4518,610,525,1.162,OK,
2026-07-27 09:30:04,2026-07-27,09:30:04,Monday,9,N,7,Uttar Marg: Sector 2 Chowk ↔ Sukhna Lake,A_to_B,3451,437,363,1.204,OK,
2026-07-27 09:30:05,2026-07-27,09:30:05,Monday,9,N,7,Uttar Marg: Sector 2 Chowk ↔ Sukhna Lake,B_to_A,3144,404,423,0.955,OK,
2026-07-27 09:30:05,2026-07-27,09:30:05,Monday,9,N,8,Madhya Marg: Khudda Lahora ↔ Matka Chowk,A_to_B,4208,1054,600,1.757,OK,
2026-07-27 09:30:05,2026-07-27,09:30:05,Monday,9,N,8,Madhya Marg: Khudda Lahora ↔ Matka Chowk,B_to_A,3931,642,529,1.214,OK,
2026-07-27 09:30:05,2026-07-27,09:30:05,Monday,9,N,9,Madhya Marg: GMSH 16 ↔ Kalagram,A_to_B,5231,952,744,1.28,OK,
2026-07-27 09:30:06,2026-07-27,09:30:06,Monday,9,N,9,Madhya Marg: GMSH 16 ↔ Kalagram,B_to_A,5517,1032,772,1.337,OK,
2026-07-27 09:30:06,2026-07-27,09:30:06,Monday,9,N,10,Udyog Path: Dhanas ↔ ISBT Sector 17,A_to_B,4785,1395,737,1.893,OK,
2026-07-27 09:30:06,2026-07-27,09:30:06,Monday,9,N,10,Udyog Path: Dhanas ↔ ISBT Sector 17,B_to_A,5507,1202,919,1.308,OK,
2026-07-27 09:30:07,2026-07-27,09:30:07,Monday,9,N,11,Udyog Path: ISBT Sector 17 ↔ Elante Mall,A_to_B,3274,353,383,0.922,OK,
2026-07-27 09:30:07,2026-07-27,09:30:07,Monday,9,N,11,Udyog Path: ISBT Sector 17 ↔ Elante Mall,B_to_A,3428,577,451,1.279,OK,
2026-07-27 09:30:07,2026-07-27,09:30:07,Monday,9,N,12,Dakshin Marg: DLF Mullanpur ↔ Kisan Bhawan Chowk,A_to_B,6720,1297,894,1.451,OK,
2026-07-27 09:30:07,2026-07-27,09:30:07,Monday,9,N,12,Dakshin Marg: DLF Mullanpur ↔ Kisan Bhawan Chowk,B_to_A,7109,962,950,1.013,OK,
2026-07-27 09:30:08,2026-07-27,09:30:08,Monday,9,N,13,Dakshin Marg: Kisan Bhawan Chowk ↔ Airport Chowk,A_to_B,7722,1232,1090,1.13,OK,
2026-07-27 09:30:08,2026-07-27,09:30:08,Monday,9,N,13,Dakshin Marg: Kisan Bhawan Chowk ↔ Airport Chowk,B_to_A,7973,1853,1122,1.652,OK,
2026-07-27 09:30:08,2026-07-27,09:30:08,Monday,9,N,14,NH 5: Max Hospital ↔ ISBT Sector 43,A_to_B,4206,542,503,1.078,OK,
2026-07-27 09:30:08,2026-07-27,09:30:08,Monday,9,N,14,NH 5: Max Hospital ↔ ISBT Sector 43,B_to_A,5445,632,667,0.948,OK,
2026-07-27 09:30:09,2026-07-27,09:30:09,Monday,9,N,15,Sukhna Path: Golf Club ↔ Cycle Chowk,A_to_B,7421,979,1083,0.904,OK,
2026-07-27 09:30:09,2026-07-27,09:30:09,Monday,9,N,15,Sukhna Path: Golf Club ↔ Cycle Chowk,B_to_A,7321,1132,1080,1.048,OK,
2026-07-27 09:30:09,2026-07-27,09:30:09,Monday,9,N,16,Sarovar Path: Sukhna Lake ↔ Burail Jail,A_to_B,7816,1129,1066,1.059,OK,
2026-07-27 09:30:09,2026-07-27,09:30:09,Monday,9,N,16,Sarovar Path: Sukhna Lake ↔ Burail Jail,B_to_A,7928,1357,1084,1.252,OK,
2026-07-27 09:30:10,2026-07-27,09:30:10,Monday,9,N,17,Himalaya Marg: Rock Garden ↔ ISBT 43,A_to_B,8888,1159,1102,1.052,OK,
2026-07-27 09:30:10,2026-07-27,09:30:10,Monday,9,N,17,Himalaya Marg: Rock Garden ↔ ISBT 43,B_to_A,8928,1306,1121,1.165,OK,
2026-07-27 09:30:10,2026-07-27,09:30:10,Monday,9,N,18,Jan Marg: High Court ↔ ISBT 17,A_to_B,3334,464,390,1.19,OK,
2026-07-27 09:30:10,2026-07-27,09:30:10,Monday,9,N,18,Jan Marg: High Court ↔ ISBT 17,B_to_A,3132,482,337,1.43,OK,
2026-07-27 09:30:11,2026-07-27,09:30:11,Monday,9,N,19,Jan Marg: ISBT 17 ↔ ISBT 43,A_to_B,4115,559,568,0.984,OK,
2026-07-27 09:30:11,2026-07-27,09:30:11,Monday,9,N,19,Jan Marg: ISBT 17 ↔ ISBT 43,B_to_A,4233,741,579,1.28,OK,
2026-07-27 09:30:11,2026-07-27,09:30:11,Monday,9,N,20,Vidya Path: PGI Chowk ↔ Fountain Chowk,A_to_B,5475,750,714,1.05,OK,
2026-07-27 09:30:12,2026-07-27,09:30:12,Monday,9,N,20,Vidya Path: PGI Chowk ↔ Fountain Chowk,B_to_A,6835,1008,835,1.207,OK,
2026-07-27 09:30:12,2026-07-27,09:30:12,Monday,9,N,21,Purv Marg: Tansport Chowk  ↔ Tribune Chowk,A_to_B,2620,430,411,1.046,OK,
2026-07-27 09:30:12,2026-07-27,09:30:12,Monday,9,N,21,Purv Marg: Tansport Chowk  ↔ Tribune Chowk,B_to_A,2611,493,436,1.131,OK,
2026-07-27 09:30:12,2026-07-27,09:30:12,Monday,9,N,22,Chandi Path: Sabzi Mandi Chowk  ↔ GMCH 32,A_to_B,2939,433,414,1.046,OK,
2026-07-27 09:30:13,2026-07-27,09:30:13,Monday,9,N,22,Chandi Path: Sabzi Mandi Chowk  ↔ GMCH 32,B_to_A,2756,435,361,1.205,OK,
2026-07-27 09:30:13,2026-07-27,09:30:13,Monday,9,N,23,Udyan Path: Secretariat Chowk  ↔ Furniture Chowk,A_to_B,7398,935,883,1.059,OK,
2026-07-27 09:30:13,2026-07-27,09:30:13,Monday,9,N,23,Udyan Path: Secretariat Chowk  ↔ Furniture Chowk,B_to_A,7219,1016,830,1.224,OK,
2026-07-27 09:30:13,2026-07-27,09:30:13,Monday,9,N,24,Madhya Marg: Sector 17 ↔ Railway Station,A_to_B,7206,1234,945,1.306,OK,
2026-07-27 09:30:14,2026-07-27,09:30:14,Monday,9,N,24,Madhya Marg: Sector 17 ↔ Railway Station,B_to_A,7145,964,1105,0.872,OK,
2026-07-27 09:30:14,2026-07-27,09:30:14,Monday,9,N,25,Paschim Marg: Sector 25 ↔ Sector 56,A_to_B,4090,545,535,1.019,OK,
2026-07-27 09:30:14,2026-07-27,09:30:14,Monday,9,N,25,Paschim Marg: Sector 25 ↔ Sector 56,B_to_A,3940,533,493,1.081,OK,
2026-07-27 10:00:02,2026-07-27,10:00:02,Monday,10,N,1,Madhya Marg: PGI Chowk ↔ Housing Board lights,A_to_B,11756,1559,1347,1.157,OK,
2026-07-27 10:00:02,2026-07-27,10:00:02,Monday,10,N,1,Madhya Marg: PGI Chowk ↔ Housing Board lights,B_to_A,8853,1575,1223,1.288,OK,
2026-07-27 10:00:02,2026-07-27,10:00:02,Monday,10,N,2,Udyog Path: PU Chowk ↔ Elante Mall,A_to_B,7173,1210,1033,1.171,OK,
2026-07-27 10:00:02,2026-07-27,10:00:02,Monday,10,N,2,Udyog Path: PU Chowk ↔ Elante Mall,B_to_A,8050,1161,1091,1.064,OK,
2026-07-27 10:00:03,2026-07-27,10:00:03,Monday,10,N,3,Dakshin Marg: Daddu Majra ↔ Hallo Majra Lights,A_to_B,8610,1448,1261,1.148,OK,
2026-07-27 10:00:03,2026-07-27,10:00:03,Monday,10,N,3,Dakshin Marg: Daddu Majra ↔ Hallo Majra Lights,B_to_A,9042,1711,1445,1.184,OK,
2026-07-27 10:00:03,2026-07-27,10:00:03,Monday,10,N,4,Shanti Path: Sector 38W ↔ Sector 31 Lights,A_to_B,7418,1003,881,1.138,OK,
2026-07-27 10:00:04,2026-07-27,10:00:04,Monday,10,N,4,Shanti Path: Sector 38W ↔ Sector 31 Lights,B_to_A,7590,1104,937,1.178,OK,
2026-07-27 10:00:04,2026-07-27,10:00:04,Monday,10,N,5,NH 5: Grain Market ↔ Sector 47 Chowk,A_to_B,7596,1017,930,1.094,OK,
2026-07-27 10:00:04,2026-07-27,10:00:04,Monday,10,N,5,NH 5: Grain Market ↔ Sector 47 Chowk,B_to_A,7551,967,972,0.995,OK,
2026-07-27 10:00:04,2026-07-27,10:00:04,Monday,10,N,6,Vigyan Path: PEC Chowk ↔ Golf Club,A_to_B,4491,538,472,1.14,OK,
2026-07-27 10:00:05,2026-07-27,10:00:05,Monday,10,N,6,Vigyan Path: PEC Chowk ↔ Golf Club,B_to_A,4518,591,525,1.126,OK,
2026-07-27 10:00:05,2026-07-27,10:00:05,Monday,10,N,7,Uttar Marg: Sector 2 Chowk ↔ Sukhna Lake,A_to_B,2481,325,274,1.186,OK,
2026-07-27 10:00:05,2026-07-27,10:00:05,Monday,10,N,7,Uttar Marg: Sector 2 Chowk ↔ Sukhna Lake,B_to_A,3144,382,423,0.903,OK,
2026-07-27 10:00:05,2026-07-27,10:00:05,Monday,10,N,8,Madhya Marg: Khudda Lahora ↔ Matka Chowk,A_to_B,4208,789,600,1.315,OK,
2026-07-27 10:00:06,2026-07-27,10:00:06,Monday,10,N,8,Madhya Marg: Khudda Lahora ↔ Matka Chowk,B_to_A,3931,608,529,1.149,OK,
2026-07-27 10:00:06,2026-07-27,10:00:06,Monday,10,N,9,Madhya Marg: GMSH 16 ↔ Kalagram,A_to_B,5231,768,744,1.032,OK,
2026-07-27 10:00:06,2026-07-27,10:00:06,Monday,10,N,9,Madhya Marg: GMSH 16 ↔ Kalagram,B_to_A,7158,963,822,1.172,OK,
2026-07-27 10:00:06,2026-07-27,10:00:06,Monday,10,N,10,Udyog Path: Dhanas ↔ ISBT Sector 17,A_to_B,4785,1055,737,1.431,OK,
2026-07-27 10:00:07,2026-07-27,10:00:07,Monday,10,N,10,Udyog Path: Dhanas ↔ ISBT Sector 17,B_to_A,5507,1100,919,1.197,OK,
2026-07-27 10:00:07,2026-07-27,10:00:07,Monday,10,N,11,Udyog Path: ISBT Sector 17 ↔ Elante Mall,A_to_B,3274,352,383,0.919,OK,
2026-07-27 10:00:07,2026-07-27,10:00:07,Monday,10,N,11,Udyog Path: ISBT Sector 17 ↔ Elante Mall,B_to_A,3428,533,451,1.182,OK,
2026-07-27 10:00:08,2026-07-27,10:00:08,Monday,10,N,12,Dakshin Marg: DLF Mullanpur ↔ Kisan Bhawan Chowk,A_to_B,6720,1153,894,1.29,OK,
2026-07-27 10:00:08,2026-07-27,10:00:08,Monday,10,N,12,Dakshin Marg: DLF Mullanpur ↔ Kisan Bhawan Chowk,B_to_A,7109,973,950,1.024,OK,
2026-07-27 10:00:08,2026-07-27,10:00:08,Monday,10,N,13,Dakshin Marg: Kisan Bhawan Chowk ↔ Airport Chowk,A_to_B,7722,1206,1090,1.106,OK,
2026-07-27 10:00:08,2026-07-27,10:00:08,Monday,10,N,13,Dakshin Marg: Kisan Bhawan Chowk ↔ Airport Chowk,B_to_A,7931,2028,1144,1.773,OK,
2026-07-27 10:00:09,2026-07-27,10:00:09,Monday,10,N,14,NH 5: Max Hospital ↔ ISBT Sector 43,A_to_B,4206,565,503,1.123,OK,
2026-07-27 10:00:09,2026-07-27,10:00:09,Monday,10,N,14,NH 5: Max Hospital ↔ ISBT Sector 43,B_to_A,5445,604,667,0.906,OK,
2026-07-27 10:00:09,2026-07-27,10:00:09,Monday,10,N,15,Sukhna Path: Golf Club ↔ Cycle Chowk,A_to_B,7421,962,1083,0.888,OK,
2026-07-27 10:00:09,2026-07-27,10:00:09,Monday,10,N,15,Sukhna Path: Golf Club ↔ Cycle Chowk,B_to_A,7321,1040,1080,0.963,OK,
2026-07-27 10:00:10,2026-07-27,10:00:10,Monday,10,N,16,Sarovar Path: Sukhna Lake ↔ Burail Jail,A_to_B,7816,1118,1066,1.049,OK,
2026-07-27 10:00:10,2026-07-27,10:00:10,Monday,10,N,16,Sarovar Path: Sukhna Lake ↔ Burail Jail,B_to_A,7928,1157,1084,1.067,OK,
2026-07-27 10:00:10,2026-07-27,10:00:10,Monday,10,N,17,Himalaya Marg: Rock Garden ↔ ISBT 43,A_to_B,8803,1167,1097,1.064,OK,
2026-07-27 10:00:10,2026-07-27,10:00:10,Monday,10,N,17,Himalaya Marg: Rock Garden ↔ ISBT 43,B_to_A,8981,1189,1161,1.024,OK,
2026-07-27 10:00:11,2026-07-27,10:00:11,Monday,10,N,18,Jan Marg: High Court ↔ ISBT 17,A_to_B,3334,455,390,1.167,OK,
2026-07-27 10:00:11,2026-07-27,10:00:11,Monday,10,N,18,Jan Marg: High Court ↔ ISBT 17,B_to_A,3132,399,337,1.184,OK,
2026-07-27 10:00:11,2026-07-27,10:00:11,Monday,10,N,19,Jan Marg: ISBT 17 ↔ ISBT 43,A_to_B,4115,588,568,1.035,OK,
2026-07-27 10:00:11,2026-07-27,10:00:11,Monday,10,N,19,Jan Marg: ISBT 17 ↔ ISBT 43,B_to_A,4233,641,579,1.107,OK,
2026-07-27 10:00:12,2026-07-27,10:00:12,Monday,10,N,20,Vidya Path: PGI Chowk ↔ Fountain Chowk,A_to_B,5475,794,714,1.112,OK,
2026-07-27 10:00:12,2026-07-27,10:00:12,Monday,10,N,20,Vidya Path: PGI Chowk ↔ Fountain Chowk,B_to_A,6838,967,823,1.175,OK,
2026-07-27 10:00:12,2026-07-27,10:00:12,Monday,10,N,21,Purv Marg: Tansport Chowk  ↔ Tribune Chowk,A_to_B,2620,445,411,1.083,OK,
2026-07-27 10:00:12,2026-07-27,10:00:12,Monday,10,N,21,Purv Marg: Tansport Chowk  ↔ Tribune Chowk,B_to_A,2611,470,436,1.078,OK,
2026-07-27 10:00:13,2026-07-27,10:00:13,Monday,10,N,22,Chandi Path: Sabzi Mandi Chowk  ↔ GMCH 32,A_to_B,2939,441,414,1.065,OK,
2026-07-27 10:00:13,2026-07-27,10:00:13,Monday,10,N,22,Chandi Path: Sabzi Mandi Chowk  ↔ GMCH 32,B_to_A,2756,401,361,1.111,OK,
2026-07-27 10:00:13,2026-07-27,10:00:13,Monday,10,N,23,Udyan Path: Secretariat Chowk  ↔ Furniture Chowk,A_to_B,7398,949,883,1.075,OK,
2026-07-27 10:00:13,2026-07-27,10:00:13,Monday,10,N,23,Udyan Path: Secretariat Chowk  ↔ Furniture Chowk,B_to_A,7219,933,830,1.124,OK,
2026-07-27 10:00:14,2026-07-27,10:00:14,Monday,10,N,24,Madhya Marg: Sector 17 ↔ Railway Station,A_to_B,7697,1112,1044,1.065,OK,
2026-07-27 10:00:14,2026-07-27,10:00:14,Monday,10,N,24,Madhya Marg: Sector 17 ↔ Railway Station,B_to_A,6917,948,1059,0.895,OK,
2026-07-27 10:00:14,2026-07-27,10:00:14,Monday,10,N,25,Paschim Marg: Sector 25 ↔ Sector 56,A_to_B,4090,548,535,1.024,OK,
2026-07-27 10:00:15,2026-07-27,10:00:15,Monday,10,N,25,Paschim Marg: Sector 25 ↔ Sector 56,B_to_A,3940,513,493,1.041,OK,
2026-07-27 10:30:01,2026-07-27,10:30:01,Monday,10,N,1,Madhya Marg: PGI Chowk ↔ Housing Board lights,A_to_B,11756,1399,1347,1.039,OK,
2026-07-27 10:30:01,2026-07-27,10:30:01,Monday,10,N,1,Madhya Marg: PGI Chowk ↔ Housing Board lights,B_to_A,8853,1418,1223,1.159,OK,
2026-07-27 10:30:02,2026-07-27,10:30:02,Monday,10,N,2,Udyog Path: PU Chowk ↔ Elante Mall,A_to_B,7111,1023,991,1.032,OK,
2026-07-27 10:30:02,2026-07-27,10:30:02,Monday,10,N,2,Udyog Path: PU Chowk ↔ Elante Mall,B_to_A,8051,1100,1091,1.008,OK,
2026-07-27 10:30:02,2026-07-27,10:30:02,Monday,10,N,3,Dakshin Marg: Daddu Majra ↔ Hallo Majra Lights,A_to_B,8610,1472,1261,1.167,OK,
2026-07-27 10:30:02,2026-07-27,10:30:02,Monday,10,N,3,Dakshin Marg: Daddu Majra ↔ Hallo Majra Lights,B_to_A,9042,1630,1445,1.128,OK,
2026-07-27 10:30:03,2026-07-27,10:30:03,Monday,10,N,4,Shanti Path: Sector 38W ↔ Sector 31 Lights,A_to_B,7417,984,881,1.117,OK,
2026-07-27 10:30:03,2026-07-27,10:30:03,Monday,10,N,4,Shanti Path: Sector 38W ↔ Sector 31 Lights,B_to_A,7590,1091,937,1.164,OK,
2026-07-27 10:30:03,2026-07-27,10:30:03,Monday,10,N,5,NH 5: Grain Market ↔ Sector 47 Chowk,A_to_B,7596,1029,930,1.106,OK,
2026-07-27 10:30:03,2026-07-27,10:30:03,Monday,10,N,5,NH 5: Grain Market ↔ Sector 47 Chowk,B_to_A,7551,960,972,0.988,OK,
2026-07-27 10:30:04,2026-07-27,10:30:04,Monday,10,N,6,Vigyan Path: PEC Chowk ↔ Golf Club,A_to_B,4491,482,472,1.021,OK,
2026-07-27 10:30:04,2026-07-27,10:30:04,Monday,10,N,6,Vigyan Path: PEC Chowk ↔ Golf Club,B_to_A,4518,524,525,0.998,OK,
2026-07-27 10:30:04,2026-07-27,10:30:04,Monday,10,N,7,Uttar Marg: Sector 2 Chowk ↔ Sukhna Lake,A_to_B,2481,261,274,0.953,OK,
2026-07-27 10:30:05,2026-07-27,10:30:05,Monday,10,N,7,Uttar Marg: Sector 2 Chowk ↔ Sukhna Lake,B_to_A,3144,369,423,0.872,OK,
2026-07-27 10:30:05,2026-07-27,10:30:05,Monday,10,N,8,Madhya Marg: Khudda Lahora ↔ Matka Chowk,A_to_B,4208,662,600,1.103,OK,
2026-07-27 10:30:05,2026-07-27,10:30:05,Monday,10,N,8,Madhya Marg: Khudda Lahora ↔ Matka Chowk,B_to_A,3931,547,529,1.034,OK,
2026-07-27 10:30:05,2026-07-27,10:30:05,Monday,10,N,9,Madhya Marg: GMSH 16 ↔ Kalagram,A_to_B,5231,786,744,1.056,OK,
2026-07-27 10:30:06,2026-07-27,10:30:06,Monday,10,N,9,Madhya Marg: GMSH 16 ↔ Kalagram,B_to_A,7158,799,822,0.972,OK,
2026-07-27 10:30:06,2026-07-27,10:30:06,Monday,10,N,10,Udyog Path: Dhanas ↔ ISBT Sector 17,A_to_B,4785,818,737,1.11,OK,
2026-07-27 10:30:06,2026-07-27,10:30:06,Monday,10,N,10,Udyog Path: Dhanas ↔ ISBT Sector 17,B_to_A,5507,970,919,1.055,OK,
2026-07-27 10:30:06,2026-07-27,10:30:06,Monday,10,N,11,Udyog Path: ISBT Sector 17 ↔ Elante Mall,A_to_B,3274,357,383,0.932,OK,
2026-07-27 10:30:07,2026-07-27,10:30:07,Monday,10,N,11,Udyog Path: ISBT Sector 17 ↔ Elante Mall,B_to_A,3428,512,451,1.135,OK,
2026-07-27 10:30:07,2026-07-27,10:30:07,Monday,10,N,12,Dakshin Marg: DLF Mullanpur ↔ Kisan Bhawan Chowk,A_to_B,6720,1066,894,1.192,OK,
2026-07-27 10:30:07,2026-07-27,10:30:07,Monday,10,N,12,Dakshin Marg: DLF Mullanpur ↔ Kisan Bhawan Chowk,B_to_A,7109,946,950,0.996,OK,
2026-07-27 10:30:07,2026-07-27,10:30:07,Monday,10,N,13,Dakshin Marg: Kisan Bhawan Chowk ↔ Airport Chowk,A_to_B,7722,1277,1090,1.172,OK,
2026-07-27 10:30:08,2026-07-27,10:30:08,Monday,10,N,13,Dakshin Marg: Kisan Bhawan Chowk ↔ Airport Chowk,B_to_A,7931,1674,1144,1.463,OK,
2026-07-27 10:30:08,2026-07-27,10:30:08,Monday,10,N,14,NH 5: Max Hospital ↔ ISBT Sector 43,A_to_B,4206,588,503,1.169,OK,
2026-07-27 10:30:08,2026-07-27,10:30:08,Monday,10,N,14,NH 5: Max Hospital ↔ ISBT Sector 43,B_to_A,5445,597,667,0.895,OK,
2026-07-27 10:30:08,2026-07-27,10:30:08,Monday,10,N,15,Sukhna Path: Golf Club ↔ Cycle Chowk,A_to_B,7421,966,1083,0.892,OK,
2026-07-27 10:30:09,2026-07-27,10:30:09,Monday,10,N,15,Sukhna Path: Golf Club ↔ Cycle Chowk,B_to_A,7321,1009,1080,0.934,OK,
2026-07-27 10:30:09,2026-07-27,10:30:09,Monday,10,N,16,Sarovar Path: Sukhna Lake ↔ Burail Jail,A_to_B,9465,1101,1222,0.901,OK,
2026-07-27 10:30:09,2026-07-27,10:30:09,Monday,10,N,16,Sarovar Path: Sukhna Lake ↔ Burail Jail,B_to_A,7928,1117,1084,1.03,OK,
2026-07-27 10:30:09,2026-07-27,10:30:09,Monday,10,N,17,Himalaya Marg: Rock Garden ↔ ISBT 43,A_to_B,8803,1263,1097,1.151,OK,
2026-07-27 10:30:10,2026-07-27,10:30:10,Monday,10,N,17,Himalaya Marg: Rock Garden ↔ ISBT 43,B_to_A,8947,1130,1132,0.998,OK,
2026-07-27 10:30:10,2026-07-27,10:30:10,Monday,10,N,18,Jan Marg: High Court ↔ ISBT 17,A_to_B,3334,434,390,1.113,OK,
2026-07-27 10:30:10,2026-07-27,10:30:10,Monday,10,N,18,Jan Marg: High Court ↔ ISBT 17,B_to_A,3132,345,337,1.024,OK,
2026-07-27 10:30:10,2026-07-27,10:30:10,Monday,10,N,19,Jan Marg: ISBT 17 ↔ ISBT 43,A_to_B,4115,733,568,1.29,OK,
2026-07-27 10:30:11,2026-07-27,10:30:11,Monday,10,N,19,Jan Marg: ISBT 17 ↔ ISBT 43,B_to_A,4233,602,579,1.04,OK,
2026-07-27 10:30:11,2026-07-27,10:30:11,Monday,10,N,20,Vidya Path: PGI Chowk ↔ Fountain Chowk,A_to_B,5475,813,714,1.139,OK,
2026-07-27 10:30:11,2026-07-27,10:30:11,Monday,10,N,20,Vidya Path: PGI Chowk ↔ Fountain Chowk,B_to_A,5474,778,716,1.087,OK,
2026-07-27 10:30:11,2026-07-27,10:30:11,Monday,10,N,21,Purv Marg: Tansport Chowk  ↔ Tribune Chowk,A_to_B,2620,463,411,1.127,OK,
2026-07-27 10:30:12,2026-07-27,10:30:12,Monday,10,N,21,Purv Marg: Tansport Chowk  ↔ Tribune Chowk,B_to_A,2611,489,436,1.122,OK,
2026-07-27 10:30:12,2026-07-27,10:30:12,Monday,10,N,22,Chandi Path: Sabzi Mandi Chowk  ↔ GMCH 32,A_to_B,2939,425,414,1.027,OK,
2026-07-27 10:30:12,2026-07-27,10:30:12,Monday,10,N,22,Chandi Path: Sabzi Mandi Chowk  ↔ GMCH 32,B_to_A,2756,421,361,1.166,OK,
2026-07-27 10:30:12,2026-07-27,10:30:12,Monday,10,N,23,Udyan Path: Secretariat Chowk  ↔ Furniture Chowk,A_to_B,7398,947,883,1.072,OK,
2026-07-27 10:30:13,2026-07-27,10:30:13,Monday,10,N,23,Udyan Path: Secretariat Chowk  ↔ Furniture Chowk,B_to_A,7219,876,830,1.055,OK,
2026-07-27 10:30:13,2026-07-27,10:30:13,Monday,10,N,24,Madhya Marg: Sector 17 ↔ Railway Station,A_to_B,7206,1032,945,1.092,OK,
2026-07-27 10:30:13,2026-07-27,10:30:13,Monday,10,N,24,Madhya Marg: Sector 17 ↔ Railway Station,B_to_A,6340,922,982,0.939,OK,
2026-07-27 10:30:14,2026-07-27,10:30:14,Monday,10,N,25,Paschim Marg: Sector 25 ↔ Sector 56,A_to_B,4090,610,535,1.14,OK,
2026-07-27 10:30:14,2026-07-27,10:30:14,Monday,10,N,25,Paschim Marg: Sector 25 ↔ Sector 56,B_to_A,3940,511,493,1.037,OK,
2026-07-27 11:00:01,2026-07-27,11:00:01,Monday,11,N,1,Madhya Marg: PGI Chowk ↔ Housing Board lights,A_to_B,11756,1364,1347,1.013,OK,
2026-07-27 11:00:02,2026-07-27,11:00:02,Monday,11,N,1,Madhya Marg: PGI Chowk ↔ Housing Board lights,B_to_A,10809,1340,1350,0.993,OK,
2026-07-27 11:00:02,2026-07-27,11:00:02,Monday,11,N,2,Udyog Path: PU Chowk ↔ Elante Mall,A_to_B,7173,1061,1033,1.027,OK,
2026-07-27 11:00:02,2026-07-27,11:00:02,Monday,11,N,2,Udyog Path: PU Chowk ↔ Elante Mall,B_to_A,8051,1093,1091,1.002,OK,
2026-07-27 11:00:02,2026-07-27,11:00:02,Monday,11,N,3,Dakshin Marg: Daddu Majra ↔ Hallo Majra Lights,A_to_B,8610,1462,1261,1.159,OK,
2026-07-27 11:00:03,2026-07-27,11:00:03,Monday,11,N,3,Dakshin Marg: Daddu Majra ↔ Hallo Majra Lights,B_to_A,9083,1512,1481,1.021,OK,
2026-07-27 11:00:03,2026-07-27,11:00:03,Monday,11,N,4,Shanti Path: Sector 38W ↔ Sector 31 Lights,A_to_B,7418,945,881,1.073,OK,
2026-07-27 11:00:03,2026-07-27,11:00:03,Monday,11,N,4,Shanti Path: Sector 38W ↔ Sector 31 Lights,B_to_A,7590,1069,937,1.141,OK,
2026-07-27 11:00:04,2026-07-27,11:00:04,Monday,11,N,5,NH 5: Grain Market ↔ Sector 47 Chowk,A_to_B,7596,971,930,1.044,OK,
2026-07-27 11:00:04,2026-07-27,11:00:04,Monday,11,N,5,NH 5: Grain Market ↔ Sector 47 Chowk,B_to_A,7551,934,972,0.961,OK,
2026-07-27 11:00:04,2026-07-27,11:00:04,Monday,11,N,6,Vigyan Path: PEC Chowk ↔ Golf Club,A_to_B,4491,476,472,1.008,OK,
2026-07-27 11:00:04,2026-07-27,11:00:04,Monday,11,N,6,Vigyan Path: PEC Chowk ↔ Golf Club,B_to_A,4518,514,525,0.979,OK,
2026-07-27 11:00:05,2026-07-27,11:00:05,Monday,11,N,7,Uttar Marg: Sector 2 Chowk ↔ Sukhna Lake,A_to_B,2481,282,274,1.029,OK,
2026-07-27 11:00:05,2026-07-27,11:00:05,Monday,11,N,7,Uttar Marg: Sector 2 Chowk ↔ Sukhna Lake,B_to_A,3144,396,423,0.936,OK,
2026-07-27 11:00:05,2026-07-27,11:00:05,Monday,11,N,8,Madhya Marg: Khudda Lahora ↔ Matka Chowk,A_to_B,4208,596,600,0.993,OK,
2026-07-27 11:00:05,2026-07-27,11:00:05,Monday,11,N,8,Madhya Marg: Khudda Lahora ↔ Matka Chowk,B_to_A,3931,510,529,0.964,OK,
2026-07-27 11:00:06,2026-07-27,11:00:06,Monday,11,N,9,Madhya Marg: GMSH 16 ↔ Kalagram,A_to_B,5231,764,744,1.027,OK,
2026-07-27 11:00:06,2026-07-27,11:00:06,Monday,11,N,9,Madhya Marg: GMSH 16 ↔ Kalagram,B_to_A,7158,768,822,0.934,OK,
2026-07-27 11:00:06,2026-07-27,11:00:06,Monday,11,N,10,Udyog Path: Dhanas ↔ ISBT Sector 17,A_to_B,4785,791,737,1.073,OK,
2026-07-27 11:00:06,2026-07-27,11:00:06,Monday,11,N,10,Udyog Path: Dhanas ↔ ISBT Sector 17,B_to_A,5507,913,919,0.993,OK,
2026-07-27 11:00:07,2026-07-27,11:00:07,Monday,11,N,11,Udyog Path: ISBT Sector 17 ↔ Elante Mall,A_to_B,3274,376,383,0.982,OK,
2026-07-27 11:00:07,2026-07-27,11:00:07,Monday,11,N,11,Udyog Path: ISBT Sector 17 ↔ Elante Mall,B_to_A,3428,530,451,1.175,OK,
2026-07-27 11:00:07,2026-07-27,11:00:07,Monday,11,N,12,Dakshin Marg: DLF Mullanpur ↔ Kisan Bhawan Chowk,A_to_B,6720,945,894,1.057,OK,
2026-07-27 11:00:08,2026-07-27,11:00:08,Monday,11,N,12,Dakshin Marg: DLF Mullanpur ↔ Kisan Bhawan Chowk,B_to_A,7109,953,950,1.003,OK,
2026-07-27 11:00:08,2026-07-27,11:00:08,Monday,11,N,13,Dakshin Marg: Kisan Bhawan Chowk ↔ Airport Chowk,A_to_B,7722,1309,1090,1.201,OK,
2026-07-27 11:00:08,2026-07-27,11:00:08,Monday,11,N,13,Dakshin Marg: Kisan Bhawan Chowk ↔ Airport Chowk,B_to_A,7973,1626,1122,1.449,OK,
2026-07-27 11:00:08,2026-07-27,11:00:08,Monday,11,N,14,NH 5: Max Hospital ↔ ISBT Sector 43,A_to_B,4206,524,503,1.042,OK,
2026-07-27 11:00:09,2026-07-27,11:00:09,Monday,11,N,14,NH 5: Max Hospital ↔ ISBT Sector 43,B_to_A,5445,618,667,0.927,OK,
2026-07-27 11:00:09,2026-07-27,11:00:09,Monday,11,N,15,Sukhna Path: Golf Club ↔ Cycle Chowk,A_to_B,7421,985,1083,0.91,OK,
2026-07-27 11:00:09,2026-07-27,11:00:09,Monday,11,N,15,Sukhna Path: Golf Club ↔ Cycle Chowk,B_to_A,7321,1008,1080,0.933,OK,
2026-07-27 11:00:09,2026-07-27,11:00:09,Monday,11,N,16,Sarovar Path: Sukhna Lake ↔ Burail Jail,A_to_B,7816,1132,1066,1.062,OK,
2026-07-27 11:00:10,2026-07-27,11:00:10,Monday,11,N,16,Sarovar Path: Sukhna Lake ↔ Burail Jail,B_to_A,7928,1163,1084,1.073,OK,
2026-07-27 11:00:10,2026-07-27,11:00:10,Monday,11,N,17,Himalaya Marg: Rock Garden ↔ ISBT 43,A_to_B,8803,1142,1097,1.041,OK,
2026-07-27 11:00:10,2026-07-27,11:00:10,Monday,11,N,17,Himalaya Marg: Rock Garden ↔ ISBT 43,B_to_A,8947,1166,1132,1.03,OK,
2026-07-27 11:00:10,2026-07-27,11:00:10,Monday,11,N,18,Jan Marg: High Court ↔ ISBT 17,A_to_B,3334,414,390,1.062,OK,
2026-07-27 11:00:11,2026-07-27,11:00:11,Monday,11,N,18,Jan Marg: High Court ↔ ISBT 17,B_to_A,3132,345,337,1.024,OK,
2026-07-27 11:00:11,2026-07-27,11:00:11,Monday,11,N,19,Jan Marg: ISBT 17 ↔ ISBT 43,A_to_B,4115,602,568,1.06,OK,
2026-07-27 11:00:11,2026-07-27,11:00:11,Monday,11,N,19,Jan Marg: ISBT 17 ↔ ISBT 43,B_to_A,4233,615,579,1.062,OK,
2026-07-27 11:00:11,2026-07-27,11:00:11,Monday,11,N,20,Vidya Path: PGI Chowk ↔ Fountain Chowk,A_to_B,5475,753,714,1.055,OK,
2026-07-27 11:00:12,2026-07-27,11:00:12,Monday,11,N,20,Vidya Path: PGI Chowk ↔ Fountain Chowk,B_to_A,5474,768,716,1.073,OK,
2026-07-27 11:00:12,2026-07-27,11:00:12,Monday,11,N,21,Purv Marg: Tansport Chowk  ↔ Tribune Chowk,A_to_B,2620,472,411,1.148,OK,
2026-07-27 11:00:12,2026-07-27,11:00:12,Monday,11,N,21,Purv Marg: Tansport Chowk  ↔ Tribune Chowk,B_to_A,2611,521,436,1.195,OK,
2026-07-27 11:00:12,2026-07-27,11:00:12,Monday,11,N,22,Chandi Path: Sabzi Mandi Chowk  ↔ GMCH 32,A_to_B,2939,404,414,0.976,OK,
2026-07-27 11:00:13,2026-07-27,11:00:13,Monday,11,N,22,Chandi Path: Sabzi Mandi Chowk  ↔ GMCH 32,B_to_A,2756,406,361,1.125,OK,
2026-07-27 11:00:13,2026-07-27,11:00:13,Monday,11,N,23,Udyan Path: Secretariat Chowk  ↔ Furniture Chowk,A_to_B,7398,894,883,1.012,OK,
2026-07-27 11:00:13,2026-07-27,11:00:13,Monday,11,N,23,Udyan Path: Secretariat Chowk  ↔ Furniture Chowk,B_to_A,7219,867,830,1.045,OK,
2026-07-27 11:00:13,2026-07-27,11:00:13,Monday,11,N,24,Madhya Marg: Sector 17 ↔ Railway Station,A_to_B,7229,1046,1008,1.038,OK,
2026-07-27 11:00:14,2026-07-27,11:00:14,Monday,11,N,24,Madhya Marg: Sector 17 ↔ Railway Station,B_to_A,6340,979,982,0.997,OK,
2026-07-27 11:00:14,2026-07-27,11:00:14,Monday,11,N,25,Paschim Marg: Sector 25 ↔ Sector 56,A_to_B,4090,570,535,1.065,OK,
2026-07-27 11:00:14,2026-07-27,11:00:14,Monday,11,N,25,Paschim Marg: Sector 25 ↔ Sector 56,B_to_A,3940,500,493,1.014,OK,
2026-07-27 11:30:02,2026-07-27,11:30:02,Monday,11,N,1,Madhya Marg: PGI Chowk ↔ Housing Board lights,A_to_B,11756,1320,1347,0.98,OK,
2026-07-27 11:30:02,2026-07-27,11:30:02,Monday,11,N,1,Madhya Marg: PGI Chowk ↔ Housing Board lights,B_to_A,8853,1356,1223,1.109,OK,
2026-07-27 11:30:02,2026-07-27,11:30:02,Monday,11,N,2,Udyog Path: PU Chowk ↔ Elante Mall,A_to_B,7173,1097,1033,1.062,OK,
2026-07-27 11:30:03,2026-07-27,11:30:03,Monday,11,N,2,Udyog Path: PU Chowk ↔ Elante Mall,B_to_A,8051,1110,1091,1.017,OK,
2026-07-27 11:30:03,2026-07-27,11:30:03,Monday,11,N,3,Dakshin Marg: Daddu Majra ↔ Hallo Majra Lights,A_to_B,8610,1382,1261,1.096,OK,
2026-07-27 11:30:03,2026-07-27,11:30:03,Monday,11,N,3,Dakshin Marg: Daddu Majra ↔ Hallo Majra Lights,B_to_A,9083,1502,1481,1.014,OK,
2026-07-27 11:30:04,2026-07-27,11:30:04,Monday,11,N,4,Shanti Path: Sector 38W ↔ Sector 31 Lights,A_to_B,7418,957,881,1.086,OK,
2026-07-27 11:30:04,2026-07-27,11:30:04,Monday,11,N,4,Shanti Path: Sector 38W ↔ Sector 31 Lights,B_to_A,7590,1081,937,1.154,OK,
2026-07-27 11:30:04,2026-07-27,11:30:04,Monday,11,N,5,NH 5: Grain Market ↔ Sector 47 Chowk,A_to_B,7596,937,930,1.008,OK,
2026-07-27 11:30:04,2026-07-27,11:30:04,Monday,11,N,5,NH 5: Grain Market ↔ Sector 47 Chowk,B_to_A,7551,921,972,0.948,OK,
2026-07-27 11:30:05,2026-07-27,11:30:05,Monday,11,N,6,Vigyan Path: PEC Chowk ↔ Golf Club,A_to_B,4491,475,472,1.006,OK,
2026-07-27 11:30:05,2026-07-27,11:30:05,Monday,11,N,6,Vigyan Path: PEC Chowk ↔ Golf Club,B_to_A,4518,516,525,0.983,OK,
2026-07-27 11:30:05,2026-07-27,11:30:05,Monday,11,N,7,Uttar Marg: Sector 2 Chowk ↔ Sukhna Lake,A_to_B,2481,272,274,0.993,OK,
2026-07-27 11:30:05,2026-07-27,11:30:05,Monday,11,N,7,Uttar Marg: Sector 2 Chowk ↔ Sukhna Lake,B_to_A,3144,396,423,0.936,OK,
2026-07-27 11:30:06,2026-07-27,11:30:06,Monday,11,N,8,Madhya Marg: Khudda Lahora ↔ Matka Chowk,A_to_B,4208,582,600,0.97,OK,
2026-07-27 11:30:06,2026-07-27,11:30:06,Monday,11,N,8,Madhya Marg: Khudda Lahora ↔ Matka Chowk,B_to_A,3931,518,529,0.979,OK,
2026-07-27 11:30:06,2026-07-27,11:30:06,Monday,11,N,9,Madhya Marg: GMSH 16 ↔ Kalagram,A_to_B,5231,769,744,1.034,OK,
2026-07-27 11:30:06,2026-07-27,11:30:06,Monday,11,N,9,Madhya Marg: GMSH 16 ↔ Kalagram,B_to_A,7158,768,822,0.934,OK,
2026-07-27 11:30:07,2026-07-27,11:30:07,Monday,11,N,10,Udyog Path: Dhanas ↔ ISBT Sector 17,A_to_B,4785,799,737,1.084,OK,
2026-07-27 11:30:07,2026-07-27,11:30:07,Monday,11,N,10,Udyog Path: Dhanas ↔ ISBT Sector 17,B_to_A,5507,923,919,1.004,OK,
2026-07-27 11:30:07,2026-07-27,11:30:07,Monday,11,N,11,Udyog Path: ISBT Sector 17 ↔ Elante Mall,A_to_B,3274,382,383,0.997,OK,
2026-07-27 11:30:08,2026-07-27,11:30:08,Monday,11,N,11,Udyog Path: ISBT Sector 17 ↔ Elante Mall,B_to_A,3428,503,451,1.115,OK,
2026-07-27 11:30:08,2026-07-27,11:30:08,Monday,11,N,12,Dakshin Marg: DLF Mullanpur ↔ Kisan Bhawan Chowk,A_to_B,6720,913,894,1.021,OK,
2026-07-27 11:30:08,2026-07-27,11:30:08,Monday,11,N,12,Dakshin Marg: DLF Mullanpur ↔ Kisan Bhawan Chowk,B_to_A,7109,932,950,0.981,OK,
2026-07-27 11:30:08,2026-07-27,11:30:08,Monday,11,N,13,Dakshin Marg: Kisan Bhawan Chowk ↔ Airport Chowk,A_to_B,7722,1170,1090,1.073,OK,
2026-07-27 11:30:09,2026-07-27,11:30:09,Monday,11,N,13,Dakshin Marg: Kisan Bhawan Chowk ↔ Airport Chowk,B_to_A,7973,1623,1122,1.447,OK,
2026-07-27 11:30:09,2026-07-27,11:30:09,Monday,11,N,14,NH 5: Max Hospital ↔ ISBT Sector 43,A_to_B,4206,500,503,0.994,OK,
2026-07-27 11:30:09,2026-07-27,11:30:09,Monday,11,N,14,NH 5: Max Hospital ↔ ISBT Sector 43,B_to_A,5445,641,667,0.961,OK,
2026-07-27 11:30:09,2026-07-27,11:30:09,Monday,11,N,15,Sukhna Path: Golf Club ↔ Cycle Chowk,A_to_B,7421,979,1083,0.904,OK,
2026-07-27 11:30:10,2026-07-27,11:30:10,Monday,11,N,15,Sukhna Path: Golf Club ↔ Cycle Chowk,B_to_A,7321,1023,1080,0.947,OK,
2026-07-27 11:30:10,2026-07-27,11:30:10,Monday,11,N,16,Sarovar Path: Sukhna Lake ↔ Burail Jail,A_to_B,7816,1098,1066,1.03,OK,
2026-07-27 11:30:10,2026-07-27,11:30:10,Monday,11,N,16,Sarovar Path: Sukhna Lake ↔ Burail Jail,B_to_A,7928,1246,1084,1.149,OK,
2026-07-27 11:30:10,2026-07-27,11:30:10,Monday,11,N,17,Himalaya Marg: Rock Garden ↔ ISBT 43,A_to_B,8803,1140,1097,1.039,OK,
2026-07-27 11:30:11,2026-07-27,11:30:11,Monday,11,N,17,Himalaya Marg: Rock Garden ↔ ISBT 43,B_to_A,8947,1215,1132,1.073,OK,
2026-07-27 11:30:11,2026-07-27,11:30:11,Monday,11,N,18,Jan Marg: High Court ↔ ISBT 17,A_to_B,3334,411,390,1.054,OK,
2026-07-27 11:30:11,2026-07-27,11:30:11,Monday,11,N,18,Jan Marg: High Court ↔ ISBT 17,B_to_A,3132,339,337,1.006,OK,
2026-07-27 11:30:11,2026-07-27,11:30:11,Monday,11,N,19,Jan Marg: ISBT 17 ↔ ISBT 43,A_to_B,4115,602,568,1.06,OK,
2026-07-27 11:30:12,2026-07-27,11:30:12,Monday,11,N,19,Jan Marg: ISBT 17 ↔ ISBT 43,B_to_A,4233,653,579,1.128,OK,
2026-07-27 11:30:12,2026-07-27,11:30:12,Monday,11,N,20,Vidya Path: PGI Chowk ↔ Fountain Chowk,A_to_B,5475,740,714,1.036,OK,
2026-07-27 11:30:12,2026-07-27,11:30:12,Monday,11,N,20,Vidya Path: PGI Chowk ↔ Fountain Chowk,B_to_A,5474,721,716,1.007,OK,
2026-07-27 11:30:12,2026-07-27,11:30:12,Monday,11,N,21,Purv Marg: Tansport Chowk  ↔ Tribune Chowk,A_to_B,2620,452,411,1.1,OK,
2026-07-27 11:30:13,2026-07-27,11:30:13,Monday,11,N,21,Purv Marg: Tansport Chowk  ↔ Tribune Chowk,B_to_A,2611,497,436,1.14,OK,
2026-07-27 11:30:13,2026-07-27,11:30:13,Monday,11,N,22,Chandi Path: Sabzi Mandi Chowk  ↔ GMCH 32,A_to_B,2939,411,414,0.993,OK,
2026-07-27 11:30:13,2026-07-27,11:30:13,Monday,11,N,22,Chandi Path: Sabzi Mandi Chowk  ↔ GMCH 32,B_to_A,2756,408,361,1.13,OK,
2026-07-27 11:30:14,2026-07-27,11:30:14,Monday,11,N,23,Udyan Path: Secretariat Chowk  ↔ Furniture Chowk,A_to_B,7398,966,883,1.094,OK,
2026-07-27 11:30:14,2026-07-27,11:30:14,Monday,11,N,23,Udyan Path: Secretariat Chowk  ↔ Furniture Chowk,B_to_A,7219,906,830,1.092,OK,
2026-07-27 11:30:14,2026-07-27,11:30:14,Monday,11,N,24,Madhya Marg: Sector 17 ↔ Railway Station,A_to_B,7206,1033,945,1.093,OK,
2026-07-27 11:30:14,2026-07-27,11:30:14,Monday,11,N,24,Madhya Marg: Sector 17 ↔ Railway Station,B_to_A,6340,927,982,0.944,OK,
2026-07-27 11:30:15,2026-07-27,11:30:15,Monday,11,N,25,Paschim Marg: Sector 25 ↔ Sector 56,A_to_B,4090,538,535,1.006,OK,
2026-07-27 11:30:15,2026-07-27,11:30:15,Monday,11,N,25,Paschim Marg: Sector 25 ↔ Sector 56,B_to_A,3940,504,493,1.022,OK,
2026-07-27 12:00:01,2026-07-27,12:00:01,Monday,12,N,1,Madhya Marg: PGI Chowk ↔ Housing Board lights,A_to_B,11756,1355,1347,1.006,OK,
2026-07-27 12:00:02,2026-07-27,12:00:02,Monday,12,N,1,Madhya Marg: PGI Chowk ↔ Housing Board lights,B_to_A,8853,1390,1223,1.137,OK,
2026-07-27 12:00:02,2026-07-27,12:00:02,Monday,12,N,2,Udyog Path: PU Chowk ↔ Elante Mall,A_to_B,7173,1117,1033,1.081,OK,
2026-07-27 12:00:02,2026-07-27,12:00:02,Monday,12,N,2,Udyog Path: PU Chowk ↔ Elante Mall,B_to_A,8051,1116,1091,1.023,OK,
2026-07-27 12:00:03,2026-07-27,12:00:03,Monday,12,N,3,Dakshin Marg: Daddu Majra ↔ Hallo Majra Lights,A_to_B,8610,1354,1261,1.074,OK,
2026-07-27 12:00:03,2026-07-27,12:00:03,Monday,12,N,3,Dakshin Marg: Daddu Majra ↔ Hallo Majra Lights,B_to_A,9083,1551,1481,1.047,OK,
2026-07-27 12:00:03,2026-07-27,12:00:03,Monday,12,N,4,Shanti Path: Sector 38W ↔ Sector 31 Lights,A_to_B,7418,936,881,1.062,OK,
2026-07-27 12:00:03,2026-07-27,12:00:03,Monday,12,N,4,Shanti Path: Sector 38W ↔ Sector 31 Lights,B_to_A,7590,1080,937,1.153,OK,
2026-07-27 12:00:04,2026-07-27,12:00:04,Monday,12,N,5,NH 5: Grain Market ↔ Sector 47 Chowk,A_to_B,7596,938,930,1.009,OK,
2026-07-27 12:00:04,2026-07-27,12:00:04,Monday,12,N,5,NH 5: Grain Market ↔ Sector 47 Chowk,B_to_A,7551,945,972,0.972,OK,
2026-07-27 12:00:04,2026-07-27,12:00:04,Monday,12,N,6,Vigyan Path: PEC Chowk ↔ Golf Club,A_to_B,4491,484,472,1.025,OK,
2026-07-27 12:00:04,2026-07-27,12:00:04,Monday,12,N,6,Vigyan Path: PEC Chowk ↔ Golf Club,B_to_A,4518,521,525,0.992,OK,
2026-07-27 12:00:05,2026-07-27,12:00:05,Monday,12,N,7,Uttar Marg: Sector 2 Chowk ↔ Sukhna Lake,A_to_B,2481,284,274,1.036,OK,
2026-07-27 12:00:05,2026-07-27,12:00:05,Monday,12,N,7,Uttar Marg: Sector 2 Chowk ↔ Sukhna Lake,B_to_A,3144,402,423,0.95,OK,
2026-07-27 12:00:05,2026-07-27,12:00:05,Monday,12,N,8,Madhya Marg: Khudda Lahora ↔ Matka Chowk,A_to_B,4208,632,600,1.053,OK,
2026-07-27 12:00:05,2026-07-27,12:00:05,Monday,12,N,8,Madhya Marg: Khudda Lahora ↔ Matka Chowk,B_to_A,3931,566,529,1.07,OK,
2026-07-27 12:00:06,2026-07-27,12:00:06,Monday,12,N,9,Madhya Marg: GMSH 16 ↔ Kalagram,A_to_B,5231,788,744,1.059,OK,
2026-07-27 12:00:06,2026-07-27,12:00:06,Monday,12,N,9,Madhya Marg: GMSH 16 ↔ Kalagram,B_to_A,7158,783,822,0.953,OK,
2026-07-27 12:00:06,2026-07-27,12:00:06,Monday,12,N,10,Udyog Path: Dhanas ↔ ISBT Sector 17,A_to_B,4785,782,737,1.061,OK,
2026-07-27 12:00:07,2026-07-27,12:00:07,Monday,12,N,10,Udyog Path: Dhanas ↔ ISBT Sector 17,B_to_A,5507,965,919,1.05,OK,
2026-07-27 12:00:07,2026-07-27,12:00:07,Monday,12,N,11,Udyog Path: ISBT Sector 17 ↔ Elante Mall,A_to_B,3274,368,383,0.961,OK,
2026-07-27 12:00:07,2026-07-27,12:00:07,Monday,12,N,11,Udyog Path: ISBT Sector 17 ↔ Elante Mall,B_to_A,3428,490,451,1.086,OK,
2026-07-27 12:00:07,2026-07-27,12:00:07,Monday,12,N,12,Dakshin Marg: DLF Mullanpur ↔ Kisan Bhawan Chowk,A_to_B,6720,921,894,1.03,OK,
2026-07-27 12:00:08,2026-07-27,12:00:08,Monday,12,N,12,Dakshin Marg: DLF Mullanpur ↔ Kisan Bhawan Chowk,B_to_A,7109,988,950,1.04,OK,
2026-07-27 12:00:08,2026-07-27,12:00:08,Monday,12,N,13,Dakshin Marg: Kisan Bhawan Chowk ↔ Airport Chowk,A_to_B,7722,1156,1090,1.061,OK,
2026-07-27 12:00:08,2026-07-27,12:00:08,Monday,12,N,13,Dakshin Marg: Kisan Bhawan Chowk ↔ Airport Chowk,B_to_A,7973,1356,1122,1.209,OK,
2026-07-27 12:00:08,2026-07-27,12:00:08,Monday,12,N,14,NH 5: Max Hospital ↔ ISBT Sector 43,A_to_B,4206,504,503,1.002,OK,
2026-07-27 12:00:09,2026-07-27,12:00:09,Monday,12,N,14,NH 5: Max Hospital ↔ ISBT Sector 43,B_to_A,5445,641,667,0.961,OK,
2026-07-27 12:00:09,2026-07-27,12:00:09,Monday,12,N,15,Sukhna Path: Golf Club ↔ Cycle Chowk,A_to_B,7421,970,1083,0.896,OK,
2026-07-27 12:00:09,2026-07-27,12:00:09,Monday,12,N,15,Sukhna Path: Golf Club ↔ Cycle Chowk,B_to_A,7321,1033,1080,0.956,OK,
2026-07-27 12:00:09,2026-07-27,12:00:09,Monday,12,N,16,Sarovar Path: Sukhna Lake ↔ Burail Jail,A_to_B,7816,1085,1066,1.018,OK,
2026-07-27 12:00:10,2026-07-27,12:00:10,Monday,12,N,16,Sarovar Path: Sukhna Lake ↔ Burail Jail,B_to_A,7928,1201,1084,1.108,OK,
2026-07-27 12:00:10,2026-07-27,12:00:10,Monday,12,N,17,Himalaya Marg: Rock Garden ↔ ISBT 43,A_to_B,8803,1149,1097,1.047,OK,
2026-07-27 12:00:10,2026-07-27,12:00:10,Monday,12,N,17,Himalaya Marg: Rock Garden ↔ ISBT 43,B_to_A,8947,1189,1132,1.05,OK,
2026-07-27 12:00:11,2026-07-27,12:00:11,Monday,12,N,18,Jan Marg: High Court ↔ ISBT 17,A_to_B,3333,421,390,1.079,OK,
2026-07-27 12:00:11,2026-07-27,12:00:11,Monday,12,N,18,Jan Marg: High Court ↔ ISBT 17,B_to_A,3132,348,337,1.033,OK,
2026-07-27 12:00:11,2026-07-27,12:00:11,Monday,12,N,19,Jan Marg: ISBT 17 ↔ ISBT 43,A_to_B,4115,596,568,1.049,OK,
2026-07-27 12:00:11,2026-07-27,12:00:11,Monday,12,N,19,Jan Marg: ISBT 17 ↔ ISBT 43,B_to_A,4233,619,579,1.069,OK,
2026-07-27 12:00:12,2026-07-27,12:00:12,Monday,12,N,20,Vidya Path: PGI Chowk ↔ Fountain Chowk,A_to_B,5475,889,714,1.245,OK,
2026-07-27 12:00:12,2026-07-27,12:00:12,Monday,12,N,20,Vidya Path: PGI Chowk ↔ Fountain Chowk,B_to_A,5474,759,716,1.06,OK,
2026-07-27 12:00:12,2026-07-27,12:00:12,Monday,12,N,21,Purv Marg: Tansport Chowk  ↔ Tribune Chowk,A_to_B,2620,470,411,1.144,OK,
2026-07-27 12:00:12,2026-07-27,12:00:12,Monday,12,N,21,Purv Marg: Tansport Chowk  ↔ Tribune Chowk,B_to_A,2611,490,436,1.124,OK,
2026-07-27 12:00:13,2026-07-27,12:00:13,Monday,12,N,22,Chandi Path: Sabzi Mandi Chowk  ↔ GMCH 32,A_to_B,2939,424,414,1.024,OK,
2026-07-27 12:00:13,2026-07-27,12:00:13,Monday,12,N,22,Chandi Path: Sabzi Mandi Chowk  ↔ GMCH 32,B_to_A,2756,384,361,1.064,OK,
2026-07-27 12:00:13,2026-07-27,12:00:13,Monday,12,N,23,Udyan Path: Secretariat Chowk  ↔ Furniture Chowk,A_to_B,7398,966,883,1.094,OK,
2026-07-27 12:00:13,2026-07-27,12:00:13,Monday,12,N,23,Udyan Path: Secretariat Chowk  ↔ Furniture Chowk,B_to_A,7219,890,830,1.072,OK,
2026-07-27 12:00:14,2026-07-27,12:00:14,Monday,12,N,24,Madhya Marg: Sector 17 ↔ Railway Station,A_to_B,7206,1023,945,1.083,OK,
2026-07-27 12:00:14,2026-07-27,12:00:14,Monday,12,N,24,Madhya Marg: Sector 17 ↔ Railway Station,B_to_A,6340,890,982,0.906,OK,
2026-07-27 12:00:14,2026-07-27,12:00:14,Monday,12,N,25,Paschim Marg: Sector 25 ↔ Sector 56,A_to_B,4090,536,535,1.002,OK,
2026-07-27 12:00:14,2026-07-27,12:00:14,Monday,12,N,25,Paschim Marg: Sector 25 ↔ Sector 56,B_to_A,3940,508,493,1.03,OK,
2026-07-27 12:30:01,2026-07-27,12:30:01,Monday,12,N,1,Madhya Marg: PGI Chowk ↔ Housing Board lights,A_to_B,11756,1412,1347,1.048,OK,
2026-07-27 12:30:01,2026-07-27,12:30:01,Monday,12,N,1,Madhya Marg: PGI Chowk ↔ Housing Board lights,B_to_A,10809,1374,1350,1.018,OK,
2026-07-27 12:30:02,2026-07-27,12:30:02,Monday,12,N,2,Udyog Path: PU Chowk ↔ Elante Mall,A_to_B,7173,1118,1033,1.082,OK,
2026-07-27 12:30:02,2026-07-27,12:30:02,Monday,12,N,2,Udyog Path: PU Chowk ↔ Elante Mall,B_to_A,8051,1131,1091,1.037,OK,
2026-07-27 12:30:02,2026-07-27,12:30:02,Monday,12,N,3,Dakshin Marg: Daddu Majra ↔ Hallo Majra Lights,A_to_B,8610,1362,1261,1.08,OK,
2026-07-27 12:30:03,2026-07-27,12:30:03,Monday,12,N,3,Dakshin Marg: Daddu Majra ↔ Hallo Majra Lights,B_to_A,9083,1526,1481,1.03,OK,
2026-07-27 12:30:03,2026-07-27,12:30:03,Monday,12,N,4,Shanti Path: Sector 38W ↔ Sector 31 Lights,A_to_B,7418,952,881,1.081,OK,
2026-07-27 12:30:03,2026-07-27,12:30:03,Monday,12,N,4,Shanti Path: Sector 38W ↔ Sector 31 Lights,B_to_A,7590,1093,937,1.166,OK,
2026-07-27 12:30:03,2026-07-27,12:30:03,Monday,12,N,5,NH 5: Grain Market ↔ Sector 47 Chowk,A_to_B,7596,933,930,1.003,OK,
2026-07-27 12:30:04,2026-07-27,12:30:04,Monday,12,N,5,NH 5: Grain Market ↔ Sector 47 Chowk,B_to_A,7551,942,972,0.969,OK,
2026-07-27 12:30:04,2026-07-27,12:30:04,Monday,12,N,6,Vigyan Path: PEC Chowk ↔ Golf Club,A_to_B,4491,497,472,1.053,OK,
2026-07-27 12:30:04,2026-07-27,12:30:04,Monday,12,N,6,Vigyan Path: PEC Chowk ↔ Golf Club,B_to_A,4518,546,525,1.04,OK,
2026-07-27 12:30:04,2026-07-27,12:30:04,Monday,12,N,7,Uttar Marg: Sector 2 Chowk ↔ Sukhna Lake,A_to_B,2481,283,274,1.033,OK,
2026-07-27 12:30:05,2026-07-27,12:30:05,Monday,12,N,7,Uttar Marg: Sector 2 Chowk ↔ Sukhna Lake,B_to_A,3144,413,423,0.976,OK,
2026-07-27 12:30:05,2026-07-27,12:30:05,Monday,12,N,8,Madhya Marg: Khudda Lahora ↔ Matka Chowk,A_to_B,4208,678,600,1.13,OK,
2026-07-27 12:30:05,2026-07-27,12:30:05,Monday,12,N,8,Madhya Marg: Khudda Lahora ↔ Matka Chowk,B_to_A,3931,638,529,1.206,OK,
2026-07-27 12:30:05,2026-07-27,12:30:05,Monday,12,N,9,Madhya Marg: GMSH 16 ↔ Kalagram,A_to_B,5231,923,744,1.241,OK,
2026-07-27 12:30:06,2026-07-27,12:30:06,Monday,12,N,9,Madhya Marg: GMSH 16 ↔ Kalagram,B_to_A,7158,812,822,0.988,OK,
2026-07-27 12:30:06,2026-07-27,12:30:06,Monday,12,N,10,Udyog Path: Dhanas ↔ ISBT Sector 17,A_to_B,4785,837,737,1.136,OK,
2026-07-27 12:30:06,2026-07-27,12:30:06,Monday,12,N,10,Udyog Path: Dhanas ↔ ISBT Sector 17,B_to_A,5507,948,919,1.032,OK,
2026-07-27 12:30:07,2026-07-27,12:30:07,Monday,12,N,11,Udyog Path: ISBT Sector 17 ↔ Elante Mall,A_to_B,3274,373,383,0.974,OK,
2026-07-27 12:30:07,2026-07-27,12:30:07,Monday,12,N,11,Udyog Path: ISBT Sector 17 ↔ Elante Mall,B_to_A,3428,505,451,1.12,OK,
2026-07-27 12:30:07,2026-07-27,12:30:07,Monday,12,N,12,Dakshin Marg: DLF Mullanpur ↔ Kisan Bhawan Chowk,A_to_B,6720,913,894,1.021,OK,
2026-07-27 12:30:07,2026-07-27,12:30:07,Monday,12,N,12,Dakshin Marg: DLF Mullanpur ↔ Kisan Bhawan Chowk,B_to_A,7109,936,950,0.985,OK,
2026-07-27 12:30:08,2026-07-27,12:30:08,Monday,12,N,13,Dakshin Marg: Kisan Bhawan Chowk ↔ Airport Chowk,A_to_B,7722,1178,1090,1.081,OK,
2026-07-27 12:30:08,2026-07-27,12:30:08,Monday,12,N,13,Dakshin Marg: Kisan Bhawan Chowk ↔ Airport Chowk,B_to_A,7973,1297,1122,1.156,OK,
2026-07-27 12:30:08,2026-07-27,12:30:08,Monday,12,N,14,NH 5: Max Hospital ↔ ISBT Sector 43,A_to_B,4206,495,503,0.984,OK,
2026-07-27 12:30:08,2026-07-27,12:30:08,Monday,12,N,14,NH 5: Max Hospital ↔ ISBT Sector 43,B_to_A,5445,660,667,0.99,OK,
2026-07-27 12:30:09,2026-07-27,12:30:09,Monday,12,N,15,Sukhna Path: Golf Club ↔ Cycle Chowk,A_to_B,8916,1123,1184,0.948,OK,
2026-07-27 12:30:09,2026-07-27,12:30:09,Monday,12,N,15,Sukhna Path: Golf Club ↔ Cycle Chowk,B_to_A,7321,1171,1080,1.084,OK,
2026-07-27 12:30:09,2026-07-27,12:30:09,Monday,12,N,16,Sarovar Path: Sukhna Lake ↔ Burail Jail,A_to_B,7816,1138,1066,1.068,OK,
2026-07-27 12:30:09,2026-07-27,12:30:09,Monday,12,N,16,Sarovar Path: Sukhna Lake ↔ Burail Jail,B_to_A,7928,1190,1084,1.098,OK,
2026-07-27 12:30:10,2026-07-27,12:30:10,Monday,12,N,17,Himalaya Marg: Rock Garden ↔ ISBT 43,A_to_B,8803,1221,1097,1.113,OK,
2026-07-27 12:30:10,2026-07-27,12:30:10,Monday,12,N,17,Himalaya Marg: Rock Garden ↔ ISBT 43,B_to_A,8947,1221,1132,1.079,OK,
2026-07-27 12:30:10,2026-07-27,12:30:10,Monday,12,N,18,Jan Marg: High Court ↔ ISBT 17,A_to_B,3334,477,390,1.223,OK,
2026-07-27 12:30:10,2026-07-27,12:30:10,Monday,12,N,18,Jan Marg: High Court ↔ ISBT 17,B_to_A,3132,373,337,1.107,OK,
2026-07-27 12:30:11,2026-07-27,12:30:11,Monday,12,N,19,Jan Marg: ISBT 17 ↔ ISBT 43,A_to_B,4115,596,568,1.049,OK,
2026-07-27 12:30:11,2026-07-27,12:30:11,Monday,12,N,19,Jan Marg: ISBT 17 ↔ ISBT 43,B_to_A,4233,617,579,1.066,OK,
2026-07-27 12:30:11,2026-07-27,12:30:11,Monday,12,N,20,Vidya Path: PGI Chowk ↔ Fountain Chowk,A_to_B,5475,774,714,1.084,OK,
2026-07-27 12:30:12,2026-07-27,12:30:12,Monday,12,N,20,Vidya Path: PGI Chowk ↔ Fountain Chowk,B_to_A,5474,749,716,1.046,OK,
2026-07-27 12:30:12,2026-07-27,12:30:12,Monday,12,N,21,Purv Marg: Tansport Chowk  ↔ Tribune Chowk,A_to_B,2620,454,411,1.105,OK,
2026-07-27 12:30:12,2026-07-27,12:30:12,Monday,12,N,21,Purv Marg: Tansport Chowk  ↔ Tribune Chowk,B_to_A,2611,489,436,1.122,OK,
2026-07-27 12:30:12,2026-07-27,12:30:12,Monday,12,N,22,Chandi Path: Sabzi Mandi Chowk  ↔ GMCH 32,A_to_B,2939,422,414,1.019,OK,
2026-07-27 12:30:13,2026-07-27,12:30:13,Monday,12,N,22,Chandi Path: Sabzi Mandi Chowk  ↔ GMCH 32,B_to_A,2756,393,361,1.089,OK,
2026-07-27 12:30:13,2026-07-27,12:30:13,Monday,12,N,23,Udyan Path: Secretariat Chowk  ↔ Furniture Chowk,A_to_B,7398,1012,883,1.146,OK,
2026-07-27 12:30:13,2026-07-27,12:30:13,Monday,12,N,23,Udyan Path: Secretariat Chowk  ↔ Furniture Chowk,B_to_A,7219,944,830,1.137,OK,
2026-07-27 12:30:13,2026-07-27,12:30:13,Monday,12,N,24,Madhya Marg: Sector 17 ↔ Railway Station,A_to_B,7206,1145,945,1.212,OK,
2026-07-27 12:30:14,2026-07-27,12:30:14,Monday,12,N,24,Madhya Marg: Sector 17 ↔ Railway Station,B_to_A,6340,923,982,0.94,OK,
2026-07-27 12:30:14,2026-07-27,12:30:14,Monday,12,N,25,Paschim Marg: Sector 25 ↔ Sector 56,A_to_B,4090,539,535,1.007,OK,
2026-07-27 12:30:14,2026-07-27,12:30:14,Monday,12,N,25,Paschim Marg: Sector 25 ↔ Sector 56,B_to_A,3940,510,493,1.034,OK,
2026-07-27 13:00:02,2026-07-27,13:00:02,Monday,13,N,1,Madhya Marg: PGI Chowk ↔ Housing Board lights,A_to_B,11756,1561,1347,1.159,OK,
2026-07-27 13:00:02,2026-07-27,13:00:02,Monday,13,N,1,Madhya Marg: PGI Chowk ↔ Housing Board lights,B_to_A,8853,1371,1223,1.121,OK,
2026-07-27 13:00:02,2026-07-27,13:00:02,Monday,13,N,2,Udyog Path: PU Chowk ↔ Elante Mall,A_to_B,7173,1237,1033,1.197,OK,
2026-07-27 13:00:02,2026-07-27,13:00:02,Monday,13,N,2,Udyog Path: PU Chowk ↔ Elante Mall,B_to_A,8068,1177,1103,1.067,OK,
2026-07-27 13:00:03,2026-07-27,13:00:03,Monday,13,N,3,Dakshin Marg: Daddu Majra ↔ Hallo Majra Lights,A_to_B,8610,1422,1261,1.128,OK,
2026-07-27 13:00:03,2026-07-27,13:00:03,Monday,13,N,3,Dakshin Marg: Daddu Majra ↔ Hallo Majra Lights,B_to_A,9099,1749,1505,1.162,OK,
2026-07-27 13:00:03,2026-07-27,13:00:03,Monday,13,N,4,Shanti Path: Sector 38W ↔ Sector 31 Lights,A_to_B,7418,984,881,1.117,OK,
2026-07-27 13:00:04,2026-07-27,13:00:04,Monday,13,N,4,Shanti Path: Sector 38W ↔ Sector 31 Lights,B_to_A,7590,1095,937,1.169,OK,
2026-07-27 13:00:04,2026-07-27,13:00:04,Monday,13,N,5,NH 5: Grain Market ↔ Sector 47 Chowk,A_to_B,7596,953,930,1.025,OK,
2026-07-27 13:00:04,2026-07-27,13:00:04,Monday,13,N,5,NH 5: Grain Market ↔ Sector 47 Chowk,B_to_A,7551,964,972,0.992,OK,
2026-07-27 13:00:04,2026-07-27,13:00:04,Monday,13,N,6,Vigyan Path: PEC Chowk ↔ Golf Club,A_to_B,4491,621,472,1.316,OK,
2026-07-27 13:00:05,2026-07-27,13:00:05,Monday,13,N,6,Vigyan Path: PEC Chowk ↔ Golf Club,B_to_A,4518,635,525,1.21,OK,
2026-07-27 13:00:05,2026-07-27,13:00:05,Monday,13,N,7,Uttar Marg: Sector 2 Chowk ↔ Sukhna Lake,A_to_B,2481,285,274,1.04,OK,
2026-07-27 13:00:05,2026-07-27,13:00:05,Monday,13,N,7,Uttar Marg: Sector 2 Chowk ↔ Sukhna Lake,B_to_A,3144,413,423,0.976,OK,
2026-07-27 13:00:05,2026-07-27,13:00:05,Monday,13,N,8,Madhya Marg: Khudda Lahora ↔ Matka Chowk,A_to_B,4208,757,600,1.262,OK,
2026-07-27 13:00:06,2026-07-27,13:00:06,Monday,13,N,8,Madhya Marg: Khudda Lahora ↔ Matka Chowk,B_to_A,3931,657,529,1.242,OK,
2026-07-27 13:00:06,2026-07-27,13:00:06,Monday,13,N,9,Madhya Marg: GMSH 16 ↔ Kalagram,A_to_B,5231,880,744,1.183,OK,
2026-07-27 13:00:06,2026-07-27,13:00:06,Monday,13,N,9,Madhya Marg: GMSH 16 ↔ Kalagram,B_to_A,7158,856,822,1.041,OK,
2026-07-27 13:00:06,2026-07-27,13:00:06,Monday,13,N,10,Udyog Path: Dhanas ↔ ISBT Sector 17,A_to_B,4785,826,737,1.121,OK,
2026-07-27 13:00:07,2026-07-27,13:00:07,Monday,13,N,10,Udyog Path: Dhanas ↔ ISBT Sector 17,B_to_A,5507,1022,919,1.112,OK,
2026-07-27 13:00:07,2026-07-27,13:00:07,Monday,13,N,11,Udyog Path: ISBT Sector 17 ↔ Elante Mall,A_to_B,3274,410,383,1.07,OK,
2026-07-27 13:00:07,2026-07-27,13:00:07,Monday,13,N,11,Udyog Path: ISBT Sector 17 ↔ Elante Mall,B_to_A,3428,502,451,1.113,OK,
2026-07-27 13:00:07,2026-07-27,13:00:07,Monday,13,N,12,Dakshin Marg: DLF Mullanpur ↔ Kisan Bhawan Chowk,A_to_B,6720,993,894,1.111,OK,
2026-07-27 13:00:08,2026-07-27,13:00:08,Monday,13,N,12,Dakshin Marg: DLF Mullanpur ↔ Kisan Bhawan Chowk,B_to_A,7125,1100,974,1.129,OK,
2026-07-27 13:00:08,2026-07-27,13:00:08,Monday,13,N,13,Dakshin Marg: Kisan Bhawan Chowk ↔ Airport Chowk,A_to_B,7722,1241,1090,1.139,OK,
2026-07-27 13:00:08,2026-07-27,13:00:08,Monday,13,N,13,Dakshin Marg: Kisan Bhawan Chowk ↔ Airport Chowk,B_to_A,7973,1293,1122,1.152,OK,
2026-07-27 13:00:09,2026-07-27,13:00:09,Monday,13,N,14,NH 5: Max Hospital ↔ ISBT Sector 43,A_to_B,4206,501,503,0.996,OK,
2026-07-27 13:00:09,2026-07-27,13:00:09,Monday,13,N,14,NH 5: Max Hospital ↔ ISBT Sector 43,B_to_A,5445,637,667,0.955,OK,
2026-07-27 13:00:09,2026-07-27,13:00:09,Monday,13,N,15,Sukhna Path: Golf Club ↔ Cycle Chowk,A_to_B,7421,1035,1083,0.956,OK,
2026-07-27 13:00:09,2026-07-27,13:00:09,Monday,13,N,15,Sukhna Path: Golf Club ↔ Cycle Chowk,B_to_A,7321,1070,1080,0.991,OK,
2026-07-27 13:00:10,2026-07-27,13:00:10,Monday,13,N,16,Sarovar Path: Sukhna Lake ↔ Burail Jail,A_to_B,7816,1151,1066,1.08,OK,
2026-07-27 13:00:10,2026-07-27,13:00:10,Monday,13,N,16,Sarovar Path: Sukhna Lake ↔ Burail Jail,B_to_A,7928,1202,1084,1.109,OK,
2026-07-27 13:00:10,2026-07-27,13:00:10,Monday,13,N,17,Himalaya Marg: Rock Garden ↔ ISBT 43,A_to_B,8803,1290,1097,1.176,OK,
2026-07-27 13:00:10,2026-07-27,13:00:10,Monday,13,N,17,Himalaya Marg: Rock Garden ↔ ISBT 43,B_to_A,8947,1213,1132,1.072,OK,
2026-07-27 13:00:11,2026-07-27,13:00:11,Monday,13,N,18,Jan Marg: High Court ↔ ISBT 17,A_to_B,3334,522,390,1.338,OK,
2026-07-27 13:00:11,2026-07-27,13:00:11,Monday,13,N,18,Jan Marg: High Court ↔ ISBT 17,B_to_A,3132,391,337,1.16,OK,
2026-07-27 13:00:11,2026-07-27,13:00:11,Monday,13,N,19,Jan Marg: ISBT 17 ↔ ISBT 43,A_to_B,4115,634,568,1.116,OK,
2026-07-27 13:00:11,2026-07-27,13:00:11,Monday,13,N,19,Jan Marg: ISBT 17 ↔ ISBT 43,B_to_A,4233,598,579,1.033,OK,
2026-07-27 13:00:12,2026-07-27,13:00:12,Monday,13,N,20,Vidya Path: PGI Chowk ↔ Fountain Chowk,A_to_B,5475,814,714,1.14,OK,
2026-07-27 13:00:12,2026-07-27,13:00:12,Monday,13,N,20,Vidya Path: PGI Chowk ↔ Fountain Chowk,B_to_A,5474,780,716,1.089,OK,
2026-07-27 13:00:12,2026-07-27,13:00:12,Monday,13,N,21,Purv Marg: Tansport Chowk  ↔ Tribune Chowk,A_to_B,2620,441,411,1.073,OK,
2026-07-27 13:00:12,2026-07-27,13:00:12,Monday,13,N,21,Purv Marg: Tansport Chowk  ↔ Tribune Chowk,B_to_A,2611,507,436,1.163,OK,
2026-07-27 13:00:13,2026-07-27,13:00:13,Monday,13,N,22,Chandi Path: Sabzi Mandi Chowk  ↔ GMCH 32,A_to_B,2939,421,414,1.017,OK,
2026-07-27 13:00:13,2026-07-27,13:00:13,Monday,13,N,22,Chandi Path: Sabzi Mandi Chowk  ↔ GMCH 32,B_to_A,2756,414,361,1.147,OK,
2026-07-27 13:00:13,2026-07-27,13:00:13,Monday,13,N,23,Udyan Path: Secretariat Chowk  ↔ Furniture Chowk,A_to_B,7398,1104,883,1.25,OK,
2026-07-27 13:00:13,2026-07-27,13:00:13,Monday,13,N,23,Udyan Path: Secretariat Chowk  ↔ Furniture Chowk,B_to_A,7219,975,830,1.175,OK,
2026-07-27 13:00:14,2026-07-27,13:00:14,Monday,13,N,24,Madhya Marg: Sector 17 ↔ Railway Station,A_to_B,7206,1072,945,1.134,OK,
2026-07-27 13:00:14,2026-07-27,13:00:14,Monday,13,N,24,Madhya Marg: Sector 17 ↔ Railway Station,B_to_A,6568,977,1029,0.949,OK,
2026-07-27 13:00:14,2026-07-27,13:00:14,Monday,13,N,25,Paschim Marg: Sector 25 ↔ Sector 56,A_to_B,4090,609,535,1.138,OK,
2026-07-27 13:00:14,2026-07-27,13:00:14,Monday,13,N,25,Paschim Marg: Sector 25 ↔ Sector 56,B_to_A,3940,545,493,1.105,OK,
2026-07-27 13:30:01,2026-07-27,13:30:01,Monday,13,N,1,Madhya Marg: PGI Chowk ↔ Housing Board lights,A_to_B,11756,1461,1347,1.085,OK,
2026-07-27 13:30:01,2026-07-27,13:30:01,Monday,13,N,1,Madhya Marg: PGI Chowk ↔ Housing Board lights,B_to_A,8853,1377,1223,1.126,OK,
2026-07-27 13:30:02,2026-07-27,13:30:02,Monday,13,N,2,Udyog Path: PU Chowk ↔ Elante Mall,A_to_B,7173,1191,1033,1.153,OK,
2026-07-27 13:30:02,2026-07-27,13:30:02,Monday,13,N,2,Udyog Path: PU Chowk ↔ Elante Mall,B_to_A,8051,1156,1091,1.06,OK,
2026-07-27 13:30:02,2026-07-27,13:30:02,Monday,13,N,3,Dakshin Marg: Daddu Majra ↔ Hallo Majra Lights,A_to_B,8610,1436,1261,1.139,OK,
2026-07-27 13:30:03,2026-07-27,13:30:03,Monday,13,N,3,Dakshin Marg: Daddu Majra ↔ Hallo Majra Lights,B_to_A,9099,1723,1505,1.145,OK,
2026-07-27 13:30:03,2026-07-27,13:30:03,Monday,13,N,4,Shanti Path: Sector 38W ↔ Sector 31 Lights,A_to_B,7418,1079,881,1.225,OK,
2026-07-27 13:30:03,2026-07-27,13:30:03,Monday,13,N,4,Shanti Path: Sector 38W ↔ Sector 31 Lights,B_to_A,7590,1235,937,1.318,OK,
2026-07-27 13:30:03,2026-07-27,13:30:03,Monday,13,N,5,NH 5: Grain Market ↔ Sector 47 Chowk,A_to_B,7596,972,930,1.045,OK,
2026-07-27 13:30:04,2026-07-27,13:30:04,Monday,13,N,5,NH 5: Grain Market ↔ Sector 47 Chowk,B_to_A,7551,964,972,0.992,OK,
2026-07-27 13:30:04,2026-07-27,13:30:04,Monday,13,N,6,Vigyan Path: PEC Chowk ↔ Golf Club,A_to_B,4491,526,472,1.114,OK,
2026-07-27 13:30:04,2026-07-27,13:30:04,Monday,13,N,6,Vigyan Path: PEC Chowk ↔ Golf Club,B_to_A,4518,551,525,1.05,OK,
2026-07-27 13:30:05,2026-07-27,13:30:05,Monday,13,N,7,Uttar Marg: Sector 2 Chowk ↔ Sukhna Lake,A_to_B,2481,283,274,1.033,OK,
2026-07-27 13:30:05,2026-07-27,13:30:05,Monday,13,N,7,Uttar Marg: Sector 2 Chowk ↔ Sukhna Lake,B_to_A,3144,411,423,0.972,OK,
2026-07-27 13:30:05,2026-07-27,13:30:05,Monday,13,N,8,Madhya Marg: Khudda Lahora ↔ Matka Chowk,A_to_B,4208,776,600,1.293,OK,
2026-07-27 13:30:05,2026-07-27,13:30:05,Monday,13,N,8,Madhya Marg: Khudda Lahora ↔ Matka Chowk,B_to_A,3931,602,529,1.138,OK,
2026-07-27 13:30:06,2026-07-27,13:30:06,Monday,13,N,9,Madhya Marg: GMSH 16 ↔ Kalagram,A_to_B,5749,906,832,1.089,OK,
2026-07-27 13:30:06,2026-07-27,13:30:06,Monday,13,N,9,Madhya Marg: GMSH 16 ↔ Kalagram,B_to_A,7158,813,822,0.989,OK,
2026-07-27 13:30:06,2026-07-27,13:30:06,Monday,13,N,10,Udyog Path: Dhanas ↔ ISBT Sector 17,A_to_B,4785,844,737,1.145,OK,
2026-07-27 13:30:06,2026-07-27,13:30:06,Monday,13,N,10,Udyog Path: Dhanas ↔ ISBT Sector 17,B_to_A,5507,999,919,1.087,OK,
2026-07-27 13:30:07,2026-07-27,13:30:07,Monday,13,N,11,Udyog Path: ISBT Sector 17 ↔ Elante Mall,A_to_B,3274,427,383,1.115,OK,
2026-07-27 13:30:07,2026-07-27,13:30:07,Monday,13,N,11,Udyog Path: ISBT Sector 17 ↔ Elante Mall,B_to_A,3428,470,451,1.042,OK,
2026-07-27 13:30:07,2026-07-27,13:30:07,Monday,13,N,12,Dakshin Marg: DLF Mullanpur ↔ Kisan Bhawan Chowk,A_to_B,6720,954,894,1.067,OK,
2026-07-27 13:30:07,2026-07-27,13:30:07,Monday,13,N,12,Dakshin Marg: DLF Mullanpur ↔ Kisan Bhawan Chowk,B_to_A,8423,1064,1051,1.012,OK,
2026-07-27 13:30:08,2026-07-27,13:30:08,Monday,13,N,13,Dakshin Marg: Kisan Bhawan Chowk ↔ Airport Chowk,A_to_B,7722,1274,1090,1.169,OK,
2026-07-27 13:30:08,2026-07-27,13:30:08,Monday,13,N,13,Dakshin Marg: Kisan Bhawan Chowk ↔ Airport Chowk,B_to_A,7973,1266,1122,1.128,OK,
2026-07-27 13:30:08,2026-07-27,13:30:08,Monday,13,N,14,NH 5: Max Hospital ↔ ISBT Sector 43,A_to_B,4206,522,503,1.038,OK,
2026-07-27 13:30:09,2026-07-27,13:30:09,Monday,13,N,14,NH 5: Max Hospital ↔ ISBT Sector 43,B_to_A,5445,656,667,0.984,OK,
2026-07-27 13:30:09,2026-07-27,13:30:09,Monday,13,N,15,Sukhna Path: Golf Club ↔ Cycle Chowk,A_to_B,7421,1072,1083,0.99,OK,
2026-07-27 13:30:09,2026-07-27,13:30:09,Monday,13,N,15,Sukhna Path: Golf Club ↔ Cycle Chowk,B_to_A,7321,1108,1080,1.026,OK,
2026-07-27 13:30:09,2026-07-27,13:30:09,Monday,13,N,16,Sarovar Path: Sukhna Lake ↔ Burail Jail,A_to_B,7816,1180,1066,1.107,OK,
2026-07-27 13:30:10,2026-07-27,13:30:10,Monday,13,N,16,Sarovar Path: Sukhna Lake ↔ Burail Jail,B_to_A,7928,1261,1084,1.163,OK,
2026-07-27 13:30:10,2026-07-27,13:30:10,Monday,13,N,17,Himalaya Marg: Rock Garden ↔ ISBT 43,A_to_B,8803,1278,1097,1.165,OK,
2026-07-27 13:30:10,2026-07-27,13:30:10,Monday,13,N,17,Himalaya Marg: Rock Garden ↔ ISBT 43,B_to_A,8947,1223,1132,1.08,OK,
2026-07-27 13:30:10,2026-07-27,13:30:10,Monday,13,N,18,Jan Marg: High Court ↔ ISBT 17,A_to_B,3334,482,390,1.236,OK,
2026-07-27 13:30:11,2026-07-27,13:30:11,Monday,13,N,18,Jan Marg: High Court ↔ ISBT 17,B_to_A,3132,380,337,1.128,OK,
2026-07-27 13:30:11,2026-07-27,13:30:11,Monday,13,N,19,Jan Marg: ISBT 17 ↔ ISBT 43,A_to_B,4115,646,568,1.137,OK,
2026-07-27 13:30:11,2026-07-27,13:30:11,Monday,13,N,19,Jan Marg: ISBT 17 ↔ ISBT 43,B_to_A,4233,604,579,1.043,OK,
2026-07-27 13:30:11,2026-07-27,13:30:11,Monday,13,N,20,Vidya Path: PGI Chowk ↔ Fountain Chowk,A_to_B,7026,961,920,1.045,OK,
2026-07-27 13:30:12,2026-07-27,13:30:12,Monday,13,N,20,Vidya Path: PGI Chowk ↔ Fountain Chowk,B_to_A,6838,918,823,1.115,OK,
2026-07-27 13:30:12,2026-07-27,13:30:12,Monday,13,N,21,Purv Marg: Tansport Chowk  ↔ Tribune Chowk,A_to_B,2620,441,411,1.073,OK,
2026-07-27 13:30:12,2026-07-27,13:30:12,Monday,13,N,21,Purv Marg: Tansport Chowk  ↔ Tribune Chowk,B_to_A,2611,498,436,1.142,OK,
2026-07-27 13:30:12,2026-07-27,13:30:12,Monday,13,N,22,Chandi Path: Sabzi Mandi Chowk  ↔ GMCH 32,A_to_B,2939,429,414,1.036,OK,
2026-07-27 13:30:13,2026-07-27,13:30:13,Monday,13,N,22,Chandi Path: Sabzi Mandi Chowk  ↔ GMCH 32,B_to_A,2756,406,361,1.125,OK,
2026-07-27 13:30:13,2026-07-27,13:30:13,Monday,13,N,23,Udyan Path: Secretariat Chowk  ↔ Furniture Chowk,A_to_B,7398,1060,883,1.2,OK,
2026-07-27 13:30:13,2026-07-27,13:30:13,Monday,13,N,23,Udyan Path: Secretariat Chowk  ↔ Furniture Chowk,B_to_A,7219,901,830,1.086,OK,
2026-07-27 13:30:13,2026-07-27,13:30:13,Monday,13,N,24,Madhya Marg: Sector 17 ↔ Railway Station,A_to_B,7206,1054,945,1.115,OK,
2026-07-27 13:30:14,2026-07-27,13:30:14,Monday,13,N,24,Madhya Marg: Sector 17 ↔ Railway Station,B_to_A,7877,981,1036,0.947,OK,
2026-07-27 13:30:14,2026-07-27,13:30:14,Monday,13,N,25,Paschim Marg: Sector 25 ↔ Sector 56,A_to_B,5742,774,743,1.042,OK,
2026-07-27 13:30:14,2026-07-27,13:30:14,Monday,13,N,25,Paschim Marg: Sector 25 ↔ Sector 56,B_to_A,3940,520,493,1.055,OK,
2026-07-27 14:00:02,2026-07-27,14:00:02,Monday,14,N,1,Madhya Marg: PGI Chowk ↔ Housing Board lights,A_to_B,11756,1467,1347,1.089,OK,
2026-07-27 14:00:02,2026-07-27,14:00:02,Monday,14,N,1,Madhya Marg: PGI Chowk ↔ Housing Board lights,B_to_A,10809,1406,1350,1.041,OK,
2026-07-27 14:00:02,2026-07-27,14:00:02,Monday,14,N,2,Udyog Path: PU Chowk ↔ Elante Mall,A_to_B,7173,1195,1033,1.157,OK,
2026-07-27 14:00:03,2026-07-27,14:00:03,Monday,14,N,2,Udyog Path: PU Chowk ↔ Elante Mall,B_to_A,8051,1217,1091,1.115,OK,
2026-07-27 14:00:03,2026-07-27,14:00:03,Monday,14,N,3,Dakshin Marg: Daddu Majra ↔ Hallo Majra Lights,A_to_B,8610,1554,1261,1.232,OK,
2026-07-27 14:00:03,2026-07-27,14:00:03,Monday,14,N,3,Dakshin Marg: Daddu Majra ↔ Hallo Majra Lights,B_to_A,9042,1696,1445,1.174,OK,
2026-07-27 14:00:04,2026-07-27,14:00:04,Monday,14,N,4,Shanti Path: Sector 38W ↔ Sector 31 Lights,A_to_B,7418,1113,881,1.263,OK,
2026-07-27 14:00:04,2026-07-27,14:00:04,Monday,14,N,4,Shanti Path: Sector 38W ↔ Sector 31 Lights,B_to_A,7590,1168,937,1.247,OK,
2026-07-27 14:00:04,2026-07-27,14:00:04,Monday,14,N,5,NH 5: Grain Market ↔ Sector 47 Chowk,A_to_B,7596,993,930,1.068,OK,
2026-07-27 14:00:04,2026-07-27,14:00:04,Monday,14,N,5,NH 5: Grain Market ↔ Sector 47 Chowk,B_to_A,7551,987,972,1.015,OK,
2026-07-27 14:00:05,2026-07-27,14:00:05,Monday,14,N,6,Vigyan Path: PEC Chowk ↔ Golf Club,A_to_B,4491,527,472,1.117,OK,
2026-07-27 14:00:05,2026-07-27,14:00:05,Monday,14,N,6,Vigyan Path: PEC Chowk ↔ Golf Club,B_to_A,4518,538,525,1.025,OK,
2026-07-27 14:00:05,2026-07-27,14:00:05,Monday,14,N,7,Uttar Marg: Sector 2 Chowk ↔ Sukhna Lake,A_to_B,2481,288,274,1.051,OK,
2026-07-27 14:00:05,2026-07-27,14:00:05,Monday,14,N,7,Uttar Marg: Sector 2 Chowk ↔ Sukhna Lake,B_to_A,3144,412,423,0.974,OK,
2026-07-27 14:00:06,2026-07-27,14:00:06,Monday,14,N,8,Madhya Marg: Khudda Lahora ↔ Matka Chowk,A_to_B,4208,668,600,1.113,OK,
2026-07-27 14:00:06,2026-07-27,14:00:06,Monday,14,N,8,Madhya Marg: Khudda Lahora ↔ Matka Chowk,B_to_A,3931,609,529,1.151,OK,
2026-07-27 14:00:06,2026-07-27,14:00:06,Monday,14,N,9,Madhya Marg: GMSH 16 ↔ Kalagram,A_to_B,5749,1002,832,1.204,OK,
2026-07-27 14:00:07,2026-07-27,14:00:07,Monday,14,N,9,Madhya Marg: GMSH 16 ↔ Kalagram,B_to_A,7158,774,822,0.942,OK,
2026-07-27 14:00:07,2026-07-27,14:00:07,Monday,14,N,10,Udyog Path: Dhanas ↔ ISBT Sector 17,A_to_B,4785,814,737,1.104,OK,
2026-07-27 14:00:07,2026-07-27,14:00:07,Monday,14,N,10,Udyog Path: Dhanas ↔ ISBT Sector 17,B_to_A,5507,983,919,1.07,OK,
2026-07-27 14:00:07,2026-07-27,14:00:07,Monday,14,N,11,Udyog Path: ISBT Sector 17 ↔ Elante Mall,A_to_B,3274,432,383,1.128,OK,
2026-07-27 14:00:08,2026-07-27,14:00:08,Monday,14,N,11,Udyog Path: ISBT Sector 17 ↔ Elante Mall,B_to_A,3428,571,451,1.266,OK,
2026-07-27 14:00:08,2026-07-27,14:00:08,Monday,14,N,12,Dakshin Marg: DLF Mullanpur ↔ Kisan Bhawan Chowk,A_to_B,6720,998,894,1.116,OK,
2026-07-27 14:00:08,2026-07-27,14:00:08,Monday,14,N,12,Dakshin Marg: DLF Mullanpur ↔ Kisan Bhawan Chowk,B_to_A,7109,999,950,1.052,OK,
2026-07-27 14:00:08,2026-07-27,14:00:08,Monday,14,N,13,Dakshin Marg: Kisan Bhawan Chowk ↔ Airport Chowk,A_to_B,7722,1369,1090,1.256,OK,
2026-07-27 14:00:09,2026-07-27,14:00:09,Monday,14,N,13,Dakshin Marg: Kisan Bhawan Chowk ↔ Airport Chowk,B_to_A,7931,1280,1144,1.119,OK,
2026-07-27 14:00:09,2026-07-27,14:00:09,Monday,14,N,14,NH 5: Max Hospital ↔ ISBT Sector 43,A_to_B,4206,567,503,1.127,OK,
2026-07-27 14:00:09,2026-07-27,14:00:09,Monday,14,N,14,NH 5: Max Hospital ↔ ISBT Sector 43,B_to_A,5445,665,667,0.997,OK,
2026-07-27 14:00:09,2026-07-27,14:00:09,Monday,14,N,15,Sukhna Path: Golf Club ↔ Cycle Chowk,A_to_B,8924,1189,1149,1.035,OK,
2026-07-27 14:00:10,2026-07-27,14:00:10,Monday,14,N,15,Sukhna Path: Golf Club ↔ Cycle Chowk,B_to_A,7321,1140,1080,1.056,OK,
2026-07-27 14:00:10,2026-07-27,14:00:10,Monday,14,N,16,Sarovar Path: Sukhna Lake ↔ Burail Jail,A_to_B,7816,1202,1066,1.128,OK,
2026-07-27 14:00:10,2026-07-27,14:00:10,Monday,14,N,16,Sarovar Path: Sukhna Lake ↔ Burail Jail,B_to_A,7928,1286,1084,1.186,OK,
2026-07-27 14:00:11,2026-07-27,14:00:11,Monday,14,N,17,Himalaya Marg: Rock Garden ↔ ISBT 43,A_to_B,8803,1264,1097,1.152,OK,
2026-07-27 14:00:11,2026-07-27,14:00:11,Monday,14,N,17,Himalaya Marg: Rock Garden ↔ ISBT 43,B_to_A,8947,1202,1132,1.062,OK,
2026-07-27 14:00:11,2026-07-27,14:00:11,Monday,14,N,18,Jan Marg: High Court ↔ ISBT 17,A_to_B,3334,433,390,1.11,OK,
2026-07-27 14:00:11,2026-07-27,14:00:11,Monday,14,N,18,Jan Marg: High Court ↔ ISBT 17,B_to_A,3132,366,337,1.086,OK,
2026-07-27 14:00:12,2026-07-27,14:00:12,Monday,14,N,19,Jan Marg: ISBT 17 ↔ ISBT 43,A_to_B,4115,664,568,1.169,OK,
2026-07-27 14:00:12,2026-07-27,14:00:12,Monday,14,N,19,Jan Marg: ISBT 17 ↔ ISBT 43,B_to_A,4233,613,579,1.059,OK,
2026-07-27 14:00:12,2026-07-27,14:00:12,Monday,14,N,20,Vidya Path: PGI Chowk ↔ Fountain Chowk,A_to_B,5475,930,714,1.303,OK,
2026-07-27 14:00:12,2026-07-27,14:00:12,Monday,14,N,20,Vidya Path: PGI Chowk ↔ Fountain Chowk,B_to_A,5474,813,716,1.135,OK,
2026-07-27 14:00:13,2026-07-27,14:00:13,Monday,14,N,21,Purv Marg: Tansport Chowk  ↔ Tribune Chowk,A_to_B,2620,448,411,1.09,OK,
2026-07-27 14:00:13,2026-07-27,14:00:13,Monday,14,N,21,Purv Marg: Tansport Chowk  ↔ Tribune Chowk,B_to_A,2611,511,436,1.172,OK,
2026-07-27 14:00:13,2026-07-27,14:00:13,Monday,14,N,22,Chandi Path: Sabzi Mandi Chowk  ↔ GMCH 32,A_to_B,2939,457,414,1.104,OK,
2026-07-27 14:00:13,2026-07-27,14:00:13,Monday,14,N,22,Chandi Path: Sabzi Mandi Chowk  ↔ GMCH 32,B_to_A,2756,425,361,1.177,OK,
2026-07-27 14:00:14,2026-07-27,14:00:14,Monday,14,N,23,Udyan Path: Secretariat Chowk  ↔ Furniture Chowk,A_to_B,7398,1078,883,1.221,OK,
2026-07-27 14:00:14,2026-07-27,14:00:14,Monday,14,N,23,Udyan Path: Secretariat Chowk  ↔ Furniture Chowk,B_to_A,7219,903,830,1.088,OK,
2026-07-27 14:00:14,2026-07-27,14:00:14,Monday,14,N,24,Madhya Marg: Sector 17 ↔ Railway Station,A_to_B,7206,1170,945,1.238,OK,
2026-07-27 14:00:14,2026-07-27,14:00:14,Monday,14,N,24,Madhya Marg: Sector 17 ↔ Railway Station,B_to_A,7518,1010,985,1.025,OK,
2026-07-27 14:00:15,2026-07-27,14:00:15,Monday,14,N,25,Paschim Marg: Sector 25 ↔ Sector 56,A_to_B,4090,587,535,1.097,OK,
2026-07-27 14:00:15,2026-07-27,14:00:15,Monday,14,N,25,Paschim Marg: Sector 25 ↔ Sector 56,B_to_A,3940,533,493,1.081,OK,
2026-07-27 14:30:01,2026-07-27,14:30:01,Monday,14,N,1,Madhya Marg: PGI Chowk ↔ Housing Board lights,A_to_B,11756,1563,1347,1.16,OK,
2026-07-27 14:30:02,2026-07-27,14:30:02,Monday,14,N,1,Madhya Marg: PGI Chowk ↔ Housing Board lights,B_to_A,8853,1377,1223,1.126,OK,
2026-07-27 14:30:02,2026-07-27,14:30:02,Monday,14,N,2,Udyog Path: PU Chowk ↔ Elante Mall,A_to_B,7111,1183,991,1.194,OK,
2026-07-27 14:30:02,2026-07-27,14:30:02,Monday,14,N,2,Udyog Path: PU Chowk ↔ Elante Mall,B_to_A,8051,1248,1091,1.144,OK,
2026-07-27 14:30:03,2026-07-27,14:30:03,Monday,14,N,3,Dakshin Marg: Daddu Majra ↔ Hallo Majra Lights,A_to_B,10942,1745,1413,1.235,OK,
2026-07-27 14:30:03,2026-07-27,14:30:03,Monday,14,N,3,Dakshin Marg: Daddu Majra ↔ Hallo Majra Lights,B_to_A,9077,1746,1438,1.214,OK,
2026-07-27 14:30:03,2026-07-27,14:30:03,Monday,14,N,4,Shanti Path: Sector 38W ↔ Sector 31 Lights,A_to_B,7418,1029,881,1.168,OK,
2026-07-27 14:30:03,2026-07-27,14:30:03,Monday,14,N,4,Shanti Path: Sector 38W ↔ Sector 31 Lights,B_to_A,7590,1191,937,1.271,OK,
2026-07-27 14:30:04,2026-07-27,14:30:04,Monday,14,N,5,NH 5: Grain Market ↔ Sector 47 Chowk,A_to_B,7596,977,930,1.051,OK,
2026-07-27 14:30:04,2026-07-27,14:30:04,Monday,14,N,5,NH 5: Grain Market ↔ Sector 47 Chowk,B_to_A,7551,983,972,1.011,OK,
2026-07-27 14:30:04,2026-07-27,14:30:04,Monday,14,N,6,Vigyan Path: PEC Chowk ↔ Golf Club,A_to_B,4491,559,472,1.184,OK,
2026-07-27 14:30:05,2026-07-27,14:30:05,Monday,14,N,6,Vigyan Path: PEC Chowk ↔ Golf Club,B_to_A,4518,581,525,1.107,OK,
2026-07-27 14:30:05,2026-07-27,14:30:05,Monday,14,N,7,Uttar Marg: Sector 2 Chowk ↔ Sukhna Lake,A_to_B,2481,277,274,1.011,OK,
2026-07-27 14:30:05,2026-07-27,14:30:05,Monday,14,N,7,Uttar Marg: Sector 2 Chowk ↔ Sukhna Lake,B_to_A,3144,406,423,0.96,OK,
2026-07-27 14:30:05,2026-07-27,14:30:05,Monday,14,N,8,Madhya Marg: Khudda Lahora ↔ Matka Chowk,A_to_B,4208,671,600,1.118,OK,
2026-07-27 14:30:06,2026-07-27,14:30:06,Monday,14,N,8,Madhya Marg: Khudda Lahora ↔ Matka Chowk,B_to_A,3931,652,529,1.233,OK,
2026-07-27 14:30:06,2026-07-27,14:30:06,Monday,14,N,9,Madhya Marg: GMSH 16 ↔ Kalagram,A_to_B,5749,986,832,1.185,OK,
2026-07-27 14:30:06,2026-07-27,14:30:06,Monday,14,N,9,Madhya Marg: GMSH 16 ↔ Kalagram,B_to_A,7158,825,822,1.004,OK,
2026-07-27 14:30:06,2026-07-27,14:30:06,Monday,14,N,10,Udyog Path: Dhanas ↔ ISBT Sector 17,A_to_B,4785,833,737,1.13,OK,
2026-07-27 14:30:07,2026-07-27,14:30:07,Monday,14,N,10,Udyog Path: Dhanas ↔ ISBT Sector 17,B_to_A,5507,1088,919,1.184,OK,
2026-07-27 14:30:07,2026-07-27,14:30:07,Monday,14,N,11,Udyog Path: ISBT Sector 17 ↔ Elante Mall,A_to_B,3274,499,383,1.303,OK,
2026-07-27 14:30:07,2026-07-27,14:30:07,Monday,14,N,11,Udyog Path: ISBT Sector 17 ↔ Elante Mall,B_to_A,3428,522,451,1.157,OK,
2026-07-27 14:30:07,2026-07-27,14:30:07,Monday,14,N,12,Dakshin Marg: DLF Mullanpur ↔ Kisan Bhawan Chowk,A_to_B,6720,911,894,1.019,OK,
2026-07-27 14:30:08,2026-07-27,14:30:08,Monday,14,N,12,Dakshin Marg: DLF Mullanpur ↔ Kisan Bhawan Chowk,B_to_A,7125,1045,974,1.073,OK,
2026-07-27 14:30:08,2026-07-27,14:30:08,Monday,14,N,13,Dakshin Marg: Kisan Bhawan Chowk ↔ Airport Chowk,A_to_B,8787,1578,1315,1.2,OK,
2026-07-27 14:30:08,2026-07-27,14:30:08,Monday,14,N,13,Dakshin Marg: Kisan Bhawan Chowk ↔ Airport Chowk,B_to_A,7967,1299,1138,1.141,OK,
2026-07-27 14:30:08,2026-07-27,14:30:08,Monday,14,N,14,NH 5: Max Hospital ↔ ISBT Sector 43,A_to_B,4206,526,503,1.046,OK,
2026-07-27 14:30:09,2026-07-27,14:30:09,Monday,14,N,14,NH 5: Max Hospital ↔ ISBT Sector 43,B_to_A,5553,701,694,1.01,OK,
2026-07-27 14:30:09,2026-07-27,14:30:09,Monday,14,N,15,Sukhna Path: Golf Club ↔ Cycle Chowk,A_to_B,7421,1147,1083,1.059,OK,
2026-07-27 14:30:09,2026-07-27,14:30:09,Monday,14,N,15,Sukhna Path: Golf Club ↔ Cycle Chowk,B_to_A,7321,1068,1080,0.989,OK,
2026-07-27 14:30:10,2026-07-27,14:30:10,Monday,14,N,16,Sarovar Path: Sukhna Lake ↔ Burail Jail,A_to_B,7816,1244,1066,1.167,OK,
2026-07-27 14:30:10,2026-07-27,14:30:10,Monday,14,N,16,Sarovar Path: Sukhna Lake ↔ Burail Jail,B_to_A,9522,1240,1245,0.996,OK,
2026-07-27 14:30:10,2026-07-27,14:30:10,Monday,14,N,17,Himalaya Marg: Rock Garden ↔ ISBT 43,A_to_B,8803,1256,1097,1.145,OK,
2026-07-27 14:30:10,2026-07-27,14:30:10,Monday,14,N,17,Himalaya Marg: Rock Garden ↔ ISBT 43,B_to_A,8947,1288,1132,1.138,OK,
2026-07-27 14:30:11,2026-07-27,14:30:11,Monday,14,N,18,Jan Marg: High Court ↔ ISBT 17,A_to_B,3334,418,390,1.072,OK,
2026-07-27 14:30:11,2026-07-27,14:30:11,Monday,14,N,18,Jan Marg: High Court ↔ ISBT 17,B_to_A,3132,365,337,1.083,OK,
2026-07-27 14:30:11,2026-07-27,14:30:11,Monday,14,N,19,Jan Marg: ISBT 17 ↔ ISBT 43,A_to_B,4115,736,568,1.296,OK,
2026-07-27 14:30:11,2026-07-27,14:30:11,Monday,14,N,19,Jan Marg: ISBT 17 ↔ ISBT 43,B_to_A,4233,730,579,1.261,OK,
2026-07-27 14:30:12,2026-07-27,14:30:12,Monday,14,N,20,Vidya Path: PGI Chowk ↔ Fountain Chowk,A_to_B,5475,866,714,1.213,OK,
2026-07-27 14:30:12,2026-07-27,14:30:12,Monday,14,N,20,Vidya Path: PGI Chowk ↔ Fountain Chowk,B_to_A,5474,846,716,1.182,OK,
2026-07-27 14:30:12,2026-07-27,14:30:12,Monday,14,N,21,Purv Marg: Tansport Chowk  ↔ Tribune Chowk,A_to_B,2620,448,411,1.09,OK,
2026-07-27 14:30:12,2026-07-27,14:30:12,Monday,14,N,21,Purv Marg: Tansport Chowk  ↔ Tribune Chowk,B_to_A,2611,603,436,1.383,OK,
2026-07-27 14:30:13,2026-07-27,14:30:13,Monday,14,N,22,Chandi Path: Sabzi Mandi Chowk  ↔ GMCH 32,A_to_B,2939,440,414,1.063,OK,
2026-07-27 14:30:13,2026-07-27,14:30:13,Monday,14,N,22,Chandi Path: Sabzi Mandi Chowk  ↔ GMCH 32,B_to_A,2756,428,361,1.186,OK,
2026-07-27 14:30:13,2026-07-27,14:30:13,Monday,14,N,23,Udyan Path: Secretariat Chowk  ↔ Furniture Chowk,A_to_B,8363,1202,965,1.246,OK,
2026-07-27 14:30:13,2026-07-27,14:30:13,Monday,14,N,23,Udyan Path: Secretariat Chowk  ↔ Furniture Chowk,B_to_A,7219,987,830,1.189,OK,
2026-07-27 14:30:14,2026-07-27,14:30:14,Monday,14,N,24,Madhya Marg: Sector 17 ↔ Railway Station,A_to_B,7206,1056,945,1.117,OK,
2026-07-27 14:30:14,2026-07-27,14:30:14,Monday,14,N,24,Madhya Marg: Sector 17 ↔ Railway Station,B_to_A,6858,1171,1071,1.093,OK,
2026-07-27 14:30:14,2026-07-27,14:30:14,Monday,14,N,25,Paschim Marg: Sector 25 ↔ Sector 56,A_to_B,4090,607,535,1.135,OK,
2026-07-27 14:30:14,2026-07-27,14:30:14,Monday,14,N,25,Paschim Marg: Sector 25 ↔ Sector 56,B_to_A,3940,518,493,1.051,OK,
2026-07-27 15:00:01,2026-07-27,15:00:01,Monday,15,N,1,Madhya Marg: PGI Chowk ↔ Housing Board lights,A_to_B,10410,1501,1430,1.05,OK,
2026-07-27 15:00:01,2026-07-27,15:00:01,Monday,15,N,1,Madhya Marg: PGI Chowk ↔ Housing Board lights,B_to_A,8853,1317,1223,1.077,OK,
2026-07-27 15:00:01,2026-07-27,15:00:01,Monday,15,N,2,Udyog Path: PU Chowk ↔ Elante Mall,A_to_B,7173,1204,1033,1.166,OK,
2026-07-27 15:00:02,2026-07-27,15:00:02,Monday,15,N,2,Udyog Path: PU Chowk ↔ Elante Mall,B_to_A,8050,1146,1091,1.05,OK,
2026-07-27 15:00:02,2026-07-27,15:00:02,Monday,15,N,3,Dakshin Marg: Daddu Majra ↔ Hallo Majra Lights,A_to_B,8610,1583,1261,1.255,OK,
2026-07-27 15:00:02,2026-07-27,15:00:02,Monday,15,N,3,Dakshin Marg: Daddu Majra ↔ Hallo Majra Lights,B_to_A,9099,1587,1505,1.054,OK,
2026-07-27 15:00:03,2026-07-27,15:00:03,Monday,15,N,4,Shanti Path: Sector 38W ↔ Sector 31 Lights,A_to_B,7418,1006,881,1.142,OK,
2026-07-27 15:00:03,2026-07-27,15:00:03,Monday,15,N,4,Shanti Path: Sector 38W ↔ Sector 31 Lights,B_to_A,7590,1087,937,1.16,OK,
2026-07-27 15:00:03,2026-07-27,15:00:03,Monday,15,N,5,NH 5: Grain Market ↔ Sector 47 Chowk,A_to_B,7596,961,930,1.033,OK,
2026-07-27 15:00:03,2026-07-27,15:00:03,Monday,15,N,5,NH 5: Grain Market ↔ Sector 47 Chowk,B_to_A,7551,951,972,0.978,OK,
2026-07-27 15:00:04,2026-07-27,15:00:04,Monday,15,N,6,Vigyan Path: PEC Chowk ↔ Golf Club,A_to_B,4491,587,472,1.244,OK,
2026-07-27 15:00:04,2026-07-27,15:00:04,Monday,15,N,6,Vigyan Path: PEC Chowk ↔ Golf Club,B_to_A,4518,710,525,1.352,OK,
2026-07-27 15:00:04,2026-07-27,15:00:04,Monday,15,N,7,Uttar Marg: Sector 2 Chowk ↔ Sukhna Lake,A_to_B,2481,279,274,1.018,OK,
2026-07-27 15:00:04,2026-07-27,15:00:04,Monday,15,N,7,Uttar Marg: Sector 2 Chowk ↔ Sukhna Lake,B_to_A,3144,400,423,0.946,OK,
2026-07-27 15:00:05,2026-07-27,15:00:05,Monday,15,N,8,Madhya Marg: Khudda Lahora ↔ Matka Chowk,A_to_B,4208,608,600,1.013,OK,
2026-07-27 15:00:05,2026-07-27,15:00:05,Monday,15,N,8,Madhya Marg: Khudda Lahora ↔ Matka Chowk,B_to_A,3931,600,529,1.134,OK,
2026-07-27 15:00:05,2026-07-27,15:00:05,Monday,15,N,9,Madhya Marg: GMSH 16 ↔ Kalagram,A_to_B,5749,873,832,1.049,OK,
2026-07-27 15:00:06,2026-07-27,15:00:06,Monday,15,N,9,Madhya Marg: GMSH 16 ↔ Kalagram,B_to_A,5517,819,772,1.061,OK,
2026-07-27 15:00:06,2026-07-27,15:00:06,Monday,15,N,10,Udyog Path: Dhanas ↔ ISBT Sector 17,A_to_B,4785,795,737,1.079,OK,
2026-07-27 15:00:06,2026-07-27,15:00:06,Monday,15,N,10,Udyog Path: Dhanas ↔ ISBT Sector 17,B_to_A,5507,1010,919,1.099,OK,
2026-07-27 15:00:06,2026-07-27,15:00:06,Monday,15,N,11,Udyog Path: ISBT Sector 17 ↔ Elante Mall,A_to_B,3274,435,383,1.136,OK,
2026-07-27 15:00:07,2026-07-27,15:00:07,Monday,15,N,11,Udyog Path: ISBT Sector 17 ↔ Elante Mall,B_to_A,3428,487,451,1.08,OK,
2026-07-27 15:00:07,2026-07-27,15:00:07,Monday,15,N,12,Dakshin Marg: DLF Mullanpur ↔ Kisan Bhawan Chowk,A_to_B,6720,885,894,0.99,OK,
2026-07-27 15:00:07,2026-07-27,15:00:07,Monday,15,N,12,Dakshin Marg: DLF Mullanpur ↔ Kisan Bhawan Chowk,B_to_A,7125,1054,974,1.082,OK,
2026-07-27 15:00:07,2026-07-27,15:00:07,Monday,15,N,13,Dakshin Marg: Kisan Bhawan Chowk ↔ Airport Chowk,A_to_B,7722,1513,1090,1.388,OK,
2026-07-27 15:00:08,2026-07-27,15:00:08,Monday,15,N,13,Dakshin Marg: Kisan Bhawan Chowk ↔ Airport Chowk,B_to_A,7973,1210,1122,1.078,OK,
2026-07-27 15:00:08,2026-07-27,15:00:08,Monday,15,N,14,NH 5: Max Hospital ↔ ISBT Sector 43,A_to_B,4206,513,503,1.02,OK,
2026-07-27 15:00:08,2026-07-27,15:00:08,Monday,15,N,14,NH 5: Max Hospital ↔ ISBT Sector 43,B_to_A,5445,644,667,0.966,OK,
2026-07-27 15:00:08,2026-07-27,15:00:08,Monday,15,N,15,Sukhna Path: Golf Club ↔ Cycle Chowk,A_to_B,7421,1099,1083,1.015,OK,
2026-07-27 15:00:09,2026-07-27,15:00:09,Monday,15,N,15,Sukhna Path: Golf Club ↔ Cycle Chowk,B_to_A,7321,1076,1080,0.996,OK,
2026-07-27 15:00:09,2026-07-27,15:00:09,Monday,15,N,16,Sarovar Path: Sukhna Lake ↔ Burail Jail,A_to_B,7816,1248,1066,1.171,OK,
2026-07-27 15:00:09,2026-07-27,15:00:09,Monday,15,N,16,Sarovar Path: Sukhna Lake ↔ Burail Jail,B_to_A,7928,1218,1084,1.124,OK,
2026-07-27 15:00:09,2026-07-27,15:00:09,Monday,15,N,17,Himalaya Marg: Rock Garden ↔ ISBT 43,A_to_B,8803,1179,1097,1.075,OK,
2026-07-27 15:00:10,2026-07-27,15:00:10,Monday,15,N,17,Himalaya Marg: Rock Garden ↔ ISBT 43,B_to_A,8928,1165,1121,1.039,OK,
2026-07-27 15:00:10,2026-07-27,15:00:10,Monday,15,N,18,Jan Marg: High Court ↔ ISBT 17,A_to_B,3334,407,390,1.044,OK,
2026-07-27 15:00:10,2026-07-27,15:00:10,Monday,15,N,18,Jan Marg: High Court ↔ ISBT 17,B_to_A,3132,333,337,0.988,OK,
2026-07-27 15:00:10,2026-07-27,15:00:10,Monday,15,N,19,Jan Marg: ISBT 17 ↔ ISBT 43,A_to_B,4115,646,568,1.137,OK,
2026-07-27 15:00:11,2026-07-27,15:00:11,Monday,15,N,19,Jan Marg: ISBT 17 ↔ ISBT 43,B_to_A,4233,608,579,1.05,OK,
2026-07-27 15:00:11,2026-07-27,15:00:11,Monday,15,N,20,Vidya Path: PGI Chowk ↔ Fountain Chowk,A_to_B,5475,804,714,1.126,OK,
2026-07-27 15:00:11,2026-07-27,15:00:11,Monday,15,N,20,Vidya Path: PGI Chowk ↔ Fountain Chowk,B_to_A,5474,786,716,1.098,OK,
2026-07-27 15:00:12,2026-07-27,15:00:12,Monday,15,N,21,Purv Marg: Tansport Chowk  ↔ Tribune Chowk,A_to_B,2620,461,411,1.122,OK,
2026-07-27 15:00:12,2026-07-27,15:00:12,Monday,15,N,21,Purv Marg: Tansport Chowk  ↔ Tribune Chowk,B_to_A,2611,550,436,1.261,OK,
2026-07-27 15:00:12,2026-07-27,15:00:12,Monday,15,N,22,Chandi Path: Sabzi Mandi Chowk  ↔ GMCH 32,A_to_B,2939,441,414,1.065,OK,
2026-07-27 15:00:12,2026-07-27,15:00:12,Monday,15,N,22,Chandi Path: Sabzi Mandi Chowk  ↔ GMCH 32,B_to_A,2756,400,361,1.108,OK,
2026-07-27 15:00:13,2026-07-27,15:00:13,Monday,15,N,23,Udyan Path: Secretariat Chowk  ↔ Furniture Chowk,A_to_B,7398,994,883,1.126,OK,
2026-07-27 15:00:13,2026-07-27,15:00:13,Monday,15,N,23,Udyan Path: Secretariat Chowk  ↔ Furniture Chowk,B_to_A,7219,899,830,1.083,OK,
2026-07-27 15:00:13,2026-07-27,15:00:13,Monday,15,N,24,Madhya Marg: Sector 17 ↔ Railway Station,A_to_B,7206,1027,945,1.087,OK,
2026-07-27 15:00:13,2026-07-27,15:00:13,Monday,15,N,24,Madhya Marg: Sector 17 ↔ Railway Station,B_to_A,6858,1064,1071,0.993,OK,
2026-07-27 15:00:14,2026-07-27,15:00:14,Monday,15,N,25,Paschim Marg: Sector 25 ↔ Sector 56,A_to_B,4090,752,535,1.406,OK,
2026-07-27 15:00:14,2026-07-27,15:00:14,Monday,15,N,25,Paschim Marg: Sector 25 ↔ Sector 56,B_to_A,3940,516,493,1.047,OK,
2026-07-27 15:30:01,2026-07-27,15:30:01,Monday,15,N,1,Madhya Marg: PGI Chowk ↔ Housing Board lights,A_to_B,11756,1394,1347,1.035,OK,
2026-07-27 15:30:02,2026-07-27,15:30:02,Monday,15,N,1,Madhya Marg: PGI Chowk ↔ Housing Board lights,B_to_A,8853,1312,1223,1.073,OK,
2026-07-27 15:30:02,2026-07-27,15:30:02,Monday,15,N,2,Udyog Path: PU Chowk ↔ Elante Mall,A_to_B,7173,1126,1033,1.09,OK,
2026-07-27 15:30:02,2026-07-27,15:30:02,Monday,15,N,2,Udyog Path: PU Chowk ↔ Elante Mall,B_to_A,8051,1160,1091,1.063,OK,
2026-07-27 15:30:02,2026-07-27,15:30:02,Monday,15,N,3,Dakshin Marg: Daddu Majra ↔ Hallo Majra Lights,A_to_B,8627,1574,1273,1.236,OK,
2026-07-27 15:30:03,2026-07-27,15:30:03,Monday,15,N,3,Dakshin Marg: Daddu Majra ↔ Hallo Majra Lights,B_to_A,9083,1428,1481,0.964,OK,
2026-07-27 15:30:03,2026-07-27,15:30:03,Monday,15,N,4,Shanti Path: Sector 38W ↔ Sector 31 Lights,A_to_B,7418,948,881,1.076,OK,
2026-07-27 15:30:03,2026-07-27,15:30:03,Monday,15,N,4,Shanti Path: Sector 38W ↔ Sector 31 Lights,B_to_A,7590,1066,937,1.138,OK,
2026-07-27 15:30:04,2026-07-27,15:30:04,Monday,15,N,5,NH 5: Grain Market ↔ Sector 47 Chowk,A_to_B,7596,952,930,1.024,OK,
2026-07-27 15:30:04,2026-07-27,15:30:04,Monday,15,N,5,NH 5: Grain Market ↔ Sector 47 Chowk,B_to_A,7551,932,972,0.959,OK,
2026-07-27 15:30:04,2026-07-27,15:30:04,Monday,15,N,6,Vigyan Path: PEC Chowk ↔ Golf Club,A_to_B,4491,493,472,1.044,OK,
2026-07-27 15:30:04,2026-07-27,15:30:04,Monday,15,N,6,Vigyan Path: PEC Chowk ↔ Golf Club,B_to_A,4518,522,525,0.994,OK,
2026-07-27 15:30:05,2026-07-27,15:30:05,Monday,15,N,7,Uttar Marg: Sector 2 Chowk ↔ Sukhna Lake,A_to_B,2481,287,274,1.047,OK,
2026-07-27 15:30:05,2026-07-27,15:30:05,Monday,15,N,7,Uttar Marg: Sector 2 Chowk ↔ Sukhna Lake,B_to_A,3144,414,423,0.979,OK,
2026-07-27 15:30:05,2026-07-27,15:30:05,Monday,15,N,8,Madhya Marg: Khudda Lahora ↔ Matka Chowk,A_to_B,4208,580,600,0.967,OK,
2026-07-27 15:30:05,2026-07-27,15:30:05,Monday,15,N,8,Madhya Marg: Khudda Lahora ↔ Matka Chowk,B_to_A,3931,599,529,1.132,OK,
2026-07-27 15:30:06,2026-07-27,15:30:06,Monday,15,N,9,Madhya Marg: GMSH 16 ↔ Kalagram,A_to_B,7540,878,891,0.985,OK,
2026-07-27 15:30:06,2026-07-27,15:30:06,Monday,15,N,9,Madhya Marg: GMSH 16 ↔ Kalagram,B_to_A,7158,825,822,1.004,OK,
2026-07-27 15:30:06,2026-07-27,15:30:06,Monday,15,N,10,Udyog Path: Dhanas ↔ ISBT Sector 17,A_to_B,4785,769,737,1.043,OK,
2026-07-27 15:30:06,2026-07-27,15:30:06,Monday,15,N,10,Udyog Path: Dhanas ↔ ISBT Sector 17,B_to_A,5507,926,919,1.008,OK,
2026-07-27 15:30:07,2026-07-27,15:30:07,Monday,15,N,11,Udyog Path: ISBT Sector 17 ↔ Elante Mall,A_to_B,3274,440,383,1.149,OK,
2026-07-27 15:30:07,2026-07-27,15:30:07,Monday,15,N,11,Udyog Path: ISBT Sector 17 ↔ Elante Mall,B_to_A,3428,518,451,1.149,OK,
2026-07-27 15:30:07,2026-07-27,15:30:07,Monday,15,N,12,Dakshin Marg: DLF Mullanpur ↔ Kisan Bhawan Chowk,A_to_B,6720,897,894,1.003,OK,
2026-07-27 15:30:08,2026-07-27,15:30:08,Monday,15,N,12,Dakshin Marg: DLF Mullanpur ↔ Kisan Bhawan Chowk,B_to_A,7109,927,950,0.976,OK,
2026-07-27 15:30:08,2026-07-27,15:30:08,Monday,15,N,13,Dakshin Marg: Kisan Bhawan Chowk ↔ Airport Chowk,A_to_B,7739,1518,1103,1.376,OK,
2026-07-27 15:30:08,2026-07-27,15:30:08,Monday,15,N,13,Dakshin Marg: Kisan Bhawan Chowk ↔ Airport Chowk,B_to_A,7967,1171,1138,1.029,OK,
2026-07-27 15:30:08,2026-07-27,15:30:08,Monday,15,N,14,NH 5: Max Hospital ↔ ISBT Sector 43,A_to_B,4206,514,503,1.022,OK,
2026-07-27 15:30:09,2026-07-27,15:30:09,Monday,15,N,14,NH 5: Max Hospital ↔ ISBT Sector 43,B_to_A,5445,663,667,0.994,OK,
2026-07-27 15:30:09,2026-07-27,15:30:09,Monday,15,N,15,Sukhna Path: Golf Club ↔ Cycle Chowk,A_to_B,8879,1138,1184,0.961,OK,
2026-07-27 15:30:09,2026-07-27,15:30:09,Monday,15,N,15,Sukhna Path: Golf Club ↔ Cycle Chowk,B_to_A,7321,1095,1080,1.014,OK,
2026-07-27 15:30:09,2026-07-27,15:30:09,Monday,15,N,16,Sarovar Path: Sukhna Lake ↔ Burail Jail,A_to_B,7816,1131,1066,1.061,OK,
2026-07-27 15:30:10,2026-07-27,15:30:10,Monday,15,N,16,Sarovar Path: Sukhna Lake ↔ Burail Jail,B_to_A,7928,1192,1084,1.1,OK,
2026-07-27 15:30:10,2026-07-27,15:30:10,Monday,15,N,17,Himalaya Marg: Rock Garden ↔ ISBT 43,A_to_B,8803,1161,1097,1.058,OK,
2026-07-27 15:30:10,2026-07-27,15:30:10,Monday,15,N,17,Himalaya Marg: Rock Garden ↔ ISBT 43,B_to_A,8947,1194,1132,1.055,OK,
2026-07-27 15:30:10,2026-07-27,15:30:10,Monday,15,N,18,Jan Marg: High Court ↔ ISBT 17,A_to_B,3334,412,390,1.056,OK,
2026-07-27 15:30:11,2026-07-27,15:30:11,Monday,15,N,18,Jan Marg: High Court ↔ ISBT 17,B_to_A,3132,330,337,0.979,OK,
2026-07-27 15:30:11,2026-07-27,15:30:11,Monday,15,N,19,Jan Marg: ISBT 17 ↔ ISBT 43,A_to_B,4115,590,568,1.039,OK,
2026-07-27 15:30:11,2026-07-27,15:30:11,Monday,15,N,19,Jan Marg: ISBT 17 ↔ ISBT 43,B_to_A,4233,635,579,1.097,OK,
2026-07-27 15:30:11,2026-07-27,15:30:11,Monday,15,N,20,Vidya Path: PGI Chowk ↔ Fountain Chowk,A_to_B,5475,929,714,1.301,OK,
2026-07-27 15:30:12,2026-07-27,15:30:12,Monday,15,N,20,Vidya Path: PGI Chowk ↔ Fountain Chowk,B_to_A,5474,748,716,1.045,OK,
2026-07-27 15:30:12,2026-07-27,15:30:12,Monday,15,N,21,Purv Marg: Tansport Chowk  ↔ Tribune Chowk,A_to_B,2620,463,411,1.127,OK,
2026-07-27 15:30:12,2026-07-27,15:30:12,Monday,15,N,21,Purv Marg: Tansport Chowk  ↔ Tribune Chowk,B_to_A,2611,519,436,1.19,OK,
2026-07-27 15:30:12,2026-07-27,15:30:12,Monday,15,N,22,Chandi Path: Sabzi Mandi Chowk  ↔ GMCH 32,A_to_B,2939,432,414,1.043,OK,
2026-07-27 15:30:13,2026-07-27,15:30:13,Monday,15,N,22,Chandi Path: Sabzi Mandi Chowk  ↔ GMCH 32,B_to_A,2756,401,361,1.111,OK,
2026-07-27 15:30:13,2026-07-27,15:30:13,Monday,15,N,23,Udyan Path: Secretariat Chowk  ↔ Furniture Chowk,A_to_B,7398,981,883,1.111,OK,
2026-07-27 15:30:13,2026-07-27,15:30:13,Monday,15,N,23,Udyan Path: Secretariat Chowk  ↔ Furniture Chowk,B_to_A,7219,883,830,1.064,OK,
2026-07-27 15:30:14,2026-07-27,15:30:14,Monday,15,N,24,Madhya Marg: Sector 17 ↔ Railway Station,A_to_B,7206,1076,945,1.139,OK,
2026-07-27 15:30:14,2026-07-27,15:30:14,Monday,15,N,24,Madhya Marg: Sector 17 ↔ Railway Station,B_to_A,7877,979,1036,0.945,OK,
2026-07-27 15:30:14,2026-07-27,15:30:14,Monday,15,N,25,Paschim Marg: Sector 25 ↔ Sector 56,A_to_B,4090,561,535,1.049,OK,
2026-07-27 15:30:14,2026-07-27,15:30:14,Monday,15,N,25,Paschim Marg: Sector 25 ↔ Sector 56,B_to_A,3940,513,493,1.041,OK,
2026-07-27 16:00:02,2026-07-27,16:00:02,Monday,16,N,1,Madhya Marg: PGI Chowk ↔ Housing Board lights,A_to_B,11756,1436,1347,1.066,OK,
2026-07-27 16:00:02,2026-07-27,16:00:02,Monday,16,N,1,Madhya Marg: PGI Chowk ↔ Housing Board lights,B_to_A,8853,1315,1223,1.075,OK,
2026-07-27 16:00:02,2026-07-27,16:00:02,Monday,16,N,2,Udyog Path: PU Chowk ↔ Elante Mall,A_to_B,7173,1214,1033,1.175,OK,
2026-07-27 16:00:03,2026-07-27,16:00:03,Monday,16,N,2,Udyog Path: PU Chowk ↔ Elante Mall,B_to_A,8051,1105,1091,1.013,OK,
2026-07-27 16:00:03,2026-07-27,16:00:03,Monday,16,N,3,Dakshin Marg: Daddu Majra ↔ Hallo Majra Lights,A_to_B,8610,1591,1261,1.262,OK,
2026-07-27 16:00:03,2026-07-27,16:00:03,Monday,16,N,3,Dakshin Marg: Daddu Majra ↔ Hallo Majra Lights,B_to_A,9042,1442,1445,0.998,OK,
2026-07-27 16:00:03,2026-07-27,16:00:03,Monday,16,N,4,Shanti Path: Sector 38W ↔ Sector 31 Lights,A_to_B,7418,918,881,1.042,OK,
2026-07-27 16:00:04,2026-07-27,16:00:04,Monday,16,N,4,Shanti Path: Sector 38W ↔ Sector 31 Lights,B_to_A,7590,1060,937,1.131,OK,
2026-07-27 16:00:04,2026-07-27,16:00:04,Monday,16,N,5,NH 5: Grain Market ↔ Sector 47 Chowk,A_to_B,7596,953,930,1.025,OK,
2026-07-27 16:00:04,2026-07-27,16:00:04,Monday,16,N,5,NH 5: Grain Market ↔ Sector 47 Chowk,B_to_A,7551,943,972,0.97,OK,
2026-07-27 16:00:05,2026-07-27,16:00:05,Monday,16,N,6,Vigyan Path: PEC Chowk ↔ Golf Club,A_to_B,4491,500,472,1.059,OK,
2026-07-27 16:00:05,2026-07-27,16:00:05,Monday,16,N,6,Vigyan Path: PEC Chowk ↔ Golf Club,B_to_A,4518,529,525,1.008,OK,
2026-07-27 16:00:05,2026-07-27,16:00:05,Monday,16,N,7,Uttar Marg: Sector 2 Chowk ↔ Sukhna Lake,A_to_B,2481,294,274,1.073,OK,
2026-07-27 16:00:05,2026-07-27,16:00:05,Monday,16,N,7,Uttar Marg: Sector 2 Chowk ↔ Sukhna Lake,B_to_A,3144,424,423,1.002,OK,
2026-07-27 16:00:06,2026-07-27,16:00:06,Monday,16,N,8,Madhya Marg: Khudda Lahora ↔ Matka Chowk,A_to_B,4208,656,600,1.093,OK,
2026-07-27 16:00:06,2026-07-27,16:00:06,Monday,16,N,8,Madhya Marg: Khudda Lahora ↔ Matka Chowk,B_to_A,3931,578,529,1.093,OK,
2026-07-27 16:00:06,2026-07-27,16:00:06,Monday,16,N,9,Madhya Marg: GMSH 16 ↔ Kalagram,A_to_B,5749,883,832,1.061,OK,
2026-07-27 16:00:06,2026-07-27,16:00:06,Monday,16,N,9,Madhya Marg: GMSH 16 ↔ Kalagram,B_to_A,5517,875,772,1.133,OK,
2026-07-27 16:00:07,2026-07-27,16:00:07,Monday,16,N,10,Udyog Path: Dhanas ↔ ISBT Sector 17,A_to_B,4785,750,737,1.018,OK,
2026-07-27 16:00:07,2026-07-27,16:00:07,Monday,16,N,10,Udyog Path: Dhanas ↔ ISBT Sector 17,B_to_A,5507,895,919,0.974,OK,
2026-07-27 16:00:07,2026-07-27,16:00:07,Monday,16,N,11,Udyog Path: ISBT Sector 17 ↔ Elante Mall,A_to_B,3274,598,383,1.561,OK,
2026-07-27 16:00:07,2026-07-27,16:00:07,Monday,16,N,11,Udyog Path: ISBT Sector 17 ↔ Elante Mall,B_to_A,3428,500,451,1.109,OK,
2026-07-27 16:00:08,2026-07-27,16:00:08,Monday,16,N,12,Dakshin Marg: DLF Mullanpur ↔ Kisan Bhawan Chowk,A_to_B,6720,887,894,0.992,OK,
2026-07-27 16:00:08,2026-07-27,16:00:08,Monday,16,N,12,Dakshin Marg: DLF Mullanpur ↔ Kisan Bhawan Chowk,B_to_A,7109,934,950,0.983,OK,
2026-07-27 16:00:08,2026-07-27,16:00:08,Monday,16,N,13,Dakshin Marg: Kisan Bhawan Chowk ↔ Airport Chowk,A_to_B,7722,1499,1090,1.375,OK,
2026-07-27 16:00:09,2026-07-27,16:00:09,Monday,16,N,13,Dakshin Marg: Kisan Bhawan Chowk ↔ Airport Chowk,B_to_A,7931,1187,1144,1.038,OK,
2026-07-27 16:00:09,2026-07-27,16:00:09,Monday,16,N,14,NH 5: Max Hospital ↔ ISBT Sector 43,A_to_B,4206,517,503,1.028,OK,
2026-07-27 16:00:09,2026-07-27,16:00:09,Monday,16,N,14,NH 5: Max Hospital ↔ ISBT Sector 43,B_to_A,5445,652,667,0.978,OK,
2026-07-27 16:00:09,2026-07-27,16:00:09,Monday,16,N,15,Sukhna Path: Golf Club ↔ Cycle Chowk,A_to_B,8924,1106,1149,0.963,OK,
2026-07-27 16:00:10,2026-07-27,16:00:10,Monday,16,N,15,Sukhna Path: Golf Club ↔ Cycle Chowk,B_to_A,7321,1083,1080,1.003,OK,
2026-07-27 16:00:10,2026-07-27,16:00:10,Monday,16,N,16,Sarovar Path: Sukhna Lake ↔ Burail Jail,A_to_B,7816,1149,1066,1.078,OK,
2026-07-27 16:00:10,2026-07-27,16:00:10,Monday,16,N,16,Sarovar Path: Sukhna Lake ↔ Burail Jail,B_to_A,7928,1169,1084,1.078,OK,
2026-07-27 16:00:10,2026-07-27,16:00:10,Monday,16,N,17,Himalaya Marg: Rock Garden ↔ ISBT 43,A_to_B,8803,1216,1097,1.108,OK,
2026-07-27 16:00:11,2026-07-27,16:00:11,Monday,16,N,17,Himalaya Marg: Rock Garden ↔ ISBT 43,B_to_A,8947,1152,1132,1.018,OK,
2026-07-27 16:00:11,2026-07-27,16:00:11,Monday,16,N,18,Jan Marg: High Court ↔ ISBT 17,A_to_B,3334,460,390,1.179,OK,
2026-07-27 16:00:11,2026-07-27,16:00:11,Monday,16,N,18,Jan Marg: High Court ↔ ISBT 17,B_to_A,3132,342,337,1.015,OK,
2026-07-27 16:00:11,2026-07-27,16:00:11,Monday,16,N,19,Jan Marg: ISBT 17 ↔ ISBT 43,A_to_B,4115,613,568,1.079,OK,
2026-07-27 16:00:12,2026-07-27,16:00:12,Monday,16,N,19,Jan Marg: ISBT 17 ↔ ISBT 43,B_to_A,4233,584,579,1.009,OK,
2026-07-27 16:00:12,2026-07-27,16:00:12,Monday,16,N,20,Vidya Path: PGI Chowk ↔ Fountain Chowk,A_to_B,5475,750,714,1.05,OK,
2026-07-27 16:00:12,2026-07-27,16:00:12,Monday,16,N,20,Vidya Path: PGI Chowk ↔ Fountain Chowk,B_to_A,5474,741,716,1.035,OK,
2026-07-27 16:00:13,2026-07-27,16:00:13,Monday,16,N,21,Purv Marg: Tansport Chowk  ↔ Tribune Chowk,A_to_B,2620,450,411,1.095,OK,
2026-07-27 16:00:13,2026-07-27,16:00:13,Monday,16,N,21,Purv Marg: Tansport Chowk  ↔ Tribune Chowk,B_to_A,2611,525,436,1.204,OK,
2026-07-27 16:00:13,2026-07-27,16:00:13,Monday,16,N,22,Chandi Path: Sabzi Mandi Chowk  ↔ GMCH 32,A_to_B,2939,418,414,1.01,OK,
2026-07-27 16:00:13,2026-07-27,16:00:13,Monday,16,N,22,Chandi Path: Sabzi Mandi Chowk  ↔ GMCH 32,B_to_A,2756,391,361,1.083,OK,
2026-07-27 16:00:14,2026-07-27,16:00:14,Monday,16,N,23,Udyan Path: Secretariat Chowk  ↔ Furniture Chowk,A_to_B,7398,993,883,1.125,OK,
2026-07-27 16:00:14,2026-07-27,16:00:14,Monday,16,N,23,Udyan Path: Secretariat Chowk  ↔ Furniture Chowk,B_to_A,7219,821,830,0.989,OK,
2026-07-27 16:00:14,2026-07-27,16:00:14,Monday,16,N,24,Madhya Marg: Sector 17 ↔ Railway Station,A_to_B,7206,1105,945,1.169,OK,
2026-07-27 16:00:14,2026-07-27,16:00:14,Monday,16,N,24,Madhya Marg: Sector 17 ↔ Railway Station,B_to_A,7877,1007,1036,0.972,OK,
2026-07-27 16:00:15,2026-07-27,16:00:15,Monday,16,N,25,Paschim Marg: Sector 25 ↔ Sector 56,A_to_B,4090,552,535,1.032,OK,
2026-07-27 16:00:15,2026-07-27,16:00:15,Monday,16,N,25,Paschim Marg: Sector 25 ↔ Sector 56,B_to_A,3940,493,493,1.0,OK,
2026-07-27 16:30:01,2026-07-27,16:30:01,Monday,16,N,1,Madhya Marg: PGI Chowk ↔ Housing Board lights,A_to_B,11756,1480,1347,1.099,OK,
2026-07-27 16:30:02,2026-07-27,16:30:02,Monday,16,N,1,Madhya Marg: PGI Chowk ↔ Housing Board lights,B_to_A,8853,1290,1223,1.055,OK,
2026-07-27 16:30:02,2026-07-27,16:30:02,Monday,16,N,2,Udyog Path: PU Chowk ↔ Elante Mall,A_to_B,7173,1280,1033,1.239,OK,
2026-07-27 16:30:02,2026-07-27,16:30:02,Monday,16,N,2,Udyog Path: PU Chowk ↔ Elante Mall,B_to_A,8050,1098,1091,1.006,OK,
2026-07-27 16:30:03,2026-07-27,16:30:03,Monday,16,N,3,Dakshin Marg: Daddu Majra ↔ Hallo Majra Lights,A_to_B,8610,1407,1261,1.116,OK,
2026-07-27 16:30:03,2026-07-27,16:30:03,Monday,16,N,3,Dakshin Marg: Daddu Majra ↔ Hallo Majra Lights,B_to_A,9083,1456,1481,0.983,OK,
2026-07-27 16:30:03,2026-07-27,16:30:03,Monday,16,N,4,Shanti Path: Sector 38W ↔ Sector 31 Lights,A_to_B,7418,929,881,1.054,OK,
2026-07-27 16:30:03,2026-07-27,16:30:03,Monday,16,N,4,Shanti Path: Sector 38W ↔ Sector 31 Lights,B_to_A,7590,1088,937,1.161,OK,
2026-07-27 16:30:04,2026-07-27,16:30:04,Monday,16,N,5,NH 5: Grain Market ↔ Sector 47 Chowk,A_to_B,7596,934,930,1.004,OK,
2026-07-27 16:30:04,2026-07-27,16:30:04,Monday,16,N,5,NH 5: Grain Market ↔ Sector 47 Chowk,B_to_A,7551,952,972,0.979,OK,
2026-07-27 16:30:04,2026-07-27,16:30:04,Monday,16,N,6,Vigyan Path: PEC Chowk ↔ Golf Club,A_to_B,4491,526,472,1.114,OK,
2026-07-27 16:30:04,2026-07-27,16:30:04,Monday,16,N,6,Vigyan Path: PEC Chowk ↔ Golf Club,B_to_A,4518,540,525,1.029,OK,
2026-07-27 16:30:05,2026-07-27,16:30:05,Monday,16,N,7,Uttar Marg: Sector 2 Chowk ↔ Sukhna Lake,A_to_B,2481,298,274,1.088,OK,
2026-07-27 16:30:05,2026-07-27,16:30:05,Monday,16,N,7,Uttar Marg: Sector 2 Chowk ↔ Sukhna Lake,B_to_A,3144,417,423,0.986,OK,
2026-07-27 16:30:05,2026-07-27,16:30:05,Monday,16,N,8,Madhya Marg: Khudda Lahora ↔ Matka Chowk,A_to_B,4208,599,600,0.998,OK,
2026-07-27 16:30:06,2026-07-27,16:30:06,Monday,16,N,8,Madhya Marg: Khudda Lahora ↔ Matka Chowk,B_to_A,3931,573,529,1.083,OK,
2026-07-27 16:30:06,2026-07-27,16:30:06,Monday,16,N,9,Madhya Marg: GMSH 16 ↔ Kalagram,A_to_B,5749,893,832,1.073,OK,
2026-07-27 16:30:06,2026-07-27,16:30:06,Monday,16,N,9,Madhya Marg: GMSH 16 ↔ Kalagram,B_to_A,5517,801,772,1.038,OK,
2026-07-27 16:30:06,2026-07-27,16:30:06,Monday,16,N,10,Udyog Path: Dhanas ↔ ISBT Sector 17,A_to_B,4785,740,737,1.004,OK,
2026-07-27 16:30:07,2026-07-27,16:30:07,Monday,16,N,10,Udyog Path: Dhanas ↔ ISBT Sector 17,B_to_A,5507,875,919,0.952,OK,
2026-07-27 16:30:07,2026-07-27,16:30:07,Monday,16,N,11,Udyog Path: ISBT Sector 17 ↔ Elante Mall,A_to_B,3274,631,383,1.648,OK,
2026-07-27 16:30:07,2026-07-27,16:30:07,Monday,16,N,11,Udyog Path: ISBT Sector 17 ↔ Elante Mall,B_to_A,3428,484,451,1.073,OK,
2026-07-27 16:30:07,2026-07-27,16:30:07,Monday,16,N,12,Dakshin Marg: DLF Mullanpur ↔ Kisan Bhawan Chowk,A_to_B,6720,908,894,1.016,OK,
2026-07-27 16:30:08,2026-07-27,16:30:08,Monday,16,N,12,Dakshin Marg: DLF Mullanpur ↔ Kisan Bhawan Chowk,B_to_A,7109,965,950,1.016,OK,
2026-07-27 16:30:08,2026-07-27,16:30:08,Monday,16,N,13,Dakshin Marg: Kisan Bhawan Chowk ↔ Airport Chowk,A_to_B,7722,1361,1090,1.249,OK,
2026-07-27 16:30:08,2026-07-27,16:30:08,Monday,16,N,13,Dakshin Marg: Kisan Bhawan Chowk ↔ Airport Chowk,B_to_A,7973,1186,1122,1.057,OK,
2026-07-27 16:30:08,2026-07-27,16:30:08,Monday,16,N,14,NH 5: Max Hospital ↔ ISBT Sector 43,A_to_B,4206,480,503,0.954,OK,
2026-07-27 16:30:09,2026-07-27,16:30:09,Monday,16,N,14,NH 5: Max Hospital ↔ ISBT Sector 43,B_to_A,5445,660,667,0.99,OK,
2026-07-27 16:30:09,2026-07-27,16:30:09,Monday,16,N,15,Sukhna Path: Golf Club ↔ Cycle Chowk,A_to_B,8879,1116,1184,0.943,OK,
2026-07-27 16:30:09,2026-07-27,16:30:09,Monday,16,N,15,Sukhna Path: Golf Club ↔ Cycle Chowk,B_to_A,7321,1089,1080,1.008,OK,
2026-07-27 16:30:09,2026-07-27,16:30:09,Monday,16,N,16,Sarovar Path: Sukhna Lake ↔ Burail Jail,A_to_B,7816,1153,1066,1.082,OK,
2026-07-27 16:30:10,2026-07-27,16:30:10,Monday,16,N,16,Sarovar Path: Sukhna Lake ↔ Burail Jail,B_to_A,7928,1202,1084,1.109,OK,
2026-07-27 16:30:10,2026-07-27,16:30:10,Monday,16,N,17,Himalaya Marg: Rock Garden ↔ ISBT 43,A_to_B,8803,1217,1097,1.109,OK,
2026-07-27 16:30:10,2026-07-27,16:30:10,Monday,16,N,17,Himalaya Marg: Rock Garden ↔ ISBT 43,B_to_A,8947,1205,1132,1.064,OK,
2026-07-27 16:30:11,2026-07-27,16:30:11,Monday,16,N,18,Jan Marg: High Court ↔ ISBT 17,A_to_B,3334,427,390,1.095,OK,
2026-07-27 16:30:11,2026-07-27,16:30:11,Monday,16,N,18,Jan Marg: High Court ↔ ISBT 17,B_to_A,3132,346,337,1.027,OK,
2026-07-27 16:30:11,2026-07-27,16:30:11,Monday,16,N,19,Jan Marg: ISBT 17 ↔ ISBT 43,A_to_B,4115,654,568,1.151,OK,
2026-07-27 16:30:11,2026-07-27,16:30:11,Monday,16,N,19,Jan Marg: ISBT 17 ↔ ISBT 43,B_to_A,4233,615,579,1.062,OK,
2026-07-27 16:30:12,2026-07-27,16:30:12,Monday,16,N,20,Vidya Path: PGI Chowk ↔ Fountain Chowk,A_to_B,5475,823,714,1.153,OK,
2026-07-27 16:30:12,2026-07-27,16:30:12,Monday,16,N,20,Vidya Path: PGI Chowk ↔ Fountain Chowk,B_to_A,5474,787,716,1.099,OK,
2026-07-27 16:30:12,2026-07-27,16:30:12,Monday,16,N,21,Purv Marg: Tansport Chowk  ↔ Tribune Chowk,A_to_B,2620,465,411,1.131,OK,
2026-07-27 16:30:12,2026-07-27,16:30:12,Monday,16,N,21,Purv Marg: Tansport Chowk  ↔ Tribune Chowk,B_to_A,2611,499,436,1.144,OK,
2026-07-27 16:30:13,2026-07-27,16:30:13,Monday,16,N,22,Chandi Path: Sabzi Mandi Chowk  ↔ GMCH 32,A_to_B,2939,406,414,0.981,OK,
2026-07-27 16:30:13,2026-07-27,16:30:13,Monday,16,N,22,Chandi Path: Sabzi Mandi Chowk  ↔ GMCH 32,B_to_A,2756,402,361,1.114,OK,
2026-07-27 16:30:13,2026-07-27,16:30:13,Monday,16,N,23,Udyan Path: Secretariat Chowk  ↔ Furniture Chowk,A_to_B,7398,1014,883,1.148,OK,
2026-07-27 16:30:13,2026-07-27,16:30:13,Monday,16,N,23,Udyan Path: Secretariat Chowk  ↔ Furniture Chowk,B_to_A,7219,828,830,0.998,OK,
2026-07-27 16:30:14,2026-07-27,16:30:14,Monday,16,N,24,Madhya Marg: Sector 17 ↔ Railway Station,A_to_B,7206,1027,945,1.087,OK,
2026-07-27 16:30:14,2026-07-27,16:30:14,Monday,16,N,24,Madhya Marg: Sector 17 ↔ Railway Station,B_to_A,8105,1011,1082,0.934,OK,
2026-07-27 16:30:14,2026-07-27,16:30:14,Monday,16,N,25,Paschim Marg: Sector 25 ↔ Sector 56,A_to_B,4090,537,535,1.004,OK,
2026-07-27 16:30:14,2026-07-27,16:30:14,Monday,16,N,25,Paschim Marg: Sector 25 ↔ Sector 56,B_to_A,3940,484,493,0.982,OK,
2026-07-27 17:00:01,2026-07-27,17:00:01,Monday,17,N,1,Madhya Marg: PGI Chowk ↔ Housing Board lights,A_to_B,11771,1553,1356,1.145,OK,
2026-07-27 17:00:01,2026-07-27,17:00:01,Monday,17,N,1,Madhya Marg: PGI Chowk ↔ Housing Board lights,B_to_A,8853,1315,1223,1.075,OK,
2026-07-27 17:00:01,2026-07-27,17:00:01,Monday,17,N,2,Udyog Path: PU Chowk ↔ Elante Mall,A_to_B,7173,1173,1033,1.136,OK,
2026-07-27 17:00:02,2026-07-27,17:00:02,Monday,17,N,2,Udyog Path: PU Chowk ↔ Elante Mall,B_to_A,8051,1178,1091,1.08,OK,
2026-07-27 17:00:02,2026-07-27,17:00:02,Monday,17,N,3,Dakshin Marg: Daddu Majra ↔ Hallo Majra Lights,A_to_B,8610,1536,1261,1.218,OK,
2026-07-27 17:00:02,2026-07-27,17:00:02,Monday,17,N,3,Dakshin Marg: Daddu Majra ↔ Hallo Majra Lights,B_to_A,9083,1563,1481,1.055,OK,
2026-07-27 17:00:03,2026-07-27,17:00:03,Monday,17,N,4,Shanti Path: Sector 38W ↔ Sector 31 Lights,A_to_B,7418,1012,881,1.149,OK,
2026-07-27 17:00:03,2026-07-27,17:00:03,Monday,17,N,4,Shanti Path: Sector 38W ↔ Sector 31 Lights,B_to_A,7590,1181,937,1.26,OK,
2026-07-27 17:00:03,2026-07-27,17:00:03,Monday,17,N,5,NH 5: Grain Market ↔ Sector 47 Chowk,A_to_B,7596,976,930,1.049,OK,
2026-07-27 17:00:03,2026-07-27,17:00:03,Monday,17,N,5,NH 5: Grain Market ↔ Sector 47 Chowk,B_to_A,7551,977,972,1.005,OK,
2026-07-27 17:00:04,2026-07-27,17:00:04,Monday,17,N,6,Vigyan Path: PEC Chowk ↔ Golf Club,A_to_B,4491,585,472,1.239,OK,
2026-07-27 17:00:04,2026-07-27,17:00:04,Monday,17,N,6,Vigyan Path: PEC Chowk ↔ Golf Club,B_to_A,4518,565,525,1.076,OK,
2026-07-27 17:00:04,2026-07-27,17:00:04,Monday,17,N,7,Uttar Marg: Sector 2 Chowk ↔ Sukhna Lake,A_to_B,2481,348,274,1.27,OK,
2026-07-27 17:00:04,2026-07-27,17:00:04,Monday,17,N,7,Uttar Marg: Sector 2 Chowk ↔ Sukhna Lake,B_to_A,3144,445,423,1.052,OK,
2026-07-27 17:00:05,2026-07-27,17:00:05,Monday,17,N,8,Madhya Marg: Khudda Lahora ↔ Matka Chowk,A_to_B,4208,612,600,1.02,OK,
2026-07-27 17:00:05,2026-07-27,17:00:05,Monday,17,N,8,Madhya Marg: Khudda Lahora ↔ Matka Chowk,B_to_A,3931,564,529,1.066,OK,
2026-07-27 17:00:05,2026-07-27,17:00:05,Monday,17,N,9,Madhya Marg: GMSH 16 ↔ Kalagram,A_to_B,5749,913,832,1.097,OK,
2026-07-27 17:00:05,2026-07-27,17:00:05,Monday,17,N,9,Madhya Marg: GMSH 16 ↔ Kalagram,B_to_A,7158,855,822,1.04,OK,
2026-07-27 17:00:06,2026-07-27,17:00:06,Monday,17,N,10,Udyog Path: Dhanas ↔ ISBT Sector 17,A_to_B,4785,803,737,1.09,OK,
2026-07-27 17:00:06,2026-07-27,17:00:06,Monday,17,N,10,Udyog Path: Dhanas ↔ ISBT Sector 17,B_to_A,5507,964,919,1.049,OK,
2026-07-27 17:00:06,2026-07-27,17:00:06,Monday,17,N,11,Udyog Path: ISBT Sector 17 ↔ Elante Mall,A_to_B,3274,403,383,1.052,OK,
2026-07-27 17:00:06,2026-07-27,17:00:06,Monday,17,N,11,Udyog Path: ISBT Sector 17 ↔ Elante Mall,B_to_A,3428,518,451,1.149,OK,
2026-07-27 17:00:07,2026-07-27,17:00:07,Monday,17,N,12,Dakshin Marg: DLF Mullanpur ↔ Kisan Bhawan Chowk,A_to_B,6720,938,894,1.049,OK,
2026-07-27 17:00:07,2026-07-27,17:00:07,Monday,17,N,12,Dakshin Marg: DLF Mullanpur ↔ Kisan Bhawan Chowk,B_to_A,7109,997,950,1.049,OK,
2026-07-27 17:00:07,2026-07-27,17:00:07,Monday,17,N,13,Dakshin Marg: Kisan Bhawan Chowk ↔ Airport Chowk,A_to_B,7722,1424,1090,1.306,OK,
2026-07-27 17:00:07,2026-07-27,17:00:07,Monday,17,N,13,Dakshin Marg: Kisan Bhawan Chowk ↔ Airport Chowk,B_to_A,7973,1255,1122,1.119,OK,
2026-07-27 17:00:08,2026-07-27,17:00:08,Monday,17,N,14,NH 5: Max Hospital ↔ ISBT Sector 43,A_to_B,4206,516,503,1.026,OK,
2026-07-27 17:00:08,2026-07-27,17:00:08,Monday,17,N,14,NH 5: Max Hospital ↔ ISBT Sector 43,B_to_A,5445,655,667,0.982,OK,
2026-07-27 17:00:08,2026-07-27,17:00:08,Monday,17,N,15,Sukhna Path: Golf Club ↔ Cycle Chowk,A_to_B,7421,1109,1083,1.024,OK,
2026-07-27 17:00:09,2026-07-27,17:00:09,Monday,17,N,15,Sukhna Path: Golf Club ↔ Cycle Chowk,B_to_A,7321,1117,1080,1.034,OK,
2026-07-27 17:00:09,2026-07-27,17:00:09,Monday,17,N,16,Sarovar Path: Sukhna Lake ↔ Burail Jail,A_to_B,7816,1230,1066,1.154,OK,
2026-07-27 17:00:09,2026-07-27,17:00:09,Monday,17,N,16,Sarovar Path: Sukhna Lake ↔ Burail Jail,B_to_A,7928,1229,1084,1.134,OK,
2026-07-27 17:00:09,2026-07-27,17:00:09,Monday,17,N,17,Himalaya Marg: Rock Garden ↔ ISBT 43,A_to_B,8803,1303,1097,1.188,OK,
2026-07-27 17:00:10,2026-07-27,17:00:10,Monday,17,N,17,Himalaya Marg: Rock Garden ↔ ISBT 43,B_to_A,8947,1297,1132,1.146,OK,
2026-07-27 17:00:10,2026-07-27,17:00:10,Monday,17,N,18,Jan Marg: High Court ↔ ISBT 17,A_to_B,3334,454,390,1.164,OK,
2026-07-27 17:00:10,2026-07-27,17:00:10,Monday,17,N,18,Jan Marg: High Court ↔ ISBT 17,B_to_A,3132,351,337,1.042,OK,
2026-07-27 17:00:10,2026-07-27,17:00:10,Monday,17,N,19,Jan Marg: ISBT 17 ↔ ISBT 43,A_to_B,4115,684,568,1.204,OK,
2026-07-27 17:00:11,2026-07-27,17:00:11,Monday,17,N,19,Jan Marg: ISBT 17 ↔ ISBT 43,B_to_A,4233,706,579,1.219,OK,
2026-07-27 17:00:11,2026-07-27,17:00:11,Monday,17,N,20,Vidya Path: PGI Chowk ↔ Fountain Chowk,A_to_B,5475,888,714,1.244,OK,
2026-07-27 17:00:11,2026-07-27,17:00:11,Monday,17,N,20,Vidya Path: PGI Chowk ↔ Fountain Chowk,B_to_A,5474,776,716,1.084,OK,
2026-07-27 17:00:11,2026-07-27,17:00:11,Monday,17,N,21,Purv Marg: Tansport Chowk  ↔ Tribune Chowk,A_to_B,2620,469,411,1.141,OK,
2026-07-27 17:00:12,2026-07-27,17:00:12,Monday,17,N,21,Purv Marg: Tansport Chowk  ↔ Tribune Chowk,B_to_A,2611,500,436,1.147,OK,
2026-07-27 17:00:12,2026-07-27,17:00:12,Monday,17,N,22,Chandi Path: Sabzi Mandi Chowk  ↔ GMCH 32,A_to_B,2939,428,414,1.034,OK,
2026-07-27 17:00:12,2026-07-27,17:00:12,Monday,17,N,22,Chandi Path: Sabzi Mandi Chowk  ↔ GMCH 32,B_to_A,2756,393,361,1.089,OK,
2026-07-27 17:00:12,2026-07-27,17:00:12,Monday,17,N,23,Udyan Path: Secretariat Chowk  ↔ Furniture Chowk,A_to_B,7398,1045,883,1.183,OK,
2026-07-27 17:00:13,2026-07-27,17:00:13,Monday,17,N,23,Udyan Path: Secretariat Chowk  ↔ Furniture Chowk,B_to_A,7219,903,830,1.088,OK,
2026-07-27 17:00:13,2026-07-27,17:00:13,Monday,17,N,24,Madhya Marg: Sector 17 ↔ Railway Station,A_to_B,7206,1074,945,1.137,OK,
2026-07-27 17:00:13,2026-07-27,17:00:13,Monday,17,N,24,Madhya Marg: Sector 17 ↔ Railway Station,B_to_A,7294,1044,1127,0.926,OK,
2026-07-27 17:00:13,2026-07-27,17:00:13,Monday,17,N,25,Paschim Marg: Sector 25 ↔ Sector 56,A_to_B,4090,571,535,1.067,OK,
2026-07-27 17:00:14,2026-07-27,17:00:14,Monday,17,N,25,Paschim Marg: Sector 25 ↔ Sector 56,B_to_A,3940,518,493,1.051,OK,
2026-07-27 17:30:01,2026-07-27,17:30:01,Monday,17,N,1,Madhya Marg: PGI Chowk ↔ Housing Board lights,A_to_B,11756,1564,1347,1.161,OK,
2026-07-27 17:30:01,2026-07-27,17:30:01,Monday,17,N,1,Madhya Marg: PGI Chowk ↔ Housing Board lights,B_to_A,8853,1379,1223,1.128,OK,
2026-07-27 17:30:02,2026-07-27,17:30:02,Monday,17,N,2,Udyog Path: PU Chowk ↔ Elante Mall,A_to_B,7111,1282,991,1.294,OK,
2026-07-27 17:30:02,2026-07-27,17:30:02,Monday,17,N,2,Udyog Path: PU Chowk ↔ Elante Mall,B_to_A,8051,1255,1091,1.15,OK,
2026-07-27 17:30:02,2026-07-27,17:30:02,Monday,17,N,3,Dakshin Marg: Daddu Majra ↔ Hallo Majra Lights,A_to_B,8621,1667,1296,1.286,OK,
2026-07-27 17:30:03,2026-07-27,17:30:03,Monday,17,N,3,Dakshin Marg: Daddu Majra ↔ Hallo Majra Lights,B_to_A,9083,1648,1481,1.113,OK,
2026-07-27 17:30:03,2026-07-27,17:30:03,Monday,17,N,4,Shanti Path: Sector 38W ↔ Sector 31 Lights,A_to_B,7418,1193,881,1.354,OK,
2026-07-27 17:30:03,2026-07-27,17:30:03,Monday,17,N,4,Shanti Path: Sector 38W ↔ Sector 31 Lights,B_to_A,7590,1279,937,1.365,OK,
2026-07-27 17:30:03,2026-07-27,17:30:03,Monday,17,N,5,NH 5: Grain Market ↔ Sector 47 Chowk,A_to_B,7596,1004,930,1.08,OK,
2026-07-27 17:30:04,2026-07-27,17:30:04,Monday,17,N,5,NH 5: Grain Market ↔ Sector 47 Chowk,B_to_A,7551,1017,972,1.046,OK,
2026-07-27 17:30:04,2026-07-27,17:30:04,Monday,17,N,6,Vigyan Path: PEC Chowk ↔ Golf Club,A_to_B,4491,582,472,1.233,OK,
2026-07-27 17:30:04,2026-07-27,17:30:04,Monday,17,N,6,Vigyan Path: PEC Chowk ↔ Golf Club,B_to_A,4518,570,525,1.086,OK,
2026-07-27 17:30:04,2026-07-27,17:30:04,Monday,17,N,7,Uttar Marg: Sector 2 Chowk ↔ Sukhna Lake,A_to_B,2481,298,274,1.088,OK,
2026-07-27 17:30:05,2026-07-27,17:30:05,Monday,17,N,7,Uttar Marg: Sector 2 Chowk ↔ Sukhna Lake,B_to_A,3144,438,423,1.035,OK,
2026-07-27 17:30:05,2026-07-27,17:30:05,Monday,17,N,8,Madhya Marg: Khudda Lahora ↔ Matka Chowk,A_to_B,4208,649,600,1.082,OK,
2026-07-27 17:30:05,2026-07-27,17:30:05,Monday,17,N,8,Madhya Marg: Khudda Lahora ↔ Matka Chowk,B_to_A,3931,599,529,1.132,OK,
2026-07-27 17:30:05,2026-07-27,17:30:05,Monday,17,N,9,Madhya Marg: GMSH 16 ↔ Kalagram,A_to_B,5231,967,744,1.3,OK,
2026-07-27 17:30:06,2026-07-27,17:30:06,Monday,17,N,9,Madhya Marg: GMSH 16 ↔ Kalagram,B_to_A,7158,900,822,1.095,OK,
2026-07-27 17:30:06,2026-07-27,17:30:06,Monday,17,N,10,Udyog Path: Dhanas ↔ ISBT Sector 17,A_to_B,4785,842,737,1.142,OK,
2026-07-27 17:30:06,2026-07-27,17:30:06,Monday,17,N,10,Udyog Path: Dhanas ↔ ISBT Sector 17,B_to_A,5507,1201,919,1.307,OK,
2026-07-27 17:30:06,2026-07-27,17:30:06,Monday,17,N,11,Udyog Path: ISBT Sector 17 ↔ Elante Mall,A_to_B,3274,529,383,1.381,OK,
2026-07-27 17:30:07,2026-07-27,17:30:07,Monday,17,N,11,Udyog Path: ISBT Sector 17 ↔ Elante Mall,B_to_A,3428,533,451,1.182,OK,
2026-07-27 17:30:07,2026-07-27,17:30:07,Monday,17,N,12,Dakshin Marg: DLF Mullanpur ↔ Kisan Bhawan Chowk,A_to_B,6720,1018,894,1.139,OK,
2026-07-27 17:30:07,2026-07-27,17:30:07,Monday,17,N,12,Dakshin Marg: DLF Mullanpur ↔ Kisan Bhawan Chowk,B_to_A,7109,1080,950,1.137,OK,
2026-07-27 17:30:07,2026-07-27,17:30:07,Monday,17,N,13,Dakshin Marg: Kisan Bhawan Chowk ↔ Airport Chowk,A_to_B,7733,1531,1126,1.36,OK,
2026-07-27 17:30:08,2026-07-27,17:30:08,Monday,17,N,13,Dakshin Marg: Kisan Bhawan Chowk ↔ Airport Chowk,B_to_A,7973,1272,1122,1.134,OK,
2026-07-27 17:30:08,2026-07-27,17:30:08,Monday,17,N,14,NH 5: Max Hospital ↔ ISBT Sector 43,A_to_B,4206,535,503,1.064,OK,
2026-07-27 17:30:08,2026-07-27,17:30:08,Monday,17,N,14,NH 5: Max Hospital ↔ ISBT Sector 43,B_to_A,5445,699,667,1.048,OK,
2026-07-27 17:30:09,2026-07-27,17:30:09,Monday,17,N,15,Sukhna Path: Golf Club ↔ Cycle Chowk,A_to_B,7421,1164,1083,1.075,OK,
2026-07-27 17:30:09,2026-07-27,17:30:09,Monday,17,N,15,Sukhna Path: Golf Club ↔ Cycle Chowk,B_to_A,7321,1137,1080,1.053,OK,
2026-07-27 17:30:09,2026-07-27,17:30:09,Monday,17,N,16,Sarovar Path: Sukhna Lake ↔ Burail Jail,A_to_B,7816,1347,1066,1.264,OK,
2026-07-27 17:30:09,2026-07-27,17:30:09,Monday,17,N,16,Sarovar Path: Sukhna Lake ↔ Burail Jail,B_to_A,7928,1276,1084,1.177,OK,
2026-07-27 17:30:10,2026-07-27,17:30:10,Monday,17,N,17,Himalaya Marg: Rock Garden ↔ ISBT 43,A_to_B,10965,1550,1295,1.197,OK,
2026-07-27 17:30:10,2026-07-27,17:30:10,Monday,17,N,17,Himalaya Marg: Rock Garden ↔ ISBT 43,B_to_A,8976,1412,1138,1.241,OK,
2026-07-27 17:30:10,2026-07-27,17:30:10,Monday,17,N,18,Jan Marg: High Court ↔ ISBT 17,A_to_B,3334,540,390,1.385,OK,
2026-07-27 17:30:10,2026-07-27,17:30:10,Monday,17,N,18,Jan Marg: High Court ↔ ISBT 17,B_to_A,3132,433,337,1.285,OK,
2026-07-27 17:30:11,2026-07-27,17:30:11,Monday,17,N,19,Jan Marg: ISBT 17 ↔ ISBT 43,A_to_B,4115,936,568,1.648,OK,
2026-07-27 17:30:11,2026-07-27,17:30:11,Monday,17,N,19,Jan Marg: ISBT 17 ↔ ISBT 43,B_to_A,4233,760,579,1.313,OK,
2026-07-27 17:30:11,2026-07-27,17:30:11,Monday,17,N,20,Vidya Path: PGI Chowk ↔ Fountain Chowk,A_to_B,5475,929,714,1.301,OK,
2026-07-27 17:30:11,2026-07-27,17:30:11,Monday,17,N,20,Vidya Path: PGI Chowk ↔ Fountain Chowk,B_to_A,5474,855,716,1.194,OK,
2026-07-27 17:30:12,2026-07-27,17:30:12,Monday,17,N,21,Purv Marg: Tansport Chowk  ↔ Tribune Chowk,A_to_B,2620,479,411,1.165,OK,
2026-07-27 17:30:12,2026-07-27,17:30:12,Monday,17,N,21,Purv Marg: Tansport Chowk  ↔ Tribune Chowk,B_to_A,2611,501,436,1.149,OK,
2026-07-27 17:30:12,2026-07-27,17:30:12,Monday,17,N,22,Chandi Path: Sabzi Mandi Chowk  ↔ GMCH 32,A_to_B,2939,453,414,1.094,OK,
2026-07-27 17:30:12,2026-07-27,17:30:12,Monday,17,N,22,Chandi Path: Sabzi Mandi Chowk  ↔ GMCH 32,B_to_A,2756,398,361,1.102,OK,
2026-07-27 17:30:13,2026-07-27,17:30:13,Monday,17,N,23,Udyan Path: Secretariat Chowk  ↔ Furniture Chowk,A_to_B,7398,1170,883,1.325,OK,
2026-07-27 17:30:13,2026-07-27,17:30:13,Monday,17,N,23,Udyan Path: Secretariat Chowk  ↔ Furniture Chowk,B_to_A,7219,990,830,1.193,OK,
2026-07-27 17:30:13,2026-07-27,17:30:13,Monday,17,N,24,Madhya Marg: Sector 17 ↔ Railway Station,A_to_B,7206,1155,945,1.222,OK,
2026-07-27 17:30:14,2026-07-27,17:30:14,Monday,17,N,24,Madhya Marg: Sector 17 ↔ Railway Station,B_to_A,8105,1084,1082,1.002,OK,
2026-07-27 17:30:14,2026-07-27,17:30:14,Monday,17,N,25,Paschim Marg: Sector 25 ↔ Sector 56,A_to_B,4090,601,535,1.123,OK,
2026-07-27 17:30:14,2026-07-27,17:30:14,Monday,17,N,25,Paschim Marg: Sector 25 ↔ Sector 56,B_to_A,3940,526,493,1.067,OK,
2026-07-27 18:00:02,2026-07-27,18:00:02,Monday,18,N,1,Madhya Marg: PGI Chowk ↔ Housing Board lights,A_to_B,11756,1596,1347,1.185,OK,
2026-07-27 18:00:02,2026-07-27,18:00:02,Monday,18,N,1,Madhya Marg: PGI Chowk ↔ Housing Board lights,B_to_A,8853,1432,1223,1.171,OK,
2026-07-27 18:00:02,2026-07-27,18:00:02,Monday,18,N,2,Udyog Path: PU Chowk ↔ Elante Mall,A_to_B,7111,1238,991,1.249,OK,
2026-07-27 18:00:02,2026-07-27,18:00:02,Monday,18,N,2,Udyog Path: PU Chowk ↔ Elante Mall,B_to_A,8051,1243,1091,1.139,OK,
2026-07-27 18:00:03,2026-07-27,18:00:03,Monday,18,N,3,Dakshin Marg: Daddu Majra ↔ Hallo Majra Lights,A_to_B,10961,1843,1403,1.314,OK,
2026-07-27 18:00:03,2026-07-27,18:00:03,Monday,18,N,3,Dakshin Marg: Daddu Majra ↔ Hallo Majra Lights,B_to_A,9083,1776,1481,1.199,OK,
2026-07-27 18:00:03,2026-07-27,18:00:03,Monday,18,N,4,Shanti Path: Sector 38W ↔ Sector 31 Lights,A_to_B,7418,1065,881,1.209,OK,
2026-07-27 18:00:04,2026-07-27,18:00:04,Monday,18,N,4,Shanti Path: Sector 38W ↔ Sector 31 Lights,B_to_A,7590,1310,937,1.398,OK,
2026-07-27 18:00:04,2026-07-27,18:00:04,Monday,18,N,5,NH 5: Grain Market ↔ Sector 47 Chowk,A_to_B,7596,1110,930,1.194,OK,
2026-07-27 18:00:04,2026-07-27,18:00:04,Monday,18,N,5,NH 5: Grain Market ↔ Sector 47 Chowk,B_to_A,7551,1075,972,1.106,OK,
2026-07-27 18:00:04,2026-07-27,18:00:04,Monday,18,N,6,Vigyan Path: PEC Chowk ↔ Golf Club,A_to_B,4491,607,472,1.286,OK,
2026-07-27 18:00:05,2026-07-27,18:00:05,Monday,18,N,6,Vigyan Path: PEC Chowk ↔ Golf Club,B_to_A,4518,558,525,1.063,OK,
2026-07-27 18:00:05,2026-07-27,18:00:05,Monday,18,N,7,Uttar Marg: Sector 2 Chowk ↔ Sukhna Lake,A_to_B,2481,295,274,1.077,OK,
2026-07-27 18:00:05,2026-07-27,18:00:05,Monday,18,N,7,Uttar Marg: Sector 2 Chowk ↔ Sukhna Lake,B_to_A,3144,429,423,1.014,OK,
2026-07-27 18:00:05,2026-07-27,18:00:05,Monday,18,N,8,Madhya Marg: Khudda Lahora ↔ Matka Chowk,A_to_B,4208,624,600,1.04,OK,
2026-07-27 18:00:06,2026-07-27,18:00:06,Monday,18,N,8,Madhya Marg: Khudda Lahora ↔ Matka Chowk,B_to_A,3931,568,529,1.074,OK,
2026-07-27 18:00:06,2026-07-27,18:00:06,Monday,18,N,9,Madhya Marg: GMSH 16 ↔ Kalagram,A_to_B,5231,946,744,1.272,OK,
2026-07-27 18:00:06,2026-07-27,18:00:06,Monday,18,N,9,Madhya Marg: GMSH 16 ↔ Kalagram,B_to_A,7158,909,822,1.106,OK,
2026-07-27 18:00:06,2026-07-27,18:00:06,Monday,18,N,10,Udyog Path: Dhanas ↔ ISBT Sector 17,A_to_B,4785,821,737,1.114,OK,
2026-07-27 18:00:07,2026-07-27,18:00:07,Monday,18,N,10,Udyog Path: Dhanas ↔ ISBT Sector 17,B_to_A,5507,1117,919,1.215,OK,
2026-07-27 18:00:07,2026-07-27,18:00:07,Monday,18,N,11,Udyog Path: ISBT Sector 17 ↔ Elante Mall,A_to_B,3274,480,383,1.253,OK,
2026-07-27 18:00:07,2026-07-27,18:00:07,Monday,18,N,11,Udyog Path: ISBT Sector 17 ↔ Elante Mall,B_to_A,3428,544,451,1.206,OK,
2026-07-27 18:00:08,2026-07-27,18:00:08,Monday,18,N,12,Dakshin Marg: DLF Mullanpur ↔ Kisan Bhawan Chowk,A_to_B,6720,1015,894,1.135,OK,
2026-07-27 18:00:08,2026-07-27,18:00:08,Monday,18,N,12,Dakshin Marg: DLF Mullanpur ↔ Kisan Bhawan Chowk,B_to_A,7109,1062,950,1.118,OK,
2026-07-27 18:00:08,2026-07-27,18:00:08,Monday,18,N,13,Dakshin Marg: Kisan Bhawan Chowk ↔ Airport Chowk,A_to_B,7754,1633,1148,1.422,OK,
2026-07-27 18:00:08,2026-07-27,18:00:08,Monday,18,N,13,Dakshin Marg: Kisan Bhawan Chowk ↔ Airport Chowk,B_to_A,7973,1414,1122,1.26,OK,
2026-07-27 18:00:09,2026-07-27,18:00:09,Monday,18,N,14,NH 5: Max Hospital ↔ ISBT Sector 43,A_to_B,4206,622,503,1.237,OK,
2026-07-27 18:00:09,2026-07-27,18:00:09,Monday,18,N,14,NH 5: Max Hospital ↔ ISBT Sector 43,B_to_A,5445,701,667,1.051,OK,
2026-07-27 18:00:09,2026-07-27,18:00:09,Monday,18,N,15,Sukhna Path: Golf Club ↔ Cycle Chowk,A_to_B,8924,1249,1149,1.087,OK,
2026-07-27 18:00:09,2026-07-27,18:00:09,Monday,18,N,15,Sukhna Path: Golf Club ↔ Cycle Chowk,B_to_A,7321,1159,1080,1.073,OK,
2026-07-27 18:00:10,2026-07-27,18:00:10,Monday,18,N,16,Sarovar Path: Sukhna Lake ↔ Burail Jail,A_to_B,7816,1389,1066,1.303,OK,
2026-07-27 18:00:10,2026-07-27,18:00:10,Monday,18,N,16,Sarovar Path: Sukhna Lake ↔ Burail Jail,B_to_A,7928,1276,1084,1.177,OK,
2026-07-27 18:00:10,2026-07-27,18:00:10,Monday,18,N,17,Himalaya Marg: Rock Garden ↔ ISBT 43,A_to_B,10511,1487,1241,1.198,OK,
2026-07-27 18:00:11,2026-07-27,18:00:11,Monday,18,N,17,Himalaya Marg: Rock Garden ↔ ISBT 43,B_to_A,8976,1348,1138,1.185,OK,
2026-07-27 18:00:11,2026-07-27,18:00:11,Monday,18,N,18,Jan Marg: High Court ↔ ISBT 17,A_to_B,3334,480,390,1.231,OK,
2026-07-27 18:00:11,2026-07-27,18:00:11,Monday,18,N,18,Jan Marg: High Court ↔ ISBT 17,B_to_A,3132,424,337,1.258,OK,
2026-07-27 18:00:11,2026-07-27,18:00:11,Monday,18,N,19,Jan Marg: ISBT 17 ↔ ISBT 43,A_to_B,4115,823,568,1.449,OK,
2026-07-27 18:00:12,2026-07-27,18:00:12,Monday,18,N,19,Jan Marg: ISBT 17 ↔ ISBT 43,B_to_A,4233,732,579,1.264,OK,
2026-07-27 18:00:12,2026-07-27,18:00:12,Monday,18,N,20,Vidya Path: PGI Chowk ↔ Fountain Chowk,A_to_B,5475,863,714,1.209,OK,
2026-07-27 18:00:12,2026-07-27,18:00:12,Monday,18,N,20,Vidya Path: PGI Chowk ↔ Fountain Chowk,B_to_A,5474,836,716,1.168,OK,
2026-07-27 18:00:12,2026-07-27,18:00:12,Monday,18,N,21,Purv Marg: Tansport Chowk  ↔ Tribune Chowk,A_to_B,2620,484,411,1.178,OK,
2026-07-27 18:00:13,2026-07-27,18:00:13,Monday,18,N,21,Purv Marg: Tansport Chowk  ↔ Tribune Chowk,B_to_A,2611,501,436,1.149,OK,
2026-07-27 18:00:13,2026-07-27,18:00:13,Monday,18,N,22,Chandi Path: Sabzi Mandi Chowk  ↔ GMCH 32,A_to_B,2939,459,414,1.109,OK,
2026-07-27 18:00:13,2026-07-27,18:00:13,Monday,18,N,22,Chandi Path: Sabzi Mandi Chowk  ↔ GMCH 32,B_to_A,2756,419,361,1.161,OK,
2026-07-27 18:00:13,2026-07-27,18:00:13,Monday,18,N,23,Udyan Path: Secretariat Chowk  ↔ Furniture Chowk,A_to_B,7398,1145,883,1.297,OK,
2026-07-27 18:00:14,2026-07-27,18:00:14,Monday,18,N,23,Udyan Path: Secretariat Chowk  ↔ Furniture Chowk,B_to_A,7219,1066,830,1.284,OK,
2026-07-27 18:00:14,2026-07-27,18:00:14,Monday,18,N,24,Madhya Marg: Sector 17 ↔ Railway Station,A_to_B,7206,1150,945,1.217,OK,
2026-07-27 18:00:14,2026-07-27,18:00:14,Monday,18,N,24,Madhya Marg: Sector 17 ↔ Railway Station,B_to_A,6340,1042,982,1.061,OK,
2026-07-27 18:00:14,2026-07-27,18:00:14,Monday,18,N,25,Paschim Marg: Sector 25 ↔ Sector 56,A_to_B,4090,638,535,1.193,OK,
2026-07-27 18:00:15,2026-07-27,18:00:15,Monday,18,N,25,Paschim Marg: Sector 25 ↔ Sector 56,B_to_A,3940,553,493,1.122,OK,
2026-07-27 18:30:01,2026-07-27,18:30:01,Monday,18,N,1,Madhya Marg: PGI Chowk ↔ Housing Board lights,A_to_B,11756,1526,1347,1.133,OK,
2026-07-27 18:30:02,2026-07-27,18:30:02,Monday,18,N,1,Madhya Marg: PGI Chowk ↔ Housing Board lights,B_to_A,8853,1356,1223,1.109,OK,
2026-07-27 18:30:02,2026-07-27,18:30:02,Monday,18,N,2,Udyog Path: PU Chowk ↔ Elante Mall,A_to_B,8606,1224,1105,1.108,OK,
2026-07-27 18:30:02,2026-07-27,18:30:02,Monday,18,N,2,Udyog Path: PU Chowk ↔ Elante Mall,B_to_A,8051,1232,1091,1.129,OK,
2026-07-27 18:30:02,2026-07-27,18:30:02,Monday,18,N,3,Dakshin Marg: Daddu Majra ↔ Hallo Majra Lights,A_to_B,8610,1666,1261,1.321,OK,
2026-07-27 18:30:03,2026-07-27,18:30:03,Monday,18,N,3,Dakshin Marg: Daddu Majra ↔ Hallo Majra Lights,B_to_A,9083,1697,1481,1.146,OK,
2026-07-27 18:30:03,2026-07-27,18:30:03,Monday,18,N,4,Shanti Path: Sector 38W ↔ Sector 31 Lights,A_to_B,7418,1162,881,1.319,OK,
2026-07-27 18:30:03,2026-07-27,18:30:03,Monday,18,N,4,Shanti Path: Sector 38W ↔ Sector 31 Lights,B_to_A,7590,1257,937,1.342,OK,
2026-07-27 18:30:04,2026-07-27,18:30:04,Monday,18,N,5,NH 5: Grain Market ↔ Sector 47 Chowk,A_to_B,7596,1035,930,1.113,OK,
2026-07-27 18:30:04,2026-07-27,18:30:04,Monday,18,N,5,NH 5: Grain Market ↔ Sector 47 Chowk,B_to_A,7551,1060,972,1.091,OK,
2026-07-27 18:30:04,2026-07-27,18:30:04,Monday,18,N,6,Vigyan Path: PEC Chowk ↔ Golf Club,A_to_B,4491,521,472,1.104,OK,
2026-07-27 18:30:04,2026-07-27,18:30:04,Monday,18,N,6,Vigyan Path: PEC Chowk ↔ Golf Club,B_to_A,4518,543,525,1.034,OK,
2026-07-27 18:30:05,2026-07-27,18:30:05,Monday,18,N,7,Uttar Marg: Sector 2 Chowk ↔ Sukhna Lake,A_to_B,2481,288,274,1.051,OK,
2026-07-27 18:30:05,2026-07-27,18:30:05,Monday,18,N,7,Uttar Marg: Sector 2 Chowk ↔ Sukhna Lake,B_to_A,3144,457,423,1.08,OK,
2026-07-27 18:30:05,2026-07-27,18:30:05,Monday,18,N,8,Madhya Marg: Khudda Lahora ↔ Matka Chowk,A_to_B,4208,618,600,1.03,OK,
2026-07-27 18:30:05,2026-07-27,18:30:05,Monday,18,N,8,Madhya Marg: Khudda Lahora ↔ Matka Chowk,B_to_A,3931,573,529,1.083,OK,
2026-07-27 18:30:06,2026-07-27,18:30:06,Monday,18,N,9,Madhya Marg: GMSH 16 ↔ Kalagram,A_to_B,5231,900,744,1.21,OK,
2026-07-27 18:30:06,2026-07-27,18:30:06,Monday,18,N,9,Madhya Marg: GMSH 16 ↔ Kalagram,B_to_A,7158,843,822,1.026,OK,
2026-07-27 18:30:06,2026-07-27,18:30:06,Monday,18,N,10,Udyog Path: Dhanas ↔ ISBT Sector 17,A_to_B,4785,865,737,1.174,OK,
2026-07-27 18:30:07,2026-07-27,18:30:07,Monday,18,N,10,Udyog Path: Dhanas ↔ ISBT Sector 17,B_to_A,5507,1035,919,1.126,OK,
2026-07-27 18:30:07,2026-07-27,18:30:07,Monday,18,N,11,Udyog Path: ISBT Sector 17 ↔ Elante Mall,A_to_B,3274,425,383,1.11,OK,
2026-07-27 18:30:07,2026-07-27,18:30:07,Monday,18,N,11,Udyog Path: ISBT Sector 17 ↔ Elante Mall,B_to_A,3428,534,451,1.184,OK,
2026-07-27 18:30:07,2026-07-27,18:30:07,Monday,18,N,12,Dakshin Marg: DLF Mullanpur ↔ Kisan Bhawan Chowk,A_to_B,6720,990,894,1.107,OK,
2026-07-27 18:30:08,2026-07-27,18:30:08,Monday,18,N,12,Dakshin Marg: DLF Mullanpur ↔ Kisan Bhawan Chowk,B_to_A,7109,1137,950,1.197,OK,
2026-07-27 18:30:08,2026-07-27,18:30:08,Monday,18,N,13,Dakshin Marg: Kisan Bhawan Chowk ↔ Airport Chowk,A_to_B,7722,1456,1090,1.336,OK,
2026-07-27 18:30:08,2026-07-27,18:30:08,Monday,18,N,13,Dakshin Marg: Kisan Bhawan Chowk ↔ Airport Chowk,B_to_A,7973,1339,1122,1.193,OK,
2026-07-27 18:30:08,2026-07-27,18:30:08,Monday,18,N,14,NH 5: Max Hospital ↔ ISBT Sector 43,A_to_B,4206,562,503,1.117,OK,
2026-07-27 18:30:09,2026-07-27,18:30:09,Monday,18,N,14,NH 5: Max Hospital ↔ ISBT Sector 43,B_to_A,5445,700,667,1.049,OK,
2026-07-27 18:30:09,2026-07-27,18:30:09,Monday,18,N,15,Sukhna Path: Golf Club ↔ Cycle Chowk,A_to_B,7421,1232,1083,1.138,OK,
2026-07-27 18:30:09,2026-07-27,18:30:09,Monday,18,N,15,Sukhna Path: Golf Club ↔ Cycle Chowk,B_to_A,7321,1171,1080,1.084,OK,
2026-07-27 18:30:09,2026-07-27,18:30:09,Monday,18,N,16,Sarovar Path: Sukhna Lake ↔ Burail Jail,A_to_B,7816,1363,1066,1.279,OK,
2026-07-27 18:30:10,2026-07-27,18:30:10,Monday,18,N,16,Sarovar Path: Sukhna Lake ↔ Burail Jail,B_to_A,7928,1271,1084,1.173,OK,
2026-07-27 18:30:10,2026-07-27,18:30:10,Monday,18,N,17,Himalaya Marg: Rock Garden ↔ ISBT 43,A_to_B,8803,1307,1097,1.191,OK,
2026-07-27 18:30:10,2026-07-27,18:30:10,Monday,18,N,17,Himalaya Marg: Rock Garden ↔ ISBT 43,B_to_A,8976,1307,1138,1.149,OK,
2026-07-27 18:30:11,2026-07-27,18:30:11,Monday,18,N,18,Jan Marg: High Court ↔ ISBT 17,A_to_B,3334,400,390,1.026,OK,
2026-07-27 18:30:11,2026-07-27,18:30:11,Monday,18,N,18,Jan Marg: High Court ↔ ISBT 17,B_to_A,3132,341,337,1.012,OK,
2026-07-27 18:30:11,2026-07-27,18:30:11,Monday,18,N,19,Jan Marg: ISBT 17 ↔ ISBT 43,A_to_B,6028,852,693,1.229,OK,
2026-07-27 18:30:11,2026-07-27,18:30:11,Monday,18,N,19,Jan Marg: ISBT 17 ↔ ISBT 43,B_to_A,4233,748,579,1.292,OK,
2026-07-27 18:30:12,2026-07-27,18:30:12,Monday,18,N,20,Vidya Path: PGI Chowk ↔ Fountain Chowk,A_to_B,5475,853,714,1.195,OK,
2026-07-27 18:30:12,2026-07-27,18:30:12,Monday,18,N,20,Vidya Path: PGI Chowk ↔ Fountain Chowk,B_to_A,5474,909,716,1.27,OK,
2026-07-27 18:30:12,2026-07-27,18:30:12,Monday,18,N,21,Purv Marg: Tansport Chowk  ↔ Tribune Chowk,A_to_B,2620,475,411,1.156,OK,
2026-07-27 18:30:12,2026-07-27,18:30:12,Monday,18,N,21,Purv Marg: Tansport Chowk  ↔ Tribune Chowk,B_to_A,2611,538,436,1.234,OK,
2026-07-27 18:30:13,2026-07-27,18:30:13,Monday,18,N,22,Chandi Path: Sabzi Mandi Chowk  ↔ GMCH 32,A_to_B,2939,469,414,1.133,OK,
2026-07-27 18:30:13,2026-07-27,18:30:13,Monday,18,N,22,Chandi Path: Sabzi Mandi Chowk  ↔ GMCH 32,B_to_A,2756,411,361,1.139,OK,
2026-07-27 18:30:13,2026-07-27,18:30:13,Monday,18,N,23,Udyan Path: Secretariat Chowk  ↔ Furniture Chowk,A_to_B,7398,1053,883,1.193,OK,
2026-07-27 18:30:13,2026-07-27,18:30:13,Monday,18,N,23,Udyan Path: Secretariat Chowk  ↔ Furniture Chowk,B_to_A,7219,1027,830,1.237,OK,
2026-07-27 18:30:14,2026-07-27,18:30:14,Monday,18,N,24,Madhya Marg: Sector 17 ↔ Railway Station,A_to_B,7206,1127,945,1.193,OK,
2026-07-27 18:30:14,2026-07-27,18:30:14,Monday,18,N,24,Madhya Marg: Sector 17 ↔ Railway Station,B_to_A,6568,1014,1029,0.985,OK,
2026-07-27 18:30:14,2026-07-27,18:30:14,Monday,18,N,25,Paschim Marg: Sector 25 ↔ Sector 56,A_to_B,4090,685,535,1.28,OK,
2026-07-27 18:30:14,2026-07-27,18:30:14,Monday,18,N,25,Paschim Marg: Sector 25 ↔ Sector 56,B_to_A,3940,536,493,1.087,OK,
2026-07-27 19:00:01,2026-07-27,19:00:01,Monday,19,N,1,Madhya Marg: PGI Chowk ↔ Housing Board lights,A_to_B,11756,1501,1347,1.114,OK,
2026-07-27 19:00:01,2026-07-27,19:00:01,Monday,19,N,1,Madhya Marg: PGI Chowk ↔ Housing Board lights,B_to_A,8853,1365,1223,1.116,OK,
2026-07-27 19:00:02,2026-07-27,19:00:02,Monday,19,N,2,Udyog Path: PU Chowk ↔ Elante Mall,A_to_B,7111,1103,991,1.113,OK,
2026-07-27 19:00:02,2026-07-27,19:00:02,Monday,19,N,2,Udyog Path: PU Chowk ↔ Elante Mall,B_to_A,8051,1215,1091,1.114,OK,
2026-07-27 19:00:02,2026-07-27,19:00:02,Monday,19,N,3,Dakshin Marg: Daddu Majra ↔ Hallo Majra Lights,A_to_B,8621,1614,1296,1.245,OK,
2026-07-27 19:00:03,2026-07-27,19:00:03,Monday,19,N,3,Dakshin Marg: Daddu Majra ↔ Hallo Majra Lights,B_to_A,9083,1601,1481,1.081,OK,
2026-07-27 19:00:03,2026-07-27,19:00:03,Monday,19,N,4,Shanti Path: Sector 38W ↔ Sector 31 Lights,A_to_B,7418,1013,881,1.15,OK,
2026-07-27 19:00:03,2026-07-27,19:00:03,Monday,19,N,4,Shanti Path: Sector 38W ↔ Sector 31 Lights,B_to_A,7590,1229,937,1.312,OK,
2026-07-27 19:00:03,2026-07-27,19:00:03,Monday,19,N,5,NH 5: Grain Market ↔ Sector 47 Chowk,A_to_B,7596,1022,930,1.099,OK,
2026-07-27 19:00:04,2026-07-27,19:00:04,Monday,19,N,5,NH 5: Grain Market ↔ Sector 47 Chowk,B_to_A,7551,1064,972,1.095,OK,
2026-07-27 19:00:04,2026-07-27,19:00:04,Monday,19,N,6,Vigyan Path: PEC Chowk ↔ Golf Club,A_to_B,4491,511,472,1.083,OK,
2026-07-27 19:00:04,2026-07-27,19:00:04,Monday,19,N,6,Vigyan Path: PEC Chowk ↔ Golf Club,B_to_A,4518,546,525,1.04,OK,
2026-07-27 19:00:04,2026-07-27,19:00:04,Monday,19,N,7,Uttar Marg: Sector 2 Chowk ↔ Sukhna Lake,A_to_B,2481,286,274,1.044,OK,
2026-07-27 19:00:05,2026-07-27,19:00:05,Monday,19,N,7,Uttar Marg: Sector 2 Chowk ↔ Sukhna Lake,B_to_A,3144,440,423,1.04,OK,
2026-07-27 19:00:05,2026-07-27,19:00:05,Monday,19,N,8,Madhya Marg: Khudda Lahora ↔ Matka Chowk,A_to_B,4208,657,600,1.095,OK,
2026-07-27 19:00:05,2026-07-27,19:00:05,Monday,19,N,8,Madhya Marg: Khudda Lahora ↔ Matka Chowk,B_to_A,3931,606,529,1.146,OK,
2026-07-27 19:00:06,2026-07-27,19:00:06,Monday,19,N,9,Madhya Marg: GMSH 16 ↔ Kalagram,A_to_B,5231,880,744,1.183,OK,
2026-07-27 19:00:06,2026-07-27,19:00:06,Monday,19,N,9,Madhya Marg: GMSH 16 ↔ Kalagram,B_to_A,7158,846,822,1.029,OK,
2026-07-27 19:00:06,2026-07-27,19:00:06,Monday,19,N,10,Udyog Path: Dhanas ↔ ISBT Sector 17,A_to_B,4785,872,737,1.183,OK,
2026-07-27 19:00:06,2026-07-27,19:00:06,Monday,19,N,10,Udyog Path: Dhanas ↔ ISBT Sector 17,B_to_A,5507,1007,919,1.096,OK,
2026-07-27 19:00:07,2026-07-27,19:00:07,Monday,19,N,11,Udyog Path: ISBT Sector 17 ↔ Elante Mall,A_to_B,3274,403,383,1.052,OK,
2026-07-27 19:00:07,2026-07-27,19:00:07,Monday,19,N,11,Udyog Path: ISBT Sector 17 ↔ Elante Mall,B_to_A,3428,522,451,1.157,OK,
2026-07-27 19:00:07,2026-07-27,19:00:07,Monday,19,N,12,Dakshin Marg: DLF Mullanpur ↔ Kisan Bhawan Chowk,A_to_B,6720,993,894,1.111,OK,
2026-07-27 19:00:07,2026-07-27,19:00:07,Monday,19,N,12,Dakshin Marg: DLF Mullanpur ↔ Kisan Bhawan Chowk,B_to_A,7109,1100,950,1.158,OK,
2026-07-27 19:00:08,2026-07-27,19:00:08,Monday,19,N,13,Dakshin Marg: Kisan Bhawan Chowk ↔ Airport Chowk,A_to_B,7733,1431,1126,1.271,OK,
2026-07-27 19:00:08,2026-07-27,19:00:08,Monday,19,N,13,Dakshin Marg: Kisan Bhawan Chowk ↔ Airport Chowk,B_to_A,7973,1236,1122,1.102,OK,
2026-07-27 19:00:08,2026-07-27,19:00:08,Monday,19,N,14,NH 5: Max Hospital ↔ ISBT Sector 43,A_to_B,4206,524,503,1.042,OK,
2026-07-27 19:00:08,2026-07-27,19:00:08,Monday,19,N,14,NH 5: Max Hospital ↔ ISBT Sector 43,B_to_A,5445,690,667,1.034,OK,
2026-07-27 19:00:09,2026-07-27,19:00:09,Monday,19,N,15,Sukhna Path: Golf Club ↔ Cycle Chowk,A_to_B,7421,1148,1083,1.06,OK,
2026-07-27 19:00:09,2026-07-27,19:00:09,Monday,19,N,15,Sukhna Path: Golf Club ↔ Cycle Chowk,B_to_A,7321,1137,1080,1.053,OK,
2026-07-27 19:00:09,2026-07-27,19:00:09,Monday,19,N,16,Sarovar Path: Sukhna Lake ↔ Burail Jail,A_to_B,7816,1246,1066,1.169,OK,
2026-07-27 19:00:10,2026-07-27,19:00:10,Monday,19,N,16,Sarovar Path: Sukhna Lake ↔ Burail Jail,B_to_A,7928,1270,1084,1.172,OK,
2026-07-27 19:00:10,2026-07-27,19:00:10,Monday,19,N,17,Himalaya Marg: Rock Garden ↔ ISBT 43,A_to_B,8803,1193,1097,1.088,OK,
2026-07-27 19:00:10,2026-07-27,19:00:10,Monday,19,N,17,Himalaya Marg: Rock Garden ↔ ISBT 43,B_to_A,8976,1269,1138,1.115,OK,
2026-07-27 19:00:10,2026-07-27,19:00:10,Monday,19,N,18,Jan Marg: High Court ↔ ISBT 17,A_to_B,3334,390,390,1.0,OK,
2026-07-27 19:00:11,2026-07-27,19:00:11,Monday,19,N,18,Jan Marg: High Court ↔ ISBT 17,B_to_A,3132,325,337,0.964,OK,
2026-07-27 19:00:11,2026-07-27,19:00:11,Monday,19,N,19,Jan Marg: ISBT 17 ↔ ISBT 43,A_to_B,4115,681,568,1.199,OK,
2026-07-27 19:00:11,2026-07-27,19:00:11,Monday,19,N,19,Jan Marg: ISBT 17 ↔ ISBT 43,B_to_A,4233,742,579,1.282,OK,
2026-07-27 19:00:11,2026-07-27,19:00:11,Monday,19,N,20,Vidya Path: PGI Chowk ↔ Fountain Chowk,A_to_B,7026,957,920,1.04,OK,
2026-07-27 19:00:12,2026-07-27,19:00:12,Monday,19,N,20,Vidya Path: PGI Chowk ↔ Fountain Chowk,B_to_A,6835,994,835,1.19,OK,
2026-07-27 19:00:12,2026-07-27,19:00:12,Monday,19,N,21,Purv Marg: Tansport Chowk  ↔ Tribune Chowk,A_to_B,2620,475,411,1.156,OK,
2026-07-27 19:00:12,2026-07-27,19:00:12,Monday,19,N,21,Purv Marg: Tansport Chowk  ↔ Tribune Chowk,B_to_A,2611,507,436,1.163,OK,
2026-07-27 19:00:12,2026-07-27,19:00:12,Monday,19,N,22,Chandi Path: Sabzi Mandi Chowk  ↔ GMCH 32,A_to_B,2939,452,414,1.092,OK,
2026-07-27 19:00:13,2026-07-27,19:00:13,Monday,19,N,22,Chandi Path: Sabzi Mandi Chowk  ↔ GMCH 32,B_to_A,2756,405,361,1.122,OK,
2026-07-27 19:00:13,2026-07-27,19:00:13,Monday,19,N,23,Udyan Path: Secretariat Chowk  ↔ Furniture Chowk,A_to_B,7398,1065,883,1.206,OK,
2026-07-27 19:00:13,2026-07-27,19:00:13,Monday,19,N,23,Udyan Path: Secretariat Chowk  ↔ Furniture Chowk,B_to_A,7219,966,830,1.164,OK,
2026-07-27 19:00:13,2026-07-27,19:00:13,Monday,19,N,24,Madhya Marg: Sector 17 ↔ Railway Station,A_to_B,7537,1159,1005,1.153,OK,
2026-07-27 19:00:14,2026-07-27,19:00:14,Monday,19,N,24,Madhya Marg: Sector 17 ↔ Railway Station,B_to_A,8105,1041,1082,0.962,OK,
2026-07-27 19:00:14,2026-07-27,19:00:14,Monday,19,N,25,Paschim Marg: Sector 25 ↔ Sector 56,A_to_B,4090,580,535,1.084,OK,
2026-07-27 19:00:14,2026-07-27,19:00:14,Monday,19,N,25,Paschim Marg: Sector 25 ↔ Sector 56,B_to_A,3940,656,493,1.331,OK,
2026-07-27 19:30:02,2026-07-27,19:30:02,Monday,19,N,1,Madhya Marg: PGI Chowk ↔ Housing Board lights,A_to_B,11756,1430,1347,1.062,OK,
2026-07-27 19:30:02,2026-07-27,19:30:02,Monday,19,N,1,Madhya Marg: PGI Chowk ↔ Housing Board lights,B_to_A,8853,1346,1223,1.101,OK,
2026-07-27 19:30:02,2026-07-27,19:30:02,Monday,19,N,2,Udyog Path: PU Chowk ↔ Elante Mall,A_to_B,7111,1065,991,1.075,OK,
2026-07-27 19:30:03,2026-07-27,19:30:03,Monday,19,N,2,Udyog Path: PU Chowk ↔ Elante Mall,B_to_A,8051,1210,1091,1.109,OK,
2026-07-27 19:30:03,2026-07-27,19:30:03,Monday,19,N,3,Dakshin Marg: Daddu Majra ↔ Hallo Majra Lights,A_to_B,8610,1529,1261,1.213,OK,
2026-07-27 19:30:03,2026-07-27,19:30:03,Monday,19,N,3,Dakshin Marg: Daddu Majra ↔ Hallo Majra Lights,B_to_A,9083,1601,1481,1.081,OK,
2026-07-27 19:30:04,2026-07-27,19:30:04,Monday,19,N,4,Shanti Path: Sector 38W ↔ Sector 31 Lights,A_to_B,7418,1025,881,1.163,OK,
2026-07-27 19:30:04,2026-07-27,19:30:04,Monday,19,N,4,Shanti Path: Sector 38W ↔ Sector 31 Lights,B_to_A,7590,1194,937,1.274,OK,
2026-07-27 19:30:04,2026-07-27,19:30:04,Monday,19,N,5,NH 5: Grain Market ↔ Sector 47 Chowk,A_to_B,7596,1010,930,1.086,OK,
2026-07-27 19:30:04,2026-07-27,19:30:04,Monday,19,N,5,NH 5: Grain Market ↔ Sector 47 Chowk,B_to_A,7551,1040,972,1.07,OK,
2026-07-27 19:30:05,2026-07-27,19:30:05,Monday,19,N,6,Vigyan Path: PEC Chowk ↔ Golf Club,A_to_B,4491,490,472,1.038,OK,
2026-07-27 19:30:05,2026-07-27,19:30:05,Monday,19,N,6,Vigyan Path: PEC Chowk ↔ Golf Club,B_to_A,4518,547,525,1.042,OK,
2026-07-27 19:30:05,2026-07-27,19:30:05,Monday,19,N,7,Uttar Marg: Sector 2 Chowk ↔ Sukhna Lake,A_to_B,2481,289,274,1.055,OK,
2026-07-27 19:30:05,2026-07-27,19:30:05,Monday,19,N,7,Uttar Marg: Sector 2 Chowk ↔ Sukhna Lake,B_to_A,3144,454,423,1.073,OK,
2026-07-27 19:30:06,2026-07-27,19:30:06,Monday,19,N,8,Madhya Marg: Khudda Lahora ↔ Matka Chowk,A_to_B,4208,650,600,1.083,OK,
2026-07-27 19:30:06,2026-07-27,19:30:06,Monday,19,N,8,Madhya Marg: Khudda Lahora ↔ Matka Chowk,B_to_A,3931,592,529,1.119,OK,
2026-07-27 19:30:06,2026-07-27,19:30:06,Monday,19,N,9,Madhya Marg: GMSH 16 ↔ Kalagram,A_to_B,5231,832,744,1.118,OK,
2026-07-27 19:30:07,2026-07-27,19:30:07,Monday,19,N,9,Madhya Marg: GMSH 16 ↔ Kalagram,B_to_A,7158,825,822,1.004,OK,
2026-07-27 19:30:07,2026-07-27,19:30:07,Monday,19,N,10,Udyog Path: Dhanas ↔ ISBT Sector 17,A_to_B,4785,834,737,1.132,OK,
2026-07-27 19:30:07,2026-07-27,19:30:07,Monday,19,N,10,Udyog Path: Dhanas ↔ ISBT Sector 17,B_to_A,5507,1039,919,1.131,OK,
2026-07-27 19:30:07,2026-07-27,19:30:07,Monday,19,N,11,Udyog Path: ISBT Sector 17 ↔ Elante Mall,A_to_B,3274,400,383,1.044,OK,
2026-07-27 19:30:08,2026-07-27,19:30:08,Monday,19,N,11,Udyog Path: ISBT Sector 17 ↔ Elante Mall,B_to_A,3428,522,451,1.157,OK,
2026-07-27 19:30:08,2026-07-27,19:30:08,Monday,19,N,12,Dakshin Marg: DLF Mullanpur ↔ Kisan Bhawan Chowk,A_to_B,6720,962,894,1.076,OK,
2026-07-27 19:30:08,2026-07-27,19:30:08,Monday,19,N,12,Dakshin Marg: DLF Mullanpur ↔ Kisan Bhawan Chowk,B_to_A,7109,1047,950,1.102,OK,
2026-07-27 19:30:08,2026-07-27,19:30:08,Monday,19,N,13,Dakshin Marg: Kisan Bhawan Chowk ↔ Airport Chowk,A_to_B,7722,1402,1090,1.286,OK,
2026-07-27 19:30:09,2026-07-27,19:30:09,Monday,19,N,13,Dakshin Marg: Kisan Bhawan Chowk ↔ Airport Chowk,B_to_A,7973,1291,1122,1.151,OK,
2026-07-27 19:30:09,2026-07-27,19:30:09,Monday,19,N,14,NH 5: Max Hospital ↔ ISBT Sector 43,A_to_B,4206,520,503,1.034,OK,
2026-07-27 19:30:09,2026-07-27,19:30:09,Monday,19,N,14,NH 5: Max Hospital ↔ ISBT Sector 43,B_to_A,5445,676,667,1.013,OK,
2026-07-27 19:30:09,2026-07-27,19:30:09,Monday,19,N,15,Sukhna Path: Golf Club ↔ Cycle Chowk,A_to_B,7421,1121,1083,1.035,OK,
2026-07-27 19:30:10,2026-07-27,19:30:10,Monday,19,N,15,Sukhna Path: Golf Club ↔ Cycle Chowk,B_to_A,7321,1150,1080,1.065,OK,
2026-07-27 19:30:10,2026-07-27,19:30:10,Monday,19,N,16,Sarovar Path: Sukhna Lake ↔ Burail Jail,A_to_B,7816,1224,1066,1.148,OK,
2026-07-27 19:30:10,2026-07-27,19:30:10,Monday,19,N,16,Sarovar Path: Sukhna Lake ↔ Burail Jail,B_to_A,7928,1243,1084,1.147,OK,
2026-07-27 19:30:11,2026-07-27,19:30:11,Monday,19,N,17,Himalaya Marg: Rock Garden ↔ ISBT 43,A_to_B,8803,1179,1097,1.075,OK,
2026-07-27 19:30:11,2026-07-27,19:30:11,Monday,19,N,17,Himalaya Marg: Rock Garden ↔ ISBT 43,B_to_A,8976,1205,1138,1.059,OK,
2026-07-27 19:30:11,2026-07-27,19:30:11,Monday,19,N,18,Jan Marg: High Court ↔ ISBT 17,A_to_B,3334,385,390,0.987,OK,
2026-07-27 19:30:11,2026-07-27,19:30:11,Monday,19,N,18,Jan Marg: High Court ↔ ISBT 17,B_to_A,3132,327,337,0.97,OK,
2026-07-27 19:30:12,2026-07-27,19:30:12,Monday,19,N,19,Jan Marg: ISBT 17 ↔ ISBT 43,A_to_B,4115,671,568,1.181,OK,
2026-07-27 19:30:12,2026-07-27,19:30:12,Monday,19,N,19,Jan Marg: ISBT 17 ↔ ISBT 43,B_to_A,4233,668,579,1.154,OK,
2026-07-27 19:30:12,2026-07-27,19:30:12,Monday,19,N,20,Vidya Path: PGI Chowk ↔ Fountain Chowk,A_to_B,7026,953,920,1.036,OK,
2026-07-27 19:30:12,2026-07-27,19:30:12,Monday,19,N,20,Vidya Path: PGI Chowk ↔ Fountain Chowk,B_to_A,5474,958,716,1.338,OK,
2026-07-27 19:30:13,2026-07-27,19:30:13,Monday,19,N,21,Purv Marg: Tansport Chowk  ↔ Tribune Chowk,A_to_B,2620,475,411,1.156,OK,
2026-07-27 19:30:13,2026-07-27,19:30:13,Monday,19,N,21,Purv Marg: Tansport Chowk  ↔ Tribune Chowk,B_to_A,2611,503,436,1.154,OK,
2026-07-27 19:30:13,2026-07-27,19:30:13,Monday,19,N,22,Chandi Path: Sabzi Mandi Chowk  ↔ GMCH 32,A_to_B,2939,459,414,1.109,OK,
2026-07-27 19:30:13,2026-07-27,19:30:13,Monday,19,N,22,Chandi Path: Sabzi Mandi Chowk  ↔ GMCH 32,B_to_A,2756,411,361,1.139,OK,
2026-07-27 19:30:14,2026-07-27,19:30:14,Monday,19,N,23,Udyan Path: Secretariat Chowk  ↔ Furniture Chowk,A_to_B,7398,1015,883,1.149,OK,
2026-07-27 19:30:14,2026-07-27,19:30:14,Monday,19,N,23,Udyan Path: Secretariat Chowk  ↔ Furniture Chowk,B_to_A,7935,1097,964,1.138,OK,
2026-07-27 19:30:14,2026-07-27,19:30:14,Monday,19,N,24,Madhya Marg: Sector 17 ↔ Railway Station,A_to_B,7537,1083,1005,1.078,OK,
2026-07-27 19:30:14,2026-07-27,19:30:14,Monday,19,N,24,Madhya Marg: Sector 17 ↔ Railway Station,B_to_A,6568,1005,1029,0.977,OK,
2026-07-27 19:30:15,2026-07-27,19:30:15,Monday,19,N,25,Paschim Marg: Sector 25 ↔ Sector 56,A_to_B,4089,584,535,1.092,OK,
2026-07-27 19:30:15,2026-07-27,19:30:15,Monday,19,N,25,Paschim Marg: Sector 25 ↔ Sector 56,B_to_A,3940,580,493,1.176,OK,
2026-07-27 20:00:02,2026-07-27,20:00:02,Monday,20,N,1,Madhya Marg: PGI Chowk ↔ Housing Board lights,A_to_B,11756,1427,1347,1.059,OK,
2026-07-27 20:00:02,2026-07-27,20:00:02,Monday,20,N,1,Madhya Marg: PGI Chowk ↔ Housing Board lights,B_to_A,8853,1338,1223,1.094,OK,
2026-07-27 20:00:03,2026-07-27,20:00:03,Monday,20,N,2,Udyog Path: PU Chowk ↔ Elante Mall,A_to_B,7111,1068,991,1.078,OK,
2026-07-27 20:00:03,2026-07-27,20:00:03,Monday,20,N,2,Udyog Path: PU Chowk ↔ Elante Mall,B_to_A,8051,1184,1091,1.085,OK,
2026-07-27 20:00:03,2026-07-27,20:00:03,Monday,20,N,3,Dakshin Marg: Daddu Majra ↔ Hallo Majra Lights,A_to_B,8610,1458,1261,1.156,OK,
2026-07-27 20:00:03,2026-07-27,20:00:03,Monday,20,N,3,Dakshin Marg: Daddu Majra ↔ Hallo Majra Lights,B_to_A,9042,1547,1445,1.071,OK,
2026-07-27 20:00:04,2026-07-27,20:00:04,Monday,20,N,4,Shanti Path: Sector 38W ↔ Sector 31 Lights,A_to_B,7418,991,881,1.125,OK,
2026-07-27 20:00:04,2026-07-27,20:00:04,Monday,20,N,4,Shanti Path: Sector 38W ↔ Sector 31 Lights,B_to_A,7590,1153,937,1.231,OK,
2026-07-27 20:00:04,2026-07-27,20:00:04,Monday,20,N,5,NH 5: Grain Market ↔ Sector 47 Chowk,A_to_B,7596,981,930,1.055,OK,
2026-07-27 20:00:05,2026-07-27,20:00:05,Monday,20,N,5,NH 5: Grain Market ↔ Sector 47 Chowk,B_to_A,7551,1020,972,1.049,OK,
2026-07-27 20:00:05,2026-07-27,20:00:05,Monday,20,N,6,Vigyan Path: PEC Chowk ↔ Golf Club,A_to_B,4491,489,472,1.036,OK,
2026-07-27 20:00:05,2026-07-27,20:00:05,Monday,20,N,6,Vigyan Path: PEC Chowk ↔ Golf Club,B_to_A,4518,546,525,1.04,OK,
2026-07-27 20:00:05,2026-07-27,20:00:05,Monday,20,N,7,Uttar Marg: Sector 2 Chowk ↔ Sukhna Lake,A_to_B,2481,289,274,1.055,OK,
2026-07-27 20:00:06,2026-07-27,20:00:06,Monday,20,N,7,Uttar Marg: Sector 2 Chowk ↔ Sukhna Lake,B_to_A,3144,422,423,0.998,OK,
2026-07-27 20:00:06,2026-07-27,20:00:06,Monday,20,N,8,Madhya Marg: Khudda Lahora ↔ Matka Chowk,A_to_B,4208,691,600,1.152,OK,
2026-07-27 20:00:06,2026-07-27,20:00:06,Monday,20,N,8,Madhya Marg: Khudda Lahora ↔ Matka Chowk,B_to_A,3931,601,529,1.136,OK,
2026-07-27 20:00:06,2026-07-27,20:00:06,Monday,20,N,9,Madhya Marg: GMSH 16 ↔ Kalagram,A_to_B,5231,843,744,1.133,OK,
2026-07-27 20:00:07,2026-07-27,20:00:07,Monday,20,N,9,Madhya Marg: GMSH 16 ↔ Kalagram,B_to_A,5517,799,772,1.035,OK,
2026-07-27 20:00:07,2026-07-27,20:00:07,Monday,20,N,10,Udyog Path: Dhanas ↔ ISBT Sector 17,A_to_B,4785,823,737,1.117,OK,
2026-07-27 20:00:07,2026-07-27,20:00:07,Monday,20,N,10,Udyog Path: Dhanas ↔ ISBT Sector 17,B_to_A,5507,1023,919,1.113,OK,
2026-07-27 20:00:07,2026-07-27,20:00:07,Monday,20,N,11,Udyog Path: ISBT Sector 17 ↔ Elante Mall,A_to_B,3274,403,383,1.052,OK,
2026-07-27 20:00:08,2026-07-27,20:00:08,Monday,20,N,11,Udyog Path: ISBT Sector 17 ↔ Elante Mall,B_to_A,3428,534,451,1.184,OK,
2026-07-27 20:00:08,2026-07-27,20:00:08,Monday,20,N,12,Dakshin Marg: DLF Mullanpur ↔ Kisan Bhawan Chowk,A_to_B,6720,950,894,1.063,OK,
2026-07-27 20:00:08,2026-07-27,20:00:08,Monday,20,N,12,Dakshin Marg: DLF Mullanpur ↔ Kisan Bhawan Chowk,B_to_A,7109,1034,950,1.088,OK,
2026-07-27 20:00:09,2026-07-27,20:00:09,Monday,20,N,13,Dakshin Marg: Kisan Bhawan Chowk ↔ Airport Chowk,A_to_B,7722,1296,1090,1.189,OK,
2026-07-27 20:00:09,2026-07-27,20:00:09,Monday,20,N,13,Dakshin Marg: Kisan Bhawan Chowk ↔ Airport Chowk,B_to_A,7931,1200,1144,1.049,OK,
2026-07-27 20:00:09,2026-07-27,20:00:09,Monday,20,N,14,NH 5: Max Hospital ↔ ISBT Sector 43,A_to_B,4206,508,503,1.01,OK,
2026-07-27 20:00:09,2026-07-27,20:00:09,Monday,20,N,14,NH 5: Max Hospital ↔ ISBT Sector 43,B_to_A,5445,677,667,1.015,OK,
2026-07-27 20:00:10,2026-07-27,20:00:10,Monday,20,N,15,Sukhna Path: Golf Club ↔ Cycle Chowk,A_to_B,7421,1115,1083,1.03,OK,
2026-07-27 20:00:10,2026-07-27,20:00:10,Monday,20,N,15,Sukhna Path: Golf Club ↔ Cycle Chowk,B_to_A,7321,1108,1080,1.026,OK,
2026-07-27 20:00:10,2026-07-27,20:00:10,Monday,20,N,16,Sarovar Path: Sukhna Lake ↔ Burail Jail,A_to_B,7816,1173,1066,1.1,OK,
2026-07-27 20:00:10,2026-07-27,20:00:10,Monday,20,N,16,Sarovar Path: Sukhna Lake ↔ Burail Jail,B_to_A,7928,1197,1084,1.104,OK,
2026-07-27 20:00:11,2026-07-27,20:00:11,Monday,20,N,17,Himalaya Marg: Rock Garden ↔ ISBT 43,A_to_B,8803,1174,1097,1.07,OK,
2026-07-27 20:00:11,2026-07-27,20:00:11,Monday,20,N,17,Himalaya Marg: Rock Garden ↔ ISBT 43,B_to_A,8976,1120,1138,0.984,OK,
2026-07-27 20:00:11,2026-07-27,20:00:11,Monday,20,N,18,Jan Marg: High Court ↔ ISBT 17,A_to_B,3334,392,390,1.005,OK,
2026-07-27 20:00:11,2026-07-27,20:00:11,Monday,20,N,18,Jan Marg: High Court ↔ ISBT 17,B_to_A,3132,320,337,0.95,OK,
2026-07-27 20:00:12,2026-07-27,20:00:12,Monday,20,N,19,Jan Marg: ISBT 17 ↔ ISBT 43,A_to_B,4115,668,568,1.176,OK,
2026-07-27 20:00:12,2026-07-27,20:00:12,Monday,20,N,19,Jan Marg: ISBT 17 ↔ ISBT 43,B_to_A,4233,591,579,1.021,OK,
2026-07-27 20:00:12,2026-07-27,20:00:12,Monday,20,N,20,Vidya Path: PGI Chowk ↔ Fountain Chowk,A_to_B,5475,755,714,1.057,OK,
2026-07-27 20:00:13,2026-07-27,20:00:13,Monday,20,N,20,Vidya Path: PGI Chowk ↔ Fountain Chowk,B_to_A,5474,872,716,1.218,OK,
2026-07-27 20:00:13,2026-07-27,20:00:13,Monday,20,N,21,Purv Marg: Tansport Chowk  ↔ Tribune Chowk,A_to_B,2620,451,411,1.097,OK,
2026-07-27 20:00:13,2026-07-27,20:00:13,Monday,20,N,21,Purv Marg: Tansport Chowk  ↔ Tribune Chowk,B_to_A,2611,510,436,1.17,OK,
2026-07-27 20:00:13,2026-07-27,20:00:13,Monday,20,N,22,Chandi Path: Sabzi Mandi Chowk  ↔ GMCH 32,A_to_B,2939,426,414,1.029,OK,
2026-07-27 20:00:14,2026-07-27,20:00:14,Monday,20,N,22,Chandi Path: Sabzi Mandi Chowk  ↔ GMCH 32,B_to_A,2756,403,361,1.116,OK,
2026-07-27 20:00:14,2026-07-27,20:00:14,Monday,20,N,23,Udyan Path: Secretariat Chowk  ↔ Furniture Chowk,A_to_B,7398,1014,883,1.148,OK,
2026-07-27 20:00:14,2026-07-27,20:00:14,Monday,20,N,23,Udyan Path: Secretariat Chowk  ↔ Furniture Chowk,B_to_A,8859,1038,1026,1.012,OK,
2026-07-27 20:00:14,2026-07-27,20:00:14,Monday,20,N,24,Madhya Marg: Sector 17 ↔ Railway Station,A_to_B,7206,993,945,1.051,OK,
2026-07-27 20:00:15,2026-07-27,20:00:15,Monday,20,N,24,Madhya Marg: Sector 17 ↔ Railway Station,B_to_A,8105,1037,1082,0.958,OK,
2026-07-27 20:00:15,2026-07-27,20:00:15,Monday,20,N,25,Paschim Marg: Sector 25 ↔ Sector 56,A_to_B,4090,563,535,1.052,OK,
2026-07-27 20:00:15,2026-07-27,20:00:15,Monday,20,N,25,Paschim Marg: Sector 25 ↔ Sector 56,B_to_A,3940,539,493,1.093,OK,
2026-07-27 20:30:02,2026-07-27,20:30:02,Monday,20,N,1,Madhya Marg: PGI Chowk ↔ Housing Board lights,A_to_B,11756,1384,1347,1.027,OK,
2026-07-27 20:30:02,2026-07-27,20:30:02,Monday,20,N,1,Madhya Marg: PGI Chowk ↔ Housing Board lights,B_to_A,8853,1284,1223,1.05,OK,
2026-07-27 20:30:02,2026-07-27,20:30:02,Monday,20,N,2,Udyog Path: PU Chowk ↔ Elante Mall,A_to_B,8606,1091,1105,0.987,OK,
2026-07-27 20:30:03,2026-07-27,20:30:03,Monday,20,N,2,Udyog Path: PU Chowk ↔ Elante Mall,B_to_A,8051,1114,1091,1.021,OK,
2026-07-27 20:30:03,2026-07-27,20:30:03,Monday,20,N,3,Dakshin Marg: Daddu Majra ↔ Hallo Majra Lights,A_to_B,8610,1332,1261,1.056,OK,
2026-07-27 20:30:03,2026-07-27,20:30:03,Monday,20,N,3,Dakshin Marg: Daddu Majra ↔ Hallo Majra Lights,B_to_A,9042,1436,1445,0.994,OK,
2026-07-27 20:30:04,2026-07-27,20:30:04,Monday,20,N,4,Shanti Path: Sector 38W ↔ Sector 31 Lights,A_to_B,7418,908,881,1.031,OK,
2026-07-27 20:30:04,2026-07-27,20:30:04,Monday,20,N,4,Shanti Path: Sector 38W ↔ Sector 31 Lights,B_to_A,7590,1096,937,1.17,OK,
2026-07-27 20:30:04,2026-07-27,20:30:04,Monday,20,N,5,NH 5: Grain Market ↔ Sector 47 Chowk,A_to_B,7596,933,930,1.003,OK,
2026-07-27 20:30:04,2026-07-27,20:30:04,Monday,20,N,5,NH 5: Grain Market ↔ Sector 47 Chowk,B_to_A,7551,989,972,1.017,OK,
2026-07-27 20:30:05,2026-07-27,20:30:05,Monday,20,N,6,Vigyan Path: PEC Chowk ↔ Golf Club,A_to_B,4491,475,472,1.006,OK,
2026-07-27 20:30:05,2026-07-27,20:30:05,Monday,20,N,6,Vigyan Path: PEC Chowk ↔ Golf Club,B_to_A,4518,526,525,1.002,OK,
2026-07-27 20:30:05,2026-07-27,20:30:05,Monday,20,N,7,Uttar Marg: Sector 2 Chowk ↔ Sukhna Lake,A_to_B,2481,261,274,0.953,OK,
2026-07-27 20:30:06,2026-07-27,20:30:06,Monday,20,N,7,Uttar Marg: Sector 2 Chowk ↔ Sukhna Lake,B_to_A,3144,403,423,0.953,OK,
2026-07-27 20:30:06,2026-07-27,20:30:06,Monday,20,N,8,Madhya Marg: Khudda Lahora ↔ Matka Chowk,A_to_B,4208,697,600,1.162,OK,
2026-07-27 20:30:06,2026-07-27,20:30:06,Monday,20,N,8,Madhya Marg: Khudda Lahora ↔ Matka Chowk,B_to_A,3931,595,529,1.125,OK,
2026-07-27 20:30:06,2026-07-27,20:30:06,Monday,20,N,9,Madhya Marg: GMSH 16 ↔ Kalagram,A_to_B,5231,926,744,1.245,OK,
2026-07-27 20:30:07,2026-07-27,20:30:07,Monday,20,N,9,Madhya Marg: GMSH 16 ↔ Kalagram,B_to_A,7158,804,822,0.978,OK,
2026-07-27 20:30:07,2026-07-27,20:30:07,Monday,20,N,10,Udyog Path: Dhanas ↔ ISBT Sector 17,A_to_B,4785,800,737,1.085,OK,
2026-07-27 20:30:07,2026-07-27,20:30:07,Monday,20,N,10,Udyog Path: Dhanas ↔ ISBT Sector 17,B_to_A,5507,972,919,1.058,OK,
2026-07-27 20:30:07,2026-07-27,20:30:07,Monday,20,N,11,Udyog Path: ISBT Sector 17 ↔ Elante Mall,A_to_B,3274,375,383,0.979,OK,
2026-07-27 20:30:08,2026-07-27,20:30:08,Monday,20,N,11,Udyog Path: ISBT Sector 17 ↔ Elante Mall,B_to_A,3428,488,451,1.082,OK,
2026-07-27 20:30:08,2026-07-27,20:30:08,Monday,20,N,12,Dakshin Marg: DLF Mullanpur ↔ Kisan Bhawan Chowk,A_to_B,6720,923,894,1.032,OK,
2026-07-27 20:30:08,2026-07-27,20:30:08,Monday,20,N,12,Dakshin Marg: DLF Mullanpur ↔ Kisan Bhawan Chowk,B_to_A,7109,1014,950,1.067,OK,
2026-07-27 20:30:08,2026-07-27,20:30:08,Monday,20,N,13,Dakshin Marg: Kisan Bhawan Chowk ↔ Airport Chowk,A_to_B,7722,1187,1090,1.089,OK,
2026-07-27 20:30:09,2026-07-27,20:30:09,Monday,20,N,13,Dakshin Marg: Kisan Bhawan Chowk ↔ Airport Chowk,B_to_A,7931,1108,1144,0.969,OK,
2026-07-27 20:30:09,2026-07-27,20:30:09,Monday,20,N,14,NH 5: Max Hospital ↔ ISBT Sector 43,A_to_B,4206,485,503,0.964,OK,
2026-07-27 20:30:09,2026-07-27,20:30:09,Monday,20,N,14,NH 5: Max Hospital ↔ ISBT Sector 43,B_to_A,5445,653,667,0.979,OK,
2026-07-27 20:30:09,2026-07-27,20:30:09,Monday,20,N,15,Sukhna Path: Golf Club ↔ Cycle Chowk,A_to_B,7421,1062,1083,0.981,OK,
2026-07-27 20:30:10,2026-07-27,20:30:10,Monday,20,N,15,Sukhna Path: Golf Club ↔ Cycle Chowk,B_to_A,7321,1059,1080,0.981,OK,
2026-07-27 20:30:10,2026-07-27,20:30:10,Monday,20,N,16,Sarovar Path: Sukhna Lake ↔ Burail Jail,A_to_B,7816,1110,1066,1.041,OK,
2026-07-27 20:30:10,2026-07-27,20:30:10,Monday,20,N,16,Sarovar Path: Sukhna Lake ↔ Burail Jail,B_to_A,7928,1129,1084,1.042,OK,
2026-07-27 20:30:11,2026-07-27,20:30:11,Monday,20,N,17,Himalaya Marg: Rock Garden ↔ ISBT 43,A_to_B,8803,1124,1097,1.025,OK,
2026-07-27 20:30:11,2026-07-27,20:30:11,Monday,20,N,17,Himalaya Marg: Rock Garden ↔ ISBT 43,B_to_A,8976,1078,1138,0.947,OK,
2026-07-27 20:30:11,2026-07-27,20:30:11,Monday,20,N,18,Jan Marg: High Court ↔ ISBT 17,A_to_B,3334,370,390,0.949,OK,
2026-07-27 20:30:11,2026-07-27,20:30:11,Monday,20,N,18,Jan Marg: High Court ↔ ISBT 17,B_to_A,3132,318,337,0.944,OK,
2026-07-27 20:30:12,2026-07-27,20:30:12,Monday,20,N,19,Jan Marg: ISBT 17 ↔ ISBT 43,A_to_B,4115,645,568,1.136,OK,
2026-07-27 20:30:12,2026-07-27,20:30:12,Monday,20,N,19,Jan Marg: ISBT 17 ↔ ISBT 43,B_to_A,4231,562,579,0.971,OK,
2026-07-27 20:30:12,2026-07-27,20:30:12,Monday,20,N,20,Vidya Path: PGI Chowk ↔ Fountain Chowk,A_to_B,5475,746,714,1.045,OK,
2026-07-27 20:30:12,2026-07-27,20:30:12,Monday,20,N,20,Vidya Path: PGI Chowk ↔ Fountain Chowk,B_to_A,5474,737,716,1.029,OK,
2026-07-27 20:30:13,2026-07-27,20:30:13,Monday,20,N,21,Purv Marg: Tansport Chowk  ↔ Tribune Chowk,A_to_B,2620,445,411,1.083,OK,
2026-07-27 20:30:13,2026-07-27,20:30:13,Monday,20,N,21,Purv Marg: Tansport Chowk  ↔ Tribune Chowk,B_to_A,2611,475,436,1.089,OK,
2026-07-27 20:30:13,2026-07-27,20:30:13,Monday,20,N,22,Chandi Path: Sabzi Mandi Chowk  ↔ GMCH 32,A_to_B,2939,438,414,1.058,OK,
2026-07-27 20:30:13,2026-07-27,20:30:13,Monday,20,N,22,Chandi Path: Sabzi Mandi Chowk  ↔ GMCH 32,B_to_A,2756,385,361,1.066,OK,
2026-07-27 20:30:14,2026-07-27,20:30:14,Monday,20,N,23,Udyan Path: Secretariat Chowk  ↔ Furniture Chowk,A_to_B,7398,968,883,1.096,OK,
2026-07-27 20:30:14,2026-07-27,20:30:14,Monday,20,N,23,Udyan Path: Secretariat Chowk  ↔ Furniture Chowk,B_to_A,7219,942,830,1.135,OK,
2026-07-27 20:30:14,2026-07-27,20:30:14,Monday,20,N,24,Madhya Marg: Sector 17 ↔ Railway Station,A_to_B,7206,953,945,1.008,OK,
2026-07-27 20:30:14,2026-07-27,20:30:14,Monday,20,N,24,Madhya Marg: Sector 17 ↔ Railway Station,B_to_A,7877,1045,1036,1.009,OK,
2026-07-27 20:30:15,2026-07-27,20:30:15,Monday,20,N,25,Paschim Marg: Sector 25 ↔ Sector 56,A_to_B,4090,554,535,1.036,OK,
2026-07-27 20:30:15,2026-07-27,20:30:15,Monday,20,N,25,Paschim Marg: Sector 25 ↔ Sector 56,B_to_A,3940,527,493,1.069,OK,
2026-07-27 21:00:02,2026-07-27,21:00:02,Monday,21,N,1,Madhya Marg: PGI Chowk ↔ Housing Board lights,A_to_B,11756,1305,1347,0.969,OK,
2026-07-27 21:00:02,2026-07-27,21:00:02,Monday,21,N,1,Madhya Marg: PGI Chowk ↔ Housing Board lights,B_to_A,8853,1223,1223,1.0,OK,
2026-07-27 21:00:02,2026-07-27,21:00:02,Monday,21,N,2,Udyog Path: PU Chowk ↔ Elante Mall,A_to_B,8606,1036,1105,0.938,OK,
2026-07-27 21:00:02,2026-07-27,21:00:02,Monday,21,N,2,Udyog Path: PU Chowk ↔ Elante Mall,B_to_A,8051,1035,1091,0.949,OK,
2026-07-27 21:00:03,2026-07-27,21:00:03,Monday,21,N,3,Dakshin Marg: Daddu Majra ↔ Hallo Majra Lights,A_to_B,8610,1204,1261,0.955,OK,
2026-07-27 21:00:03,2026-07-27,21:00:03,Monday,21,N,3,Dakshin Marg: Daddu Majra ↔ Hallo Majra Lights,B_to_A,9042,1294,1445,0.896,OK,
2026-07-27 21:00:03,2026-07-27,21:00:03,Monday,21,N,4,Shanti Path: Sector 38W ↔ Sector 31 Lights,A_to_B,7418,859,881,0.975,OK,
2026-07-27 21:00:04,2026-07-27,21:00:04,Monday,21,N,4,Shanti Path: Sector 38W ↔ Sector 31 Lights,B_to_A,7590,1019,937,1.088,OK,
2026-07-27 21:00:04,2026-07-27,21:00:04,Monday,21,N,5,NH 5: Grain Market ↔ Sector 47 Chowk,A_to_B,7596,911,930,0.98,OK,
2026-07-27 21:00:04,2026-07-27,21:00:04,Monday,21,N,5,NH 5: Grain Market ↔ Sector 47 Chowk,B_to_A,7551,948,972,0.975,OK,
2026-07-27 21:00:04,2026-07-27,21:00:04,Monday,21,N,6,Vigyan Path: PEC Chowk ↔ Golf Club,A_to_B,4491,450,472,0.953,OK,
2026-07-27 21:00:05,2026-07-27,21:00:05,Monday,21,N,6,Vigyan Path: PEC Chowk ↔ Golf Club,B_to_A,4518,506,525,0.964,OK,
2026-07-27 21:00:05,2026-07-27,21:00:05,Monday,21,N,7,Uttar Marg: Sector 2 Chowk ↔ Sukhna Lake,A_to_B,2481,252,274,0.92,OK,
2026-07-27 21:00:05,2026-07-27,21:00:05,Monday,21,N,7,Uttar Marg: Sector 2 Chowk ↔ Sukhna Lake,B_to_A,3144,389,423,0.92,OK,
2026-07-27 21:00:06,2026-07-27,21:00:06,Monday,21,N,8,Madhya Marg: Khudda Lahora ↔ Matka Chowk,A_to_B,4208,586,600,0.977,OK,
2026-07-27 21:00:06,2026-07-27,21:00:06,Monday,21,N,8,Madhya Marg: Khudda Lahora ↔ Matka Chowk,B_to_A,3931,537,529,1.015,OK,
2026-07-27 21:00:06,2026-07-27,21:00:06,Monday,21,N,9,Madhya Marg: GMSH 16 ↔ Kalagram,A_to_B,5231,782,744,1.051,OK,
2026-07-27 21:00:06,2026-07-27,21:00:06,Monday,21,N,9,Madhya Marg: GMSH 16 ↔ Kalagram,B_to_A,7158,743,822,0.904,OK,
2026-07-27 21:00:07,2026-07-27,21:00:07,Monday,21,N,10,Udyog Path: Dhanas ↔ ISBT Sector 17,A_to_B,4785,793,737,1.076,OK,
2026-07-27 21:00:07,2026-07-27,21:00:07,Monday,21,N,10,Udyog Path: Dhanas ↔ ISBT Sector 17,B_to_A,5507,901,919,0.98,OK,
2026-07-27 21:00:07,2026-07-27,21:00:07,Monday,21,N,11,Udyog Path: ISBT Sector 17 ↔ Elante Mall,A_to_B,3274,365,383,0.953,OK,
2026-07-27 21:00:07,2026-07-27,21:00:07,Monday,21,N,11,Udyog Path: ISBT Sector 17 ↔ Elante Mall,B_to_A,3428,443,451,0.982,OK,
2026-07-27 21:00:08,2026-07-27,21:00:08,Monday,21,N,12,Dakshin Marg: DLF Mullanpur ↔ Kisan Bhawan Chowk,A_to_B,6720,872,894,0.975,OK,
2026-07-27 21:00:08,2026-07-27,21:00:08,Monday,21,N,12,Dakshin Marg: DLF Mullanpur ↔ Kisan Bhawan Chowk,B_to_A,7109,937,950,0.986,OK,
2026-07-27 21:00:08,2026-07-27,21:00:08,Monday,21,N,13,Dakshin Marg: Kisan Bhawan Chowk ↔ Airport Chowk,A_to_B,7722,1068,1090,0.98,OK,
2026-07-27 21:00:08,2026-07-27,21:00:08,Monday,21,N,13,Dakshin Marg: Kisan Bhawan Chowk ↔ Airport Chowk,B_to_A,7931,1034,1144,0.904,OK,
2026-07-27 21:00:09,2026-07-27,21:00:09,Monday,21,N,14,NH 5: Max Hospital ↔ ISBT Sector 43,A_to_B,4206,473,503,0.94,OK,
2026-07-27 21:00:09,2026-07-27,21:00:09,Monday,21,N,14,NH 5: Max Hospital ↔ ISBT Sector 43,B_to_A,5445,613,667,0.919,OK,
2026-07-27 21:00:09,2026-07-27,21:00:09,Monday,21,N,15,Sukhna Path: Golf Club ↔ Cycle Chowk,A_to_B,7421,1023,1083,0.945,OK,
2026-07-27 21:00:09,2026-07-27,21:00:09,Monday,21,N,15,Sukhna Path: Golf Club ↔ Cycle Chowk,B_to_A,7321,1002,1080,0.928,OK,
2026-07-27 21:00:10,2026-07-27,21:00:10,Monday,21,N,16,Sarovar Path: Sukhna Lake ↔ Burail Jail,A_to_B,7816,1050,1066,0.985,OK,
2026-07-27 21:00:10,2026-07-27,21:00:10,Monday,21,N,16,Sarovar Path: Sukhna Lake ↔ Burail Jail,B_to_A,7928,1059,1084,0.977,OK,
2026-07-27 21:00:10,2026-07-27,21:00:10,Monday,21,N,17,Himalaya Marg: Rock Garden ↔ ISBT 43,A_to_B,8803,1059,1097,0.965,OK,
2026-07-27 21:00:11,2026-07-27,21:00:11,Monday,21,N,17,Himalaya Marg: Rock Garden ↔ ISBT 43,B_to_A,8976,1037,1138,0.911,OK,
2026-07-27 21:00:11,2026-07-27,21:00:11,Monday,21,N,18,Jan Marg: High Court ↔ ISBT 17,A_to_B,3334,361,390,0.926,OK,
2026-07-27 21:00:11,2026-07-27,21:00:11,Monday,21,N,18,Jan Marg: High Court ↔ ISBT 17,B_to_A,3132,310,337,0.92,OK,
2026-07-27 21:00:11,2026-07-27,21:00:11,Monday,21,N,19,Jan Marg: ISBT 17 ↔ ISBT 43,A_to_B,4115,583,568,1.026,OK,
2026-07-27 21:00:12,2026-07-27,21:00:12,Monday,21,N,19,Jan Marg: ISBT 17 ↔ ISBT 43,B_to_A,4233,536,579,0.926,OK,
2026-07-27 21:00:12,2026-07-27,21:00:12,Monday,21,N,20,Vidya Path: PGI Chowk ↔ Fountain Chowk,A_to_B,5475,702,714,0.983,OK,
2026-07-27 21:00:12,2026-07-27,21:00:12,Monday,21,N,20,Vidya Path: PGI Chowk ↔ Fountain Chowk,B_to_A,5474,706,716,0.986,OK,
2026-07-27 21:00:12,2026-07-27,21:00:12,Monday,21,N,21,Purv Marg: Tansport Chowk  ↔ Tribune Chowk,A_to_B,2620,441,411,1.073,OK,
2026-07-27 21:00:13,2026-07-27,21:00:13,Monday,21,N,21,Purv Marg: Tansport Chowk  ↔ Tribune Chowk,B_to_A,2611,465,436,1.067,OK,
2026-07-27 21:00:13,2026-07-27,21:00:13,Monday,21,N,22,Chandi Path: Sabzi Mandi Chowk  ↔ GMCH 32,A_to_B,2939,405,414,0.978,OK,
2026-07-27 21:00:13,2026-07-27,21:00:13,Monday,21,N,22,Chandi Path: Sabzi Mandi Chowk  ↔ GMCH 32,B_to_A,2756,367,361,1.017,OK,
2026-07-27 21:00:13,2026-07-27,21:00:13,Monday,21,N,23,Udyan Path: Secretariat Chowk  ↔ Furniture Chowk,A_to_B,7398,916,883,1.037,OK,
2026-07-27 21:00:14,2026-07-27,21:00:14,Monday,21,N,23,Udyan Path: Secretariat Chowk  ↔ Furniture Chowk,B_to_A,7219,839,830,1.011,OK,
2026-07-27 21:00:14,2026-07-27,21:00:14,Monday,21,N,24,Madhya Marg: Sector 17 ↔ Railway Station,A_to_B,7206,918,945,0.971,OK,
2026-07-27 21:00:14,2026-07-27,21:00:14,Monday,21,N,24,Madhya Marg: Sector 17 ↔ Railway Station,B_to_A,7877,934,1036,0.902,OK,
2026-07-27 21:00:15,2026-07-27,21:00:15,Monday,21,N,25,Paschim Marg: Sector 25 ↔ Sector 56,A_to_B,4090,542,535,1.013,OK,
2026-07-27 21:00:15,2026-07-27,21:00:15,Monday,21,N,25,Paschim Marg: Sector 25 ↔ Sector 56,B_to_A,3940,501,493,1.016,OK,
2026-07-27 21:30:02,2026-07-27,21:30:02,Monday,21,N,1,Madhya Marg: PGI Chowk ↔ Housing Board lights,A_to_B,11756,1235,1347,0.917,OK,
2026-07-27 21:30:02,2026-07-27,21:30:02,Monday,21,N,1,Madhya Marg: PGI Chowk ↔ Housing Board lights,B_to_A,8853,1157,1223,0.946,OK,
2026-07-27 21:30:02,2026-07-27,21:30:02,Monday,21,N,2,Udyog Path: PU Chowk ↔ Elante Mall,A_to_B,7173,953,1033,0.923,OK,
2026-07-27 21:30:03,2026-07-27,21:30:03,Monday,21,N,2,Udyog Path: PU Chowk ↔ Elante Mall,B_to_A,8051,944,1091,0.865,OK,
2026-07-27 21:30:03,2026-07-27,21:30:03,Monday,21,N,3,Dakshin Marg: Daddu Majra ↔ Hallo Majra Lights,A_to_B,8610,1107,1261,0.878,OK,
2026-07-27 21:30:03,2026-07-27,21:30:03,Monday,21,N,3,Dakshin Marg: Daddu Majra ↔ Hallo Majra Lights,B_to_A,9042,1180,1445,0.817,OK,
2026-07-27 21:30:04,2026-07-27,21:30:04,Monday,21,N,4,Shanti Path: Sector 38W ↔ Sector 31 Lights,A_to_B,7418,835,881,0.948,OK,
2026-07-27 21:30:04,2026-07-27,21:30:04,Monday,21,N,4,Shanti Path: Sector 38W ↔ Sector 31 Lights,B_to_A,7590,953,937,1.017,OK,
2026-07-27 21:30:04,2026-07-27,21:30:04,Monday,21,N,5,NH 5: Grain Market ↔ Sector 47 Chowk,A_to_B,7596,880,930,0.946,OK,
2026-07-27 21:30:05,2026-07-27,21:30:05,Monday,21,N,5,NH 5: Grain Market ↔ Sector 47 Chowk,B_to_A,7551,928,972,0.955,OK,
2026-07-27 21:30:05,2026-07-27,21:30:05,Monday,21,N,6,Vigyan Path: PEC Chowk ↔ Golf Club,A_to_B,4491,438,472,0.928,OK,
2026-07-27 21:30:05,2026-07-27,21:30:05,Monday,21,N,6,Vigyan Path: PEC Chowk ↔ Golf Club,B_to_A,4518,485,525,0.924,OK,
2026-07-27 21:30:05,2026-07-27,21:30:05,Monday,21,N,7,Uttar Marg: Sector 2 Chowk ↔ Sukhna Lake,A_to_B,2481,247,274,0.901,OK,
2026-07-27 21:30:06,2026-07-27,21:30:06,Monday,21,N,7,Uttar Marg: Sector 2 Chowk ↔ Sukhna Lake,B_to_A,3144,378,423,0.894,OK,
2026-07-27 21:30:06,2026-07-27,21:30:06,Monday,21,N,8,Madhya Marg: Khudda Lahora ↔ Matka Chowk,A_to_B,4208,540,600,0.9,OK,
2026-07-27 21:30:06,2026-07-27,21:30:06,Monday,21,N,8,Madhya Marg: Khudda Lahora ↔ Matka Chowk,B_to_A,3931,487,529,0.921,OK,
2026-07-27 21:30:06,2026-07-27,21:30:06,Monday,21,N,9,Madhya Marg: GMSH 16 ↔ Kalagram,A_to_B,5231,735,744,0.988,OK,
2026-07-27 21:30:07,2026-07-27,21:30:07,Monday,21,N,9,Madhya Marg: GMSH 16 ↔ Kalagram,B_to_A,7158,716,822,0.871,OK,
2026-07-27 21:30:07,2026-07-27,21:30:07,Monday,21,N,10,Udyog Path: Dhanas ↔ ISBT Sector 17,A_to_B,4785,754,737,1.023,OK,
2026-07-27 21:30:07,2026-07-27,21:30:07,Monday,21,N,10,Udyog Path: Dhanas ↔ ISBT Sector 17,B_to_A,5507,840,919,0.914,OK,
2026-07-27 21:30:08,2026-07-27,21:30:08,Monday,21,N,11,Udyog Path: ISBT Sector 17 ↔ Elante Mall,A_to_B,3274,345,383,0.901,OK,
2026-07-27 21:30:08,2026-07-27,21:30:08,Monday,21,N,11,Udyog Path: ISBT Sector 17 ↔ Elante Mall,B_to_A,3428,416,451,0.922,OK,
2026-07-27 21:30:08,2026-07-27,21:30:08,Monday,21,N,12,Dakshin Marg: DLF Mullanpur ↔ Kisan Bhawan Chowk,A_to_B,6720,805,894,0.9,OK,
2026-07-27 21:30:08,2026-07-27,21:30:08,Monday,21,N,12,Dakshin Marg: DLF Mullanpur ↔ Kisan Bhawan Chowk,B_to_A,7109,838,950,0.882,OK,
2026-07-27 21:30:09,2026-07-27,21:30:09,Monday,21,N,13,Dakshin Marg: Kisan Bhawan Chowk ↔ Airport Chowk,A_to_B,7722,977,1090,0.896,OK,
2026-07-27 21:30:09,2026-07-27,21:30:09,Monday,21,N,13,Dakshin Marg: Kisan Bhawan Chowk ↔ Airport Chowk,B_to_A,7931,958,1144,0.837,OK,
2026-07-27 21:30:09,2026-07-27,21:30:09,Monday,21,N,14,NH 5: Max Hospital ↔ ISBT Sector 43,A_to_B,4206,454,503,0.903,OK,
2026-07-27 21:30:09,2026-07-27,21:30:09,Monday,21,N,14,NH 5: Max Hospital ↔ ISBT Sector 43,B_to_A,5445,590,667,0.885,OK,
2026-07-27 21:30:10,2026-07-27,21:30:10,Monday,21,N,15,Sukhna Path: Golf Club ↔ Cycle Chowk,A_to_B,9030,1038,1147,0.905,OK,
2026-07-27 21:30:10,2026-07-27,21:30:10,Monday,21,N,15,Sukhna Path: Golf Club ↔ Cycle Chowk,B_to_A,7321,966,1080,0.894,OK,
2026-07-27 21:30:10,2026-07-27,21:30:10,Monday,21,N,16,Sarovar Path: Sukhna Lake ↔ Burail Jail,A_to_B,7816,985,1066,0.924,OK,
2026-07-27 21:30:10,2026-07-27,21:30:10,Monday,21,N,16,Sarovar Path: Sukhna Lake ↔ Burail Jail,B_to_A,7928,1017,1084,0.938,OK,
2026-07-27 21:30:11,2026-07-27,21:30:11,Monday,21,N,17,Himalaya Marg: Rock Garden ↔ ISBT 43,A_to_B,8803,1014,1097,0.924,OK,
2026-07-27 21:30:11,2026-07-27,21:30:11,Monday,21,N,17,Himalaya Marg: Rock Garden ↔ ISBT 43,B_to_A,8976,1013,1138,0.89,OK,
2026-07-27 21:30:11,2026-07-27,21:30:11,Monday,21,N,18,Jan Marg: High Court ↔ ISBT 17,A_to_B,3334,346,390,0.887,OK,
2026-07-27 21:30:12,2026-07-27,21:30:12,Monday,21,N,18,Jan Marg: High Court ↔ ISBT 17,B_to_A,3132,303,337,0.899,OK,
2026-07-27 21:30:12,2026-07-27,21:30:12,Monday,21,N,19,Jan Marg: ISBT 17 ↔ ISBT 43,A_to_B,4115,557,568,0.981,OK,
2026-07-27 21:30:12,2026-07-27,21:30:12,Monday,21,N,19,Jan Marg: ISBT 17 ↔ ISBT 43,B_to_A,4233,521,579,0.9,OK,
2026-07-27 21:30:12,2026-07-27,21:30:12,Monday,21,N,20,Vidya Path: PGI Chowk ↔ Fountain Chowk,A_to_B,5475,665,714,0.931,OK,
2026-07-27 21:30:13,2026-07-27,21:30:13,Monday,21,N,20,Vidya Path: PGI Chowk ↔ Fountain Chowk,B_to_A,5474,653,716,0.912,OK,
2026-07-27 21:30:13,2026-07-27,21:30:13,Monday,21,N,21,Purv Marg: Tansport Chowk  ↔ Tribune Chowk,A_to_B,2620,407,411,0.99,OK,
2026-07-27 21:30:13,2026-07-27,21:30:13,Monday,21,N,21,Purv Marg: Tansport Chowk  ↔ Tribune Chowk,B_to_A,2611,437,436,1.002,OK,
2026-07-27 21:30:14,2026-07-27,21:30:14,Monday,21,N,22,Chandi Path: Sabzi Mandi Chowk  ↔ GMCH 32,A_to_B,2939,385,414,0.93,OK,
2026-07-27 21:30:14,2026-07-27,21:30:14,Monday,21,N,22,Chandi Path: Sabzi Mandi Chowk  ↔ GMCH 32,B_to_A,2756,349,361,0.967,OK,
2026-07-27 21:30:14,2026-07-27,21:30:14,Monday,21,N,23,Udyan Path: Secretariat Chowk  ↔ Furniture Chowk,A_to_B,7398,859,883,0.973,OK,
2026-07-27 21:30:14,2026-07-27,21:30:14,Monday,21,N,23,Udyan Path: Secretariat Chowk  ↔ Furniture Chowk,B_to_A,7219,790,830,0.952,OK,
2026-07-27 21:30:15,2026-07-27,21:30:15,Monday,21,N,24,Madhya Marg: Sector 17 ↔ Railway Station,A_to_B,7206,840,945,0.889,OK,
2026-07-27 21:30:15,2026-07-27,21:30:15,Monday,21,N,24,Madhya Marg: Sector 17 ↔ Railway Station,B_to_A,7518,889,985,0.903,OK,
2026-07-27 21:30:15,2026-07-27,21:30:15,Monday,21,N,25,Paschim Marg: Sector 25 ↔ Sector 56,A_to_B,4090,513,535,0.959,OK,
2026-07-27 21:30:15,2026-07-27,21:30:15,Monday,21,N,25,Paschim Marg: Sector 25 ↔ Sector 56,B_to_A,3940,485,493,0.984,OK,
2026-07-27 22:00:01,2026-07-27,22:00:01,Monday,22,N,1,Madhya Marg: PGI Chowk ↔ Housing Board lights,A_to_B,11756,1201,1347,0.892,OK,
2026-07-27 22:00:01,2026-07-27,22:00:01,Monday,22,N,1,Madhya Marg: PGI Chowk ↔ Housing Board lights,B_to_A,8853,1106,1223,0.904,OK,
2026-07-27 22:00:01,2026-07-27,22:00:01,Monday,22,N,2,Udyog Path: PU Chowk ↔ Elante Mall,A_to_B,7173,861,1033,0.833,OK,
2026-07-27 22:00:02,2026-07-27,22:00:02,Monday,22,N,2,Udyog Path: PU Chowk ↔ Elante Mall,B_to_A,8051,845,1091,0.775,OK,
2026-07-27 22:00:02,2026-07-27,22:00:02,Monday,22,N,3,Dakshin Marg: Daddu Majra ↔ Hallo Majra Lights,A_to_B,8610,1015,1261,0.805,OK,
2026-07-27 22:00:02,2026-07-27,22:00:02,Monday,22,N,3,Dakshin Marg: Daddu Majra ↔ Hallo Majra Lights,B_to_A,9042,1108,1445,0.767,OK,
2026-07-27 22:00:03,2026-07-27,22:00:03,Monday,22,N,4,Shanti Path: Sector 38W ↔ Sector 31 Lights,A_to_B,7418,771,881,0.875,OK,
2026-07-27 22:00:03,2026-07-27,22:00:03,Monday,22,N,4,Shanti Path: Sector 38W ↔ Sector 31 Lights,B_to_A,7590,905,937,0.966,OK,
2026-07-27 22:00:03,2026-07-27,22:00:03,Monday,22,N,5,NH 5: Grain Market ↔ Sector 47 Chowk,A_to_B,7596,863,930,0.928,OK,
2026-07-27 22:00:03,2026-07-27,22:00:03,Monday,22,N,5,NH 5: Grain Market ↔ Sector 47 Chowk,B_to_A,7551,862,972,0.887,OK,
2026-07-27 22:00:04,2026-07-27,22:00:04,Monday,22,N,6,Vigyan Path: PEC Chowk ↔ Golf Club,A_to_B,4491,424,472,0.898,OK,
2026-07-27 22:00:04,2026-07-27,22:00:04,Monday,22,N,6,Vigyan Path: PEC Chowk ↔ Golf Club,B_to_A,4518,470,525,0.895,OK,
2026-07-27 22:00:04,2026-07-27,22:00:04,Monday,22,N,7,Uttar Marg: Sector 2 Chowk ↔ Sukhna Lake,A_to_B,2481,245,274,0.894,OK,
2026-07-27 22:00:04,2026-07-27,22:00:04,Monday,22,N,7,Uttar Marg: Sector 2 Chowk ↔ Sukhna Lake,B_to_A,3144,374,423,0.884,OK,
2026-07-27 22:00:05,2026-07-27,22:00:05,Monday,22,N,8,Madhya Marg: Khudda Lahora ↔ Matka Chowk,A_to_B,4208,505,600,0.842,OK,
2026-07-27 22:00:05,2026-07-27,22:00:05,Monday,22,N,8,Madhya Marg: Khudda Lahora ↔ Matka Chowk,B_to_A,3931,471,529,0.89,OK,
2026-07-27 22:00:05,2026-07-27,22:00:05,Monday,22,N,9,Madhya Marg: GMSH 16 ↔ Kalagram,A_to_B,5231,667,744,0.897,OK,
2026-07-27 22:00:05,2026-07-27,22:00:05,Monday,22,N,9,Madhya Marg: GMSH 16 ↔ Kalagram,B_to_A,5517,679,772,0.88,OK,
2026-07-27 22:00:06,2026-07-27,22:00:06,Monday,22,N,10,Udyog Path: Dhanas ↔ ISBT Sector 17,A_to_B,4785,670,737,0.909,OK,
2026-07-27 22:00:06,2026-07-27,22:00:06,Monday,22,N,10,Udyog Path: Dhanas ↔ ISBT Sector 17,B_to_A,5507,765,919,0.832,OK,
2026-07-27 22:00:06,2026-07-27,22:00:06,Monday,22,N,11,Udyog Path: ISBT Sector 17 ↔ Elante Mall,A_to_B,3274,302,383,0.789,OK,
2026-07-27 22:00:07,2026-07-27,22:00:07,Monday,22,N,11,Udyog Path: ISBT Sector 17 ↔ Elante Mall,B_to_A,3428,370,451,0.82,OK,
2026-07-27 22:00:07,2026-07-27,22:00:07,Monday,22,N,12,Dakshin Marg: DLF Mullanpur ↔ Kisan Bhawan Chowk,A_to_B,6720,766,894,0.857,OK,
2026-07-27 22:00:07,2026-07-27,22:00:07,Monday,22,N,12,Dakshin Marg: DLF Mullanpur ↔ Kisan Bhawan Chowk,B_to_A,7109,785,950,0.826,OK,
2026-07-27 22:00:07,2026-07-27,22:00:07,Monday,22,N,13,Dakshin Marg: Kisan Bhawan Chowk ↔ Airport Chowk,A_to_B,7722,914,1090,0.839,OK,
2026-07-27 22:00:08,2026-07-27,22:00:08,Monday,22,N,13,Dakshin Marg: Kisan Bhawan Chowk ↔ Airport Chowk,B_to_A,7931,896,1144,0.783,OK,
2026-07-27 22:00:08,2026-07-27,22:00:08,Monday,22,N,14,NH 5: Max Hospital ↔ ISBT Sector 43,A_to_B,4206,432,503,0.859,OK,
2026-07-27 22:00:08,2026-07-27,22:00:08,Monday,22,N,14,NH 5: Max Hospital ↔ ISBT Sector 43,B_to_A,5445,540,667,0.81,OK,
2026-07-27 22:00:08,2026-07-27,22:00:08,Monday,22,N,15,Sukhna Path: Golf Club ↔ Cycle Chowk,A_to_B,9001,997,1154,0.864,OK,
2026-07-27 22:00:09,2026-07-27,22:00:09,Monday,22,N,15,Sukhna Path: Golf Club ↔ Cycle Chowk,B_to_A,7321,908,1080,0.841,OK,
2026-07-27 22:00:09,2026-07-27,22:00:09,Monday,22,N,16,Sarovar Path: Sukhna Lake ↔ Burail Jail,A_to_B,7816,923,1066,0.866,OK,
2026-07-27 22:00:09,2026-07-27,22:00:09,Monday,22,N,16,Sarovar Path: Sukhna Lake ↔ Burail Jail,B_to_A,7928,936,1084,0.863,OK,
2026-07-27 22:00:10,2026-07-27,22:00:10,Monday,22,N,17,Himalaya Marg: Rock Garden ↔ ISBT 43,A_to_B,8803,958,1097,0.873,OK,
2026-07-27 22:00:10,2026-07-27,22:00:10,Monday,22,N,17,Himalaya Marg: Rock Garden ↔ ISBT 43,B_to_A,8958,955,1128,0.847,OK,
2026-07-27 22:00:10,2026-07-27,22:00:10,Monday,22,N,18,Jan Marg: High Court ↔ ISBT 17,A_to_B,3334,324,390,0.831,OK,
2026-07-27 22:00:10,2026-07-27,22:00:10,Monday,22,N,18,Jan Marg: High Court ↔ ISBT 17,B_to_A,3132,293,337,0.869,OK,
2026-07-27 22:00:11,2026-07-27,22:00:11,Monday,22,N,19,Jan Marg: ISBT 17 ↔ ISBT 43,A_to_B,4115,535,568,0.942,OK,
2026-07-27 22:00:11,2026-07-27,22:00:11,Monday,22,N,19,Jan Marg: ISBT 17 ↔ ISBT 43,B_to_A,4233,479,579,0.827,OK,
2026-07-27 22:00:11,2026-07-27,22:00:11,Monday,22,N,20,Vidya Path: PGI Chowk ↔ Fountain Chowk,A_to_B,5475,616,714,0.863,OK,
2026-07-27 22:00:11,2026-07-27,22:00:11,Monday,22,N,20,Vidya Path: PGI Chowk ↔ Fountain Chowk,B_to_A,5474,634,716,0.885,OK,
2026-07-27 22:00:12,2026-07-27,22:00:12,Monday,22,N,21,Purv Marg: Tansport Chowk  ↔ Tribune Chowk,A_to_B,2620,373,411,0.908,OK,
2026-07-27 22:00:12,2026-07-27,22:00:12,Monday,22,N,21,Purv Marg: Tansport Chowk  ↔ Tribune Chowk,B_to_A,2611,429,436,0.984,OK,
2026-07-27 22:00:12,2026-07-27,22:00:12,Monday,22,N,22,Chandi Path: Sabzi Mandi Chowk  ↔ GMCH 32,A_to_B,2939,345,414,0.833,OK,
2026-07-27 22:00:12,2026-07-27,22:00:12,Monday,22,N,22,Chandi Path: Sabzi Mandi Chowk  ↔ GMCH 32,B_to_A,2756,327,361,0.906,OK,
2026-07-27 22:00:13,2026-07-27,22:00:13,Monday,22,N,23,Udyan Path: Secretariat Chowk  ↔ Furniture Chowk,A_to_B,7398,790,883,0.895,OK,
2026-07-27 22:00:13,2026-07-27,22:00:13,Monday,22,N,23,Udyan Path: Secretariat Chowk  ↔ Furniture Chowk,B_to_A,7220,753,830,0.907,OK,
2026-07-27 22:00:13,2026-07-27,22:00:13,Monday,22,N,24,Madhya Marg: Sector 17 ↔ Railway Station,A_to_B,7206,826,945,0.874,OK,
2026-07-27 22:00:13,2026-07-27,22:00:13,Monday,22,N,24,Madhya Marg: Sector 17 ↔ Railway Station,B_to_A,6568,855,1029,0.831,OK,
2026-07-27 22:00:14,2026-07-27,22:00:14,Monday,22,N,25,Paschim Marg: Sector 25 ↔ Sector 56,A_to_B,4090,477,535,0.892,OK,
2026-07-27 22:00:14,2026-07-27,22:00:14,Monday,22,N,25,Paschim Marg: Sector 25 ↔ Sector 56,B_to_A,3940,459,493,0.931,OK,
2026-07-27 22:30:01,2026-07-27,22:30:01,Monday,22,N,1,Madhya Marg: PGI Chowk ↔ Housing Board lights,A_to_B,11756,1184,1347,0.879,OK,
2026-07-27 22:30:02,2026-07-27,22:30:02,Monday,22,N,1,Madhya Marg: PGI Chowk ↔ Housing Board lights,B_to_A,8853,1085,1223,0.887,OK,
2026-07-27 22:30:02,2026-07-27,22:30:02,Monday,22,N,2,Udyog Path: PU Chowk ↔ Elante Mall,A_to_B,7173,835,1033,0.808,OK,
2026-07-27 22:30:02,2026-07-27,22:30:02,Monday,22,N,2,Udyog Path: PU Chowk ↔ Elante Mall,B_to_A,8051,789,1091,0.723,OK,
2026-07-27 22:30:03,2026-07-27,22:30:03,Monday,22,N,3,Dakshin Marg: Daddu Majra ↔ Hallo Majra Lights,A_to_B,8610,963,1261,0.764,OK,
2026-07-27 22:30:03,2026-07-27,22:30:03,Monday,22,N,3,Dakshin Marg: Daddu Majra ↔ Hallo Majra Lights,B_to_A,9042,1045,1445,0.723,OK,
2026-07-27 22:30:03,2026-07-27,22:30:03,Monday,22,N,4,Shanti Path: Sector 38W ↔ Sector 31 Lights,A_to_B,7418,731,881,0.83,OK,
2026-07-27 22:30:03,2026-07-27,22:30:03,Monday,22,N,4,Shanti Path: Sector 38W ↔ Sector 31 Lights,B_to_A,7590,821,937,0.876,OK,
2026-07-27 22:30:04,2026-07-27,22:30:04,Monday,22,N,5,NH 5: Grain Market ↔ Sector 47 Chowk,A_to_B,7596,816,930,0.877,OK,
2026-07-27 22:30:04,2026-07-27,22:30:04,Monday,22,N,5,NH 5: Grain Market ↔ Sector 47 Chowk,B_to_A,9861,927,1126,0.823,OK,
2026-07-27 22:30:04,2026-07-27,22:30:04,Monday,22,N,6,Vigyan Path: PEC Chowk ↔ Golf Club,A_to_B,4491,419,472,0.888,OK,
2026-07-27 22:30:05,2026-07-27,22:30:05,Monday,22,N,6,Vigyan Path: PEC Chowk ↔ Golf Club,B_to_A,4518,463,525,0.882,OK,
2026-07-27 22:30:05,2026-07-27,22:30:05,Monday,22,N,7,Uttar Marg: Sector 2 Chowk ↔ Sukhna Lake,A_to_B,2481,246,274,0.898,OK,
2026-07-27 22:30:05,2026-07-27,22:30:05,Monday,22,N,7,Uttar Marg: Sector 2 Chowk ↔ Sukhna Lake,B_to_A,3144,373,423,0.882,OK,
2026-07-27 22:30:05,2026-07-27,22:30:05,Monday,22,N,8,Madhya Marg: Khudda Lahora ↔ Matka Chowk,A_to_B,4208,489,600,0.815,OK,
2026-07-27 22:30:06,2026-07-27,22:30:06,Monday,22,N,8,Madhya Marg: Khudda Lahora ↔ Matka Chowk,B_to_A,3931,444,529,0.839,OK,
2026-07-27 22:30:06,2026-07-27,22:30:06,Monday,22,N,9,Madhya Marg: GMSH 16 ↔ Kalagram,A_to_B,5231,655,744,0.88,OK,
2026-07-27 22:30:06,2026-07-27,22:30:06,Monday,22,N,9,Madhya Marg: GMSH 16 ↔ Kalagram,B_to_A,5517,645,772,0.835,OK,
2026-07-27 22:30:06,2026-07-27,22:30:06,Monday,22,N,10,Udyog Path: Dhanas ↔ ISBT Sector 17,A_to_B,4785,616,737,0.836,OK,
2026-07-27 22:30:07,2026-07-27,22:30:07,Monday,22,N,10,Udyog Path: Dhanas ↔ ISBT Sector 17,B_to_A,5507,735,919,0.8,OK,
2026-07-27 22:30:07,2026-07-27,22:30:07,Monday,22,N,11,Udyog Path: ISBT Sector 17 ↔ Elante Mall,A_to_B,3274,281,383,0.734,OK,
2026-07-27 22:30:07,2026-07-27,22:30:07,Monday,22,N,11,Udyog Path: ISBT Sector 17 ↔ Elante Mall,B_to_A,3428,353,451,0.783,OK,
2026-07-27 22:30:07,2026-07-27,22:30:07,Monday,22,N,12,Dakshin Marg: DLF Mullanpur ↔ Kisan Bhawan Chowk,A_to_B,6720,765,894,0.856,OK,
2026-07-27 22:30:08,2026-07-27,22:30:08,Monday,22,N,12,Dakshin Marg: DLF Mullanpur ↔ Kisan Bhawan Chowk,B_to_A,7109,742,950,0.781,OK,
2026-07-27 22:30:08,2026-07-27,22:30:08,Monday,22,N,13,Dakshin Marg: Kisan Bhawan Chowk ↔ Airport Chowk,A_to_B,7722,849,1090,0.779,OK,
2026-07-27 22:30:08,2026-07-27,22:30:08,Monday,22,N,13,Dakshin Marg: Kisan Bhawan Chowk ↔ Airport Chowk,B_to_A,7931,860,1144,0.752,OK,
2026-07-27 22:30:08,2026-07-27,22:30:08,Monday,22,N,14,NH 5: Max Hospital ↔ ISBT Sector 43,A_to_B,4206,394,503,0.783,OK,
2026-07-27 22:30:09,2026-07-27,22:30:09,Monday,22,N,14,NH 5: Max Hospital ↔ ISBT Sector 43,B_to_A,5445,524,667,0.786,OK,
2026-07-27 22:30:09,2026-07-27,22:30:09,Monday,22,N,15,Sukhna Path: Golf Club ↔ Cycle Chowk,A_to_B,9030,947,1147,0.826,OK,
2026-07-27 22:30:09,2026-07-27,22:30:09,Monday,22,N,15,Sukhna Path: Golf Club ↔ Cycle Chowk,B_to_A,7321,942,1080,0.872,OK,
2026-07-27 22:30:10,2026-07-27,22:30:10,Monday,22,N,16,Sarovar Path: Sukhna Lake ↔ Burail Jail,A_to_B,7816,886,1066,0.831,OK,
2026-07-27 22:30:10,2026-07-27,22:30:10,Monday,22,N,16,Sarovar Path: Sukhna Lake ↔ Burail Jail,B_to_A,7928,896,1084,0.827,OK,
2026-07-27 22:30:10,2026-07-27,22:30:10,Monday,22,N,17,Himalaya Marg: Rock Garden ↔ ISBT 43,A_to_B,8803,914,1097,0.833,OK,
2026-07-27 22:30:10,2026-07-27,22:30:10,Monday,22,N,17,Himalaya Marg: Rock Garden ↔ ISBT 43,B_to_A,8928,926,1121,0.826,OK,
2026-07-27 22:30:11,2026-07-27,22:30:11,Monday,22,N,18,Jan Marg: High Court ↔ ISBT 17,A_to_B,3334,323,390,0.828,OK,
2026-07-27 22:30:11,2026-07-27,22:30:11,Monday,22,N,18,Jan Marg: High Court ↔ ISBT 17,B_to_A,3132,298,337,0.884,OK,
2026-07-27 22:30:11,2026-07-27,22:30:11,Monday,22,N,19,Jan Marg: ISBT 17 ↔ ISBT 43,A_to_B,4115,483,568,0.85,OK,
2026-07-27 22:30:11,2026-07-27,22:30:11,Monday,22,N,19,Jan Marg: ISBT 17 ↔ ISBT 43,B_to_A,4233,454,579,0.784,OK,
2026-07-27 22:30:12,2026-07-27,22:30:12,Monday,22,N,20,Vidya Path: PGI Chowk ↔ Fountain Chowk,A_to_B,5475,590,714,0.826,OK,
2026-07-27 22:30:12,2026-07-27,22:30:12,Monday,22,N,20,Vidya Path: PGI Chowk ↔ Fountain Chowk,B_to_A,5474,608,716,0.849,OK,
2026-07-27 22:30:12,2026-07-27,22:30:12,Monday,22,N,21,Purv Marg: Tansport Chowk  ↔ Tribune Chowk,A_to_B,2620,336,411,0.818,OK,
2026-07-27 22:30:12,2026-07-27,22:30:12,Monday,22,N,21,Purv Marg: Tansport Chowk  ↔ Tribune Chowk,B_to_A,2611,436,436,1.0,OK,
2026-07-27 22:30:13,2026-07-27,22:30:13,Monday,22,N,22,Chandi Path: Sabzi Mandi Chowk  ↔ GMCH 32,A_to_B,2939,319,414,0.771,OK,
2026-07-27 22:30:13,2026-07-27,22:30:13,Monday,22,N,22,Chandi Path: Sabzi Mandi Chowk  ↔ GMCH 32,B_to_A,2756,320,361,0.886,OK,
2026-07-27 22:30:13,2026-07-27,22:30:13,Monday,22,N,23,Udyan Path: Secretariat Chowk  ↔ Furniture Chowk,A_to_B,7398,749,883,0.848,OK,
2026-07-27 22:30:13,2026-07-27,22:30:13,Monday,22,N,23,Udyan Path: Secretariat Chowk  ↔ Furniture Chowk,B_to_A,7219,720,830,0.867,OK,
2026-07-27 22:30:14,2026-07-27,22:30:14,Monday,22,N,24,Madhya Marg: Sector 17 ↔ Railway Station,A_to_B,7206,793,945,0.839,OK,
2026-07-27 22:30:14,2026-07-27,22:30:14,Monday,22,N,24,Madhya Marg: Sector 17 ↔ Railway Station,B_to_A,6568,868,1029,0.844,OK,
2026-07-27 22:30:14,2026-07-27,22:30:14,Monday,22,N,25,Paschim Marg: Sector 25 ↔ Sector 56,A_to_B,4090,469,535,0.877,OK,
2026-07-27 22:30:15,2026-07-27,22:30:15,Monday,22,N,25,Paschim Marg: Sector 25 ↔ Sector 56,B_to_A,3940,462,493,0.937,OK,
2026-07-27 23:00:01,2026-07-27,23:00:01,Monday,23,N,1,Madhya Marg: PGI Chowk ↔ Housing Board lights,A_to_B,11756,1170,1347,0.869,OK,
2026-07-27 23:00:01,2026-07-27,23:00:01,Monday,23,N,1,Madhya Marg: PGI Chowk ↔ Housing Board lights,B_to_A,8853,1054,1223,0.862,OK,
2026-07-27 23:00:02,2026-07-27,23:00:02,Monday,23,N,2,Udyog Path: PU Chowk ↔ Elante Mall,A_to_B,7173,836,1033,0.809,OK,
2026-07-27 23:00:02,2026-07-27,23:00:02,Monday,23,N,2,Udyog Path: PU Chowk ↔ Elante Mall,B_to_A,8051,772,1091,0.708,OK,
2026-07-27 23:00:02,2026-07-27,23:00:02,Monday,23,N,3,Dakshin Marg: Daddu Majra ↔ Hallo Majra Lights,A_to_B,8610,945,1261,0.749,OK,
2026-07-27 23:00:03,2026-07-27,23:00:03,Monday,23,N,3,Dakshin Marg: Daddu Majra ↔ Hallo Majra Lights,B_to_A,9042,1024,1445,0.709,OK,
2026-07-27 23:00:03,2026-07-27,23:00:03,Monday,23,N,4,Shanti Path: Sector 38W ↔ Sector 31 Lights,A_to_B,7418,699,881,0.793,OK,
2026-07-27 23:00:03,2026-07-27,23:00:03,Monday,23,N,4,Shanti Path: Sector 38W ↔ Sector 31 Lights,B_to_A,7590,790,937,0.843,OK,
2026-07-27 23:00:03,2026-07-27,23:00:03,Monday,23,N,5,NH 5: Grain Market ↔ Sector 47 Chowk,A_to_B,7596,777,930,0.835,OK,
2026-07-27 23:00:04,2026-07-27,23:00:04,Monday,23,N,5,NH 5: Grain Market ↔ Sector 47 Chowk,B_to_A,7551,788,972,0.811,OK,
2026-07-27 23:00:04,2026-07-27,23:00:04,Monday,23,N,6,Vigyan Path: PEC Chowk ↔ Golf Club,A_to_B,4491,406,472,0.86,OK,
2026-07-27 23:00:04,2026-07-27,23:00:04,Monday,23,N,6,Vigyan Path: PEC Chowk ↔ Golf Club,B_to_A,4518,452,525,0.861,OK,
2026-07-27 23:00:04,2026-07-27,23:00:04,Monday,23,N,7,Uttar Marg: Sector 2 Chowk ↔ Sukhna Lake,A_to_B,2481,238,274,0.869,OK,
2026-07-27 23:00:05,2026-07-27,23:00:05,Monday,23,N,7,Uttar Marg: Sector 2 Chowk ↔ Sukhna Lake,B_to_A,3144,374,423,0.884,OK,
2026-07-27 23:00:05,2026-07-27,23:00:05,Monday,23,N,8,Madhya Marg: Khudda Lahora ↔ Matka Chowk,A_to_B,4208,488,600,0.813,OK,
2026-07-27 23:00:05,2026-07-27,23:00:05,Monday,23,N,8,Madhya Marg: Khudda Lahora ↔ Matka Chowk,B_to_A,3931,428,529,0.809,OK,
2026-07-27 23:00:06,2026-07-27,23:00:06,Monday,23,N,9,Madhya Marg: GMSH 16 ↔ Kalagram,A_to_B,5231,630,744,0.847,OK,
2026-07-27 23:00:06,2026-07-27,23:00:06,Monday,23,N,9,Madhya Marg: GMSH 16 ↔ Kalagram,B_to_A,5517,626,772,0.811,OK,
2026-07-27 23:00:06,2026-07-27,23:00:06,Monday,23,N,10,Udyog Path: Dhanas ↔ ISBT Sector 17,A_to_B,4785,583,737,0.791,OK,
2026-07-27 23:00:06,2026-07-27,23:00:06,Monday,23,N,10,Udyog Path: Dhanas ↔ ISBT Sector 17,B_to_A,5507,724,919,0.788,OK,
2026-07-27 23:00:07,2026-07-27,23:00:07,Monday,23,N,11,Udyog Path: ISBT Sector 17 ↔ Elante Mall,A_to_B,3274,275,383,0.718,OK,
2026-07-27 23:00:07,2026-07-27,23:00:07,Monday,23,N,11,Udyog Path: ISBT Sector 17 ↔ Elante Mall,B_to_A,3428,346,451,0.767,OK,
2026-07-27 23:00:07,2026-07-27,23:00:07,Monday,23,N,12,Dakshin Marg: DLF Mullanpur ↔ Kisan Bhawan Chowk,A_to_B,6720,765,894,0.856,OK,
2026-07-27 23:00:07,2026-07-27,23:00:07,Monday,23,N,12,Dakshin Marg: DLF Mullanpur ↔ Kisan Bhawan Chowk,B_to_A,7109,714,950,0.752,OK,
2026-07-27 23:00:08,2026-07-27,23:00:08,Monday,23,N,13,Dakshin Marg: Kisan Bhawan Chowk ↔ Airport Chowk,A_to_B,7722,820,1090,0.752,OK,
2026-07-27 23:00:08,2026-07-27,23:00:08,Monday,23,N,13,Dakshin Marg: Kisan Bhawan Chowk ↔ Airport Chowk,B_to_A,7931,852,1144,0.745,OK,
2026-07-27 23:00:08,2026-07-27,23:00:08,Monday,23,N,14,NH 5: Max Hospital ↔ ISBT Sector 43,A_to_B,4206,377,503,0.75,OK,
2026-07-27 23:00:08,2026-07-27,23:00:08,Monday,23,N,14,NH 5: Max Hospital ↔ ISBT Sector 43,B_to_A,5445,511,667,0.766,OK,
2026-07-27 23:00:09,2026-07-27,23:00:09,Monday,23,N,15,Sukhna Path: Golf Club ↔ Cycle Chowk,A_to_B,9001,939,1154,0.814,OK,
2026-07-27 23:00:09,2026-07-27,23:00:09,Monday,23,N,15,Sukhna Path: Golf Club ↔ Cycle Chowk,B_to_A,7321,902,1080,0.835,OK,
2026-07-27 23:00:09,2026-07-27,23:00:09,Monday,23,N,16,Sarovar Path: Sukhna Lake ↔ Burail Jail,A_to_B,7816,847,1066,0.795,OK,
2026-07-27 23:00:10,2026-07-27,23:00:10,Monday,23,N,16,Sarovar Path: Sukhna Lake ↔ Burail Jail,B_to_A,7928,881,1084,0.813,OK,
2026-07-27 23:00:10,2026-07-27,23:00:10,Monday,23,N,17,Himalaya Marg: Rock Garden ↔ ISBT 43,A_to_B,8803,895,1097,0.816,OK,
2026-07-27 23:00:10,2026-07-27,23:00:10,Monday,23,N,17,Himalaya Marg: Rock Garden ↔ ISBT 43,B_to_A,8928,888,1121,0.792,OK,
2026-07-27 23:00:10,2026-07-27,23:00:10,Monday,23,N,18,Jan Marg: High Court ↔ ISBT 17,A_to_B,3334,327,390,0.838,OK,
2026-07-27 23:00:11,2026-07-27,23:00:11,Monday,23,N,18,Jan Marg: High Court ↔ ISBT 17,B_to_A,3132,287,337,0.852,OK,
2026-07-27 23:00:11,2026-07-27,23:00:11,Monday,23,N,19,Jan Marg: ISBT 17 ↔ ISBT 43,A_to_B,4115,444,568,0.782,OK,
2026-07-27 23:00:11,2026-07-27,23:00:11,Monday,23,N,19,Jan Marg: ISBT 17 ↔ ISBT 43,B_to_A,4231,439,579,0.758,OK,
2026-07-27 23:00:11,2026-07-27,23:00:11,Monday,23,N,20,Vidya Path: PGI Chowk ↔ Fountain Chowk,A_to_B,5475,579,714,0.811,OK,
2026-07-27 23:00:12,2026-07-27,23:00:12,Monday,23,N,20,Vidya Path: PGI Chowk ↔ Fountain Chowk,B_to_A,5474,602,716,0.841,OK,
2026-07-27 23:00:12,2026-07-27,23:00:12,Monday,23,N,21,Purv Marg: Tansport Chowk  ↔ Tribune Chowk,A_to_B,2620,321,411,0.781,OK,
2026-07-27 23:00:12,2026-07-27,23:00:12,Monday,23,N,21,Purv Marg: Tansport Chowk  ↔ Tribune Chowk,B_to_A,2611,419,436,0.961,OK,
2026-07-27 23:00:13,2026-07-27,23:00:13,Monday,23,N,22,Chandi Path: Sabzi Mandi Chowk  ↔ GMCH 32,A_to_B,2939,327,414,0.79,OK,
2026-07-27 23:00:13,2026-07-27,23:00:13,Monday,23,N,22,Chandi Path: Sabzi Mandi Chowk  ↔ GMCH 32,B_to_A,2756,307,361,0.85,OK,
2026-07-27 23:00:13,2026-07-27,23:00:13,Monday,23,N,23,Udyan Path: Secretariat Chowk  ↔ Furniture Chowk,A_to_B,7398,723,883,0.819,OK,
2026-07-27 23:00:13,2026-07-27,23:00:13,Monday,23,N,23,Udyan Path: Secretariat Chowk  ↔ Furniture Chowk,B_to_A,7219,699,830,0.842,OK,
2026-07-27 23:00:14,2026-07-27,23:00:14,Monday,23,N,24,Madhya Marg: Sector 17 ↔ Railway Station,A_to_B,7206,781,945,0.826,OK,
2026-07-27 23:00:14,2026-07-27,23:00:14,Monday,23,N,24,Madhya Marg: Sector 17 ↔ Railway Station,B_to_A,6568,827,1029,0.804,OK,
2026-07-27 23:00:14,2026-07-27,23:00:14,Monday,23,N,25,Paschim Marg: Sector 25 ↔ Sector 56,A_to_B,4090,450,535,0.841,OK,
2026-07-27 23:00:14,2026-07-27,23:00:14,Monday,23,N,25,Paschim Marg: Sector 25 ↔ Sector 56,B_to_A,3940,441,493,0.895,OK,
2026-07-27 23:30:01,2026-07-27,23:30:01,Monday,23,N,1,Madhya Marg: PGI Chowk ↔ Housing Board lights,A_to_B,9891,1131,1342,0.843,OK,
2026-07-27 23:30:01,2026-07-27,23:30:01,Monday,23,N,1,Madhya Marg: PGI Chowk ↔ Housing Board lights,B_to_A,8853,1023,1223,0.836,OK,
2026-07-27 23:30:01,2026-07-27,23:30:01,Monday,23,N,2,Udyog Path: PU Chowk ↔ Elante Mall,A_to_B,7173,799,1033,0.773,OK,
2026-07-27 23:30:02,2026-07-27,23:30:02,Monday,23,N,2,Udyog Path: PU Chowk ↔ Elante Mall,B_to_A,8051,765,1091,0.701,OK,
2026-07-27 23:30:02,2026-07-27,23:30:02,Monday,23,N,3,Dakshin Marg: Daddu Majra ↔ Hallo Majra Lights,A_to_B,8610,956,1261,0.758,OK,
2026-07-27 23:30:02,2026-07-27,23:30:02,Monday,23,N,3,Dakshin Marg: Daddu Majra ↔ Hallo Majra Lights,B_to_A,9042,995,1445,0.689,OK,
2026-07-27 23:30:03,2026-07-27,23:30:03,Monday,23,N,4,Shanti Path: Sector 38W ↔ Sector 31 Lights,A_to_B,7418,683,881,0.775,OK,
2026-07-27 23:30:03,2026-07-27,23:30:03,Monday,23,N,4,Shanti Path: Sector 38W ↔ Sector 31 Lights,B_to_A,7590,765,937,0.816,OK,
2026-07-27 23:30:03,2026-07-27,23:30:03,Monday,23,N,5,NH 5: Grain Market ↔ Sector 47 Chowk,A_to_B,7596,769,930,0.827,OK,
2026-07-27 23:30:03,2026-07-27,23:30:03,Monday,23,N,5,NH 5: Grain Market ↔ Sector 47 Chowk,B_to_A,7551,753,972,0.775,OK,
2026-07-27 23:30:04,2026-07-27,23:30:04,Monday,23,N,6,Vigyan Path: PEC Chowk ↔ Golf Club,A_to_B,4491,407,472,0.862,OK,
2026-07-27 23:30:04,2026-07-27,23:30:04,Monday,23,N,6,Vigyan Path: PEC Chowk ↔ Golf Club,B_to_A,4518,444,525,0.846,OK,
2026-07-27 23:30:04,2026-07-27,23:30:04,Monday,23,N,7,Uttar Marg: Sector 2 Chowk ↔ Sukhna Lake,A_to_B,2481,227,274,0.828,OK,
2026-07-27 23:30:04,2026-07-27,23:30:04,Monday,23,N,7,Uttar Marg: Sector 2 Chowk ↔ Sukhna Lake,B_to_A,3144,359,423,0.849,OK,
2026-07-27 23:30:05,2026-07-27,23:30:05,Monday,23,N,8,Madhya Marg: Khudda Lahora ↔ Matka Chowk,A_to_B,4208,501,600,0.835,OK,
2026-07-27 23:30:05,2026-07-27,23:30:05,Monday,23,N,8,Madhya Marg: Khudda Lahora ↔ Matka Chowk,B_to_A,3931,426,529,0.805,OK,
2026-07-27 23:30:05,2026-07-27,23:30:05,Monday,23,N,9,Madhya Marg: GMSH 16 ↔ Kalagram,A_to_B,5231,620,744,0.833,OK,
2026-07-27 23:30:06,2026-07-27,23:30:06,Monday,23,N,9,Madhya Marg: GMSH 16 ↔ Kalagram,B_to_A,5517,619,772,0.802,OK,
2026-07-27 23:30:06,2026-07-27,23:30:06,Monday,23,N,10,Udyog Path: Dhanas ↔ ISBT Sector 17,A_to_B,4785,575,737,0.78,OK,
2026-07-27 23:30:06,2026-07-27,23:30:06,Monday,23,N,10,Udyog Path: Dhanas ↔ ISBT Sector 17,B_to_A,5507,694,919,0.755,OK,
2026-07-27 23:30:06,2026-07-27,23:30:06,Monday,23,N,11,Udyog Path: ISBT Sector 17 ↔ Elante Mall,A_to_B,3274,278,383,0.726,OK,
2026-07-27 23:30:07,2026-07-27,23:30:07,Monday,23,N,11,Udyog Path: ISBT Sector 17 ↔ Elante Mall,B_to_A,3428,341,451,0.756,OK,
2026-07-27 23:30:07,2026-07-27,23:30:07,Monday,23,N,12,Dakshin Marg: DLF Mullanpur ↔ Kisan Bhawan Chowk,A_to_B,6720,746,894,0.834,OK,
2026-07-27 23:30:07,2026-07-27,23:30:07,Monday,23,N,12,Dakshin Marg: DLF Mullanpur ↔ Kisan Bhawan Chowk,B_to_A,7109,696,950,0.733,OK,
2026-07-27 23:30:07,2026-07-27,23:30:07,Monday,23,N,13,Dakshin Marg: Kisan Bhawan Chowk ↔ Airport Chowk,A_to_B,7722,808,1090,0.741,OK,
2026-07-27 23:30:08,2026-07-27,23:30:08,Monday,23,N,13,Dakshin Marg: Kisan Bhawan Chowk ↔ Airport Chowk,B_to_A,7931,824,1144,0.72,OK,
2026-07-27 23:30:08,2026-07-27,23:30:08,Monday,23,N,14,NH 5: Max Hospital ↔ ISBT Sector 43,A_to_B,4206,379,503,0.753,OK,
2026-07-27 23:30:08,2026-07-27,23:30:08,Monday,23,N,14,NH 5: Max Hospital ↔ ISBT Sector 43,B_to_A,5445,512,667,0.768,OK,
2026-07-27 23:30:08,2026-07-27,23:30:08,Monday,23,N,15,Sukhna Path: Golf Club ↔ Cycle Chowk,A_to_B,9001,908,1154,0.787,OK,
2026-07-27 23:30:09,2026-07-27,23:30:09,Monday,23,N,15,Sukhna Path: Golf Club ↔ Cycle Chowk,B_to_A,7321,867,1080,0.803,OK,
2026-07-27 23:30:09,2026-07-27,23:30:09,Monday,23,N,16,Sarovar Path: Sukhna Lake ↔ Burail Jail,A_to_B,7816,826,1066,0.775,OK,
2026-07-27 23:30:09,2026-07-27,23:30:09,Monday,23,N,16,Sarovar Path: Sukhna Lake ↔ Burail Jail,B_to_A,7928,856,1084,0.79,OK,
2026-07-27 23:30:10,2026-07-27,23:30:10,Monday,23,N,17,Himalaya Marg: Rock Garden ↔ ISBT 43,A_to_B,8803,894,1097,0.815,OK,
2026-07-27 23:30:10,2026-07-27,23:30:10,Monday,23,N,17,Himalaya Marg: Rock Garden ↔ ISBT 43,B_to_A,8958,877,1128,0.777,OK,
2026-07-27 23:30:10,2026-07-27,23:30:10,Monday,23,N,18,Jan Marg: High Court ↔ ISBT 17,A_to_B,3334,339,390,0.869,OK,
2026-07-27 23:30:10,2026-07-27,23:30:10,Monday,23,N,18,Jan Marg: High Court ↔ ISBT 17,B_to_A,3132,282,337,0.837,OK,
2026-07-27 23:30:11,2026-07-27,23:30:11,Monday,23,N,19,Jan Marg: ISBT 17 ↔ ISBT 43,A_to_B,4115,436,568,0.768,OK,
2026-07-27 23:30:11,2026-07-27,23:30:11,Monday,23,N,19,Jan Marg: ISBT 17 ↔ ISBT 43,B_to_A,4233,439,579,0.758,OK,
2026-07-27 23:30:11,2026-07-27,23:30:11,Monday,23,N,20,Vidya Path: PGI Chowk ↔ Fountain Chowk,A_to_B,5475,573,714,0.803,OK,
2026-07-27 23:30:11,2026-07-27,23:30:11,Monday,23,N,20,Vidya Path: PGI Chowk ↔ Fountain Chowk,B_to_A,5474,592,716,0.827,OK,
2026-07-27 23:30:12,2026-07-27,23:30:12,Monday,23,N,21,Purv Marg: Tansport Chowk  ↔ Tribune Chowk,A_to_B,2620,333,411,0.81,OK,
2026-07-27 23:30:12,2026-07-27,23:30:12,Monday,23,N,21,Purv Marg: Tansport Chowk  ↔ Tribune Chowk,B_to_A,2611,437,436,1.002,OK,
2026-07-27 23:30:12,2026-07-27,23:30:12,Monday,23,N,22,Chandi Path: Sabzi Mandi Chowk  ↔ GMCH 32,A_to_B,2939,330,414,0.797,OK,
2026-07-27 23:30:12,2026-07-27,23:30:12,Monday,23,N,22,Chandi Path: Sabzi Mandi Chowk  ↔ GMCH 32,B_to_A,2756,302,361,0.837,OK,
2026-07-27 23:30:13,2026-07-27,23:30:13,Monday,23,N,23,Udyan Path: Secretariat Chowk  ↔ Furniture Chowk,A_to_B,7398,705,883,0.798,OK,
2026-07-27 23:30:13,2026-07-27,23:30:13,Monday,23,N,23,Udyan Path: Secretariat Chowk  ↔ Furniture Chowk,B_to_A,7219,685,830,0.825,OK,
2026-07-27 23:30:13,2026-07-27,23:30:13,Monday,23,N,24,Madhya Marg: Sector 17 ↔ Railway Station,A_to_B,7206,763,945,0.807,OK,
2026-07-27 23:30:13,2026-07-27,23:30:13,Monday,23,N,24,Madhya Marg: Sector 17 ↔ Railway Station,B_to_A,6568,778,1029,0.756,OK,
2026-07-27 23:30:14,2026-07-27,23:30:14,Monday,23,N,25,Paschim Marg: Sector 25 ↔ Sector 56,A_to_B,4090,458,535,0.856,OK,
2026-07-27 23:30:14,2026-07-27,23:30:14,Monday,23,N,25,Paschim Marg: Sector 25 ↔ Sector 56,B_to_A,3940,433,493,0.878,OK,
2026-07-28 00:00:01,2026-07-28,00:00:01,Tuesday,0,N,1,Madhya Marg: PGI Chowk ↔ Housing Board lights,A_to_B,9891,1107,1342,0.825,OK,
2026-07-28 00:00:02,2026-07-28,00:00:02,Tuesday,0,N,1,Madhya Marg: PGI Chowk ↔ Housing Board lights,B_to_A,8853,1004,1223,0.821,OK,
2026-07-28 00:00:02,2026-07-28,00:00:02,Tuesday,0,N,2,Udyog Path: PU Chowk ↔ Elante Mall,A_to_B,7173,770,1033,0.745,OK,
2026-07-28 00:00:02,2026-07-28,00:00:02,Tuesday,0,N,2,Udyog Path: PU Chowk ↔ Elante Mall,B_to_A,8051,784,1091,0.719,OK,
2026-07-28 00:00:03,2026-07-28,00:00:03,Tuesday,0,N,3,Dakshin Marg: Daddu Majra ↔ Hallo Majra Lights,A_to_B,8633,1009,1294,0.78,OK,
2026-07-28 00:00:03,2026-07-28,00:00:03,Tuesday,0,N,3,Dakshin Marg: Daddu Majra ↔ Hallo Majra Lights,B_to_A,9077,1027,1438,0.714,OK,
2026-07-28 00:00:03,2026-07-28,00:00:03,Tuesday,0,N,4,Shanti Path: Sector 38W ↔ Sector 31 Lights,A_to_B,7418,677,881,0.768,OK,
2026-07-28 00:00:03,2026-07-28,00:00:03,Tuesday,0,N,4,Shanti Path: Sector 38W ↔ Sector 31 Lights,B_to_A,7590,754,937,0.805,OK,
2026-07-28 00:00:04,2026-07-28,00:00:04,Tuesday,0,N,5,NH 5: Grain Market ↔ Sector 47 Chowk,A_to_B,7596,732,930,0.787,OK,
2026-07-28 00:00:04,2026-07-28,00:00:04,Tuesday,0,N,5,NH 5: Grain Market ↔ Sector 47 Chowk,B_to_A,7551,725,972,0.746,OK,
2026-07-28 00:00:04,2026-07-28,00:00:04,Tuesday,0,N,6,Vigyan Path: PEC Chowk ↔ Golf Club,A_to_B,4491,401,472,0.85,OK,
2026-07-28 00:00:05,2026-07-28,00:00:05,Tuesday,0,N,6,Vigyan Path: PEC Chowk ↔ Golf Club,B_to_A,4518,445,525,0.848,OK,
2026-07-28 00:00:05,2026-07-28,00:00:05,Tuesday,0,N,7,Uttar Marg: Sector 2 Chowk ↔ Sukhna Lake,A_to_B,2481,237,274,0.865,OK,
2026-07-28 00:00:05,2026-07-28,00:00:05,Tuesday,0,N,7,Uttar Marg: Sector 2 Chowk ↔ Sukhna Lake,B_to_A,3144,364,423,0.861,OK,
2026-07-28 00:00:05,2026-07-28,00:00:05,Tuesday,0,N,8,Madhya Marg: Khudda Lahora ↔ Matka Chowk,A_to_B,4208,469,600,0.782,OK,
2026-07-28 00:00:06,2026-07-28,00:00:06,Tuesday,0,N,8,Madhya Marg: Khudda Lahora ↔ Matka Chowk,B_to_A,3931,397,529,0.75,OK,
2026-07-28 00:00:06,2026-07-28,00:00:06,Tuesday,0,N,9,Madhya Marg: GMSH 16 ↔ Kalagram,A_to_B,5231,595,744,0.8,OK,
2026-07-28 00:00:06,2026-07-28,00:00:06,Tuesday,0,N,9,Madhya Marg: GMSH 16 ↔ Kalagram,B_to_A,5517,608,772,0.788,OK,
2026-07-28 00:00:06,2026-07-28,00:00:06,Tuesday,0,N,10,Udyog Path: Dhanas ↔ ISBT Sector 17,A_to_B,4785,577,737,0.783,OK,
2026-07-28 00:00:07,2026-07-28,00:00:07,Tuesday,0,N,10,Udyog Path: Dhanas ↔ ISBT Sector 17,B_to_A,5507,669,919,0.728,OK,
2026-07-28 00:00:07,2026-07-28,00:00:07,Tuesday,0,N,11,Udyog Path: ISBT Sector 17 ↔ Elante Mall,A_to_B,3274,280,383,0.731,OK,
2026-07-28 00:00:07,2026-07-28,00:00:07,Tuesday,0,N,11,Udyog Path: ISBT Sector 17 ↔ Elante Mall,B_to_A,3428,343,451,0.761,OK,
2026-07-28 00:00:08,2026-07-28,00:00:08,Tuesday,0,N,12,Dakshin Marg: DLF Mullanpur ↔ Kisan Bhawan Chowk,A_to_B,6720,737,894,0.824,OK,
2026-07-28 00:00:08,2026-07-28,00:00:08,Tuesday,0,N,12,Dakshin Marg: DLF Mullanpur ↔ Kisan Bhawan Chowk,B_to_A,7109,700,950,0.737,OK,
2026-07-28 00:00:08,2026-07-28,00:00:08,Tuesday,0,N,13,Dakshin Marg: Kisan Bhawan Chowk ↔ Airport Chowk,A_to_B,7722,828,1090,0.76,OK,
2026-07-28 00:00:08,2026-07-28,00:00:08,Tuesday,0,N,13,Dakshin Marg: Kisan Bhawan Chowk ↔ Airport Chowk,B_to_A,7967,835,1138,0.734,OK,
2026-07-28 00:00:09,2026-07-28,00:00:09,Tuesday,0,N,14,NH 5: Max Hospital ↔ ISBT Sector 43,A_to_B,4206,355,503,0.706,OK,
2026-07-28 00:00:09,2026-07-28,00:00:09,Tuesday,0,N,14,NH 5: Max Hospital ↔ ISBT Sector 43,B_to_A,5445,498,667,0.747,OK,
2026-07-28 00:00:09,2026-07-28,00:00:09,Tuesday,0,N,15,Sukhna Path: Golf Club ↔ Cycle Chowk,A_to_B,9001,903,1154,0.782,OK,
2026-07-28 00:00:09,2026-07-28,00:00:09,Tuesday,0,N,15,Sukhna Path: Golf Club ↔ Cycle Chowk,B_to_A,7321,855,1080,0.792,OK,
2026-07-28 00:00:10,2026-07-28,00:00:10,Tuesday,0,N,16,Sarovar Path: Sukhna Lake ↔ Burail Jail,A_to_B,7816,829,1066,0.778,OK,
2026-07-28 00:00:10,2026-07-28,00:00:10,Tuesday,0,N,16,Sarovar Path: Sukhna Lake ↔ Burail Jail,B_to_A,7928,851,1084,0.785,OK,
2026-07-28 00:00:10,2026-07-28,00:00:10,Tuesday,0,N,17,Himalaya Marg: Rock Garden ↔ ISBT 43,A_to_B,8803,878,1097,0.8,OK,
2026-07-28 00:00:10,2026-07-28,00:00:10,Tuesday,0,N,17,Himalaya Marg: Rock Garden ↔ ISBT 43,B_to_A,8958,868,1128,0.77,OK,
2026-07-28 00:00:11,2026-07-28,00:00:11,Tuesday,0,N,18,Jan Marg: High Court ↔ ISBT 17,A_to_B,3334,321,390,0.823,OK,
2026-07-28 00:00:11,2026-07-28,00:00:11,Tuesday,0,N,18,Jan Marg: High Court ↔ ISBT 17,B_to_A,3132,280,337,0.831,OK,
2026-07-28 00:00:11,2026-07-28,00:00:11,Tuesday,0,N,19,Jan Marg: ISBT 17 ↔ ISBT 43,A_to_B,4115,414,568,0.729,OK,
2026-07-28 00:00:12,2026-07-28,00:00:12,Tuesday,0,N,19,Jan Marg: ISBT 17 ↔ ISBT 43,B_to_A,4233,423,579,0.731,OK,
2026-07-28 00:00:12,2026-07-28,00:00:12,Tuesday,0,N,20,Vidya Path: PGI Chowk ↔ Fountain Chowk,A_to_B,5475,566,714,0.793,OK,
2026-07-28 00:00:12,2026-07-28,00:00:12,Tuesday,0,N,20,Vidya Path: PGI Chowk ↔ Fountain Chowk,B_to_A,5474,572,716,0.799,OK,
2026-07-28 00:00:12,2026-07-28,00:00:12,Tuesday,0,N,21,Purv Marg: Tansport Chowk  ↔ Tribune Chowk,A_to_B,2620,368,411,0.895,OK,
2026-07-28 00:00:13,2026-07-28,00:00:13,Tuesday,0,N,21,Purv Marg: Tansport Chowk  ↔ Tribune Chowk,B_to_A,2611,419,436,0.961,OK,
2026-07-28 00:00:13,2026-07-28,00:00:13,Tuesday,0,N,22,Chandi Path: Sabzi Mandi Chowk  ↔ GMCH 32,A_to_B,2939,319,414,0.771,OK,
2026-07-28 00:00:13,2026-07-28,00:00:13,Tuesday,0,N,22,Chandi Path: Sabzi Mandi Chowk  ↔ GMCH 32,B_to_A,2756,305,361,0.845,OK,
2026-07-28 00:00:13,2026-07-28,00:00:13,Tuesday,0,N,23,Udyan Path: Secretariat Chowk  ↔ Furniture Chowk,A_to_B,7398,697,883,0.789,OK,
2026-07-28 00:00:14,2026-07-28,00:00:14,Tuesday,0,N,23,Udyan Path: Secretariat Chowk  ↔ Furniture Chowk,B_to_A,7219,682,830,0.822,OK,
2026-07-28 00:00:14,2026-07-28,00:00:14,Tuesday,0,N,24,Madhya Marg: Sector 17 ↔ Railway Station,A_to_B,7206,755,945,0.799,OK,
2026-07-28 00:00:14,2026-07-28,00:00:14,Tuesday,0,N,24,Madhya Marg: Sector 17 ↔ Railway Station,B_to_A,6568,761,1029,0.74,OK,
2026-07-28 00:00:14,2026-07-28,00:00:14,Tuesday,0,N,25,Paschim Marg: Sector 25 ↔ Sector 56,A_to_B,4090,437,535,0.817,OK,
2026-07-28 00:00:15,2026-07-28,00:00:15,Tuesday,0,N,25,Paschim Marg: Sector 25 ↔ Sector 56,B_to_A,3940,429,493,0.87,OK,
2026-07-28 00:30:01,2026-07-28,00:30:01,Tuesday,0,N,1,Madhya Marg: PGI Chowk ↔ Housing Board lights,A_to_B,9891,1101,1342,0.82,OK,
2026-07-28 00:30:01,2026-07-28,00:30:01,Tuesday,0,N,1,Madhya Marg: PGI Chowk ↔ Housing Board lights,B_to_A,8853,974,1223,0.796,OK,
2026-07-28 00:30:02,2026-07-28,00:30:02,Tuesday,0,N,2,Udyog Path: PU Chowk ↔ Elante Mall,A_to_B,7173,771,1033,0.746,OK,
2026-07-28 00:30:02,2026-07-28,00:30:02,Tuesday,0,N,2,Udyog Path: PU Chowk ↔ Elante Mall,B_to_A,8051,778,1091,0.713,OK,
2026-07-28 00:30:02,2026-07-28,00:30:02,Tuesday,0,N,3,Dakshin Marg: Daddu Majra ↔ Hallo Majra Lights,A_to_B,8610,981,1261,0.778,OK,
2026-07-28 00:30:03,2026-07-28,00:30:03,Tuesday,0,N,3,Dakshin Marg: Daddu Majra ↔ Hallo Majra Lights,B_to_A,9077,1009,1438,0.702,OK,
2026-07-28 00:30:03,2026-07-28,00:30:03,Tuesday,0,N,4,Shanti Path: Sector 38W ↔ Sector 31 Lights,A_to_B,7418,669,881,0.759,OK,
2026-07-28 00:30:03,2026-07-28,00:30:03,Tuesday,0,N,4,Shanti Path: Sector 38W ↔ Sector 31 Lights,B_to_A,7590,755,937,0.806,OK,
2026-07-28 00:30:03,2026-07-28,00:30:03,Tuesday,0,N,5,NH 5: Grain Market ↔ Sector 47 Chowk,A_to_B,7596,725,930,0.78,OK,
2026-07-28 00:30:04,2026-07-28,00:30:04,Tuesday,0,N,5,NH 5: Grain Market ↔ Sector 47 Chowk,B_to_A,7551,714,972,0.735,OK,
2026-07-28 00:30:04,2026-07-28,00:30:04,Tuesday,0,N,6,Vigyan Path: PEC Chowk ↔ Golf Club,A_to_B,4491,398,472,0.843,OK,
2026-07-28 00:30:04,2026-07-28,00:30:04,Tuesday,0,N,6,Vigyan Path: PEC Chowk ↔ Golf Club,B_to_A,4518,434,525,0.827,OK,
2026-07-28 00:30:04,2026-07-28,00:30:04,Tuesday,0,N,7,Uttar Marg: Sector 2 Chowk ↔ Sukhna Lake,A_to_B,2481,230,274,0.839,OK,
2026-07-28 00:30:05,2026-07-28,00:30:05,Tuesday,0,N,7,Uttar Marg: Sector 2 Chowk ↔ Sukhna Lake,B_to_A,3144,369,423,0.872,OK,
2026-07-28 00:30:05,2026-07-28,00:30:05,Tuesday,0,N,8,Madhya Marg: Khudda Lahora ↔ Matka Chowk,A_to_B,4208,444,600,0.74,OK,
2026-07-28 00:30:05,2026-07-28,00:30:05,Tuesday,0,N,8,Madhya Marg: Khudda Lahora ↔ Matka Chowk,B_to_A,3931,386,529,0.73,OK,
2026-07-28 00:30:06,2026-07-28,00:30:06,Tuesday,0,N,9,Madhya Marg: GMSH 16 ↔ Kalagram,A_to_B,5231,591,744,0.794,OK,
2026-07-28 00:30:06,2026-07-28,00:30:06,Tuesday,0,N,9,Madhya Marg: GMSH 16 ↔ Kalagram,B_to_A,5517,585,772,0.758,OK,
2026-07-28 00:30:06,2026-07-28,00:30:06,Tuesday,0,N,10,Udyog Path: Dhanas ↔ ISBT Sector 17,A_to_B,4785,566,737,0.768,OK,
2026-07-28 00:30:06,2026-07-28,00:30:06,Tuesday,0,N,10,Udyog Path: Dhanas ↔ ISBT Sector 17,B_to_A,5507,687,919,0.748,OK,
2026-07-28 00:30:07,2026-07-28,00:30:07,Tuesday,0,N,11,Udyog Path: ISBT Sector 17 ↔ Elante Mall,A_to_B,3274,281,383,0.734,OK,
2026-07-28 00:30:07,2026-07-28,00:30:07,Tuesday,0,N,11,Udyog Path: ISBT Sector 17 ↔ Elante Mall,B_to_A,3428,344,451,0.763,OK,
2026-07-28 00:30:07,2026-07-28,00:30:07,Tuesday,0,N,12,Dakshin Marg: DLF Mullanpur ↔ Kisan Bhawan Chowk,A_to_B,6720,734,894,0.821,OK,
2026-07-28 00:30:07,2026-07-28,00:30:07,Tuesday,0,N,12,Dakshin Marg: DLF Mullanpur ↔ Kisan Bhawan Chowk,B_to_A,7109,721,950,0.759,OK,
2026-07-28 00:30:08,2026-07-28,00:30:08,Tuesday,0,N,13,Dakshin Marg: Kisan Bhawan Chowk ↔ Airport Chowk,A_to_B,7722,821,1090,0.753,OK,
2026-07-28 00:30:08,2026-07-28,00:30:08,Tuesday,0,N,13,Dakshin Marg: Kisan Bhawan Chowk ↔ Airport Chowk,B_to_A,7967,830,1138,0.729,OK,
2026-07-28 00:30:08,2026-07-28,00:30:08,Tuesday,0,N,14,NH 5: Max Hospital ↔ ISBT Sector 43,A_to_B,4206,356,503,0.708,OK,
2026-07-28 00:30:08,2026-07-28,00:30:08,Tuesday,0,N,14,NH 5: Max Hospital ↔ ISBT Sector 43,B_to_A,5445,503,667,0.754,OK,
2026-07-28 00:30:09,2026-07-28,00:30:09,Tuesday,0,N,15,Sukhna Path: Golf Club ↔ Cycle Chowk,A_to_B,9001,891,1154,0.772,OK,
2026-07-28 00:30:09,2026-07-28,00:30:09,Tuesday,0,N,15,Sukhna Path: Golf Club ↔ Cycle Chowk,B_to_A,7321,838,1080,0.776,OK,
2026-07-28 00:30:09,2026-07-28,00:30:09,Tuesday,0,N,16,Sarovar Path: Sukhna Lake ↔ Burail Jail,A_to_B,7816,829,1066,0.778,OK,
2026-07-28 00:30:10,2026-07-28,00:30:10,Tuesday,0,N,16,Sarovar Path: Sukhna Lake ↔ Burail Jail,B_to_A,7928,827,1084,0.763,OK,
2026-07-28 00:30:10,2026-07-28,00:30:10,Tuesday,0,N,17,Himalaya Marg: Rock Garden ↔ ISBT 43,A_to_B,8803,872,1097,0.795,OK,
2026-07-28 00:30:10,2026-07-28,00:30:10,Tuesday,0,N,17,Himalaya Marg: Rock Garden ↔ ISBT 43,B_to_A,8928,852,1121,0.76,OK,
2026-07-28 00:30:10,2026-07-28,00:30:10,Tuesday,0,N,18,Jan Marg: High Court ↔ ISBT 17,A_to_B,3334,323,390,0.828,OK,
2026-07-28 00:30:11,2026-07-28,00:30:11,Tuesday,0,N,18,Jan Marg: High Court ↔ ISBT 17,B_to_A,3132,275,337,0.816,OK,
2026-07-28 00:30:11,2026-07-28,00:30:11,Tuesday,0,N,19,Jan Marg: ISBT 17 ↔ ISBT 43,A_to_B,4115,408,568,0.718,OK,
2026-07-28 00:30:11,2026-07-28,00:30:11,Tuesday,0,N,19,Jan Marg: ISBT 17 ↔ ISBT 43,B_to_A,4233,414,579,0.715,OK,
2026-07-28 00:30:11,2026-07-28,00:30:11,Tuesday,0,N,20,Vidya Path: PGI Chowk ↔ Fountain Chowk,A_to_B,5475,554,714,0.776,OK,
2026-07-28 00:30:12,2026-07-28,00:30:12,Tuesday,0,N,20,Vidya Path: PGI Chowk ↔ Fountain Chowk,B_to_A,5474,555,716,0.775,OK,
2026-07-28 00:30:12,2026-07-28,00:30:12,Tuesday,0,N,21,Purv Marg: Tansport Chowk  ↔ Tribune Chowk,A_to_B,2620,343,411,0.835,OK,
2026-07-28 00:30:12,2026-07-28,00:30:12,Tuesday,0,N,21,Purv Marg: Tansport Chowk  ↔ Tribune Chowk,B_to_A,2611,387,436,0.888,OK,
2026-07-28 00:30:12,2026-07-28,00:30:12,Tuesday,0,N,22,Chandi Path: Sabzi Mandi Chowk  ↔ GMCH 32,A_to_B,2939,314,414,0.758,OK,
2026-07-28 00:30:13,2026-07-28,00:30:13,Tuesday,0,N,22,Chandi Path: Sabzi Mandi Chowk  ↔ GMCH 32,B_to_A,2756,295,361,0.817,OK,
2026-07-28 00:30:13,2026-07-28,00:30:13,Tuesday,0,N,23,Udyan Path: Secretariat Chowk  ↔ Furniture Chowk,A_to_B,7398,684,883,0.775,OK,
2026-07-28 00:30:13,2026-07-28,00:30:13,Tuesday,0,N,23,Udyan Path: Secretariat Chowk  ↔ Furniture Chowk,B_to_A,7219,657,830,0.792,OK,
2026-07-28 00:30:13,2026-07-28,00:30:13,Tuesday,0,N,24,Madhya Marg: Sector 17 ↔ Railway Station,A_to_B,7206,736,945,0.779,OK,
2026-07-28 00:30:14,2026-07-28,00:30:14,Tuesday,0,N,24,Madhya Marg: Sector 17 ↔ Railway Station,B_to_A,6568,760,1029,0.739,OK,
2026-07-28 00:30:14,2026-07-28,00:30:14,Tuesday,0,N,25,Paschim Marg: Sector 25 ↔ Sector 56,A_to_B,4090,419,535,0.783,OK,
2026-07-28 00:30:14,2026-07-28,00:30:14,Tuesday,0,N,25,Paschim Marg: Sector 25 ↔ Sector 56,B_to_A,3940,404,493,0.819,OK,
2026-07-28 01:00:02,2026-07-28,01:00:02,Tuesday,1,N,1,Madhya Marg: PGI Chowk ↔ Housing Board lights,A_to_B,9891,1081,1342,0.806,OK,
2026-07-28 01:00:02,2026-07-28,01:00:02,Tuesday,1,N,1,Madhya Marg: PGI Chowk ↔ Housing Board lights,B_to_A,8853,942,1223,0.77,OK,
2026-07-28 01:00:02,2026-07-28,01:00:02,Tuesday,1,N,2,Udyog Path: PU Chowk ↔ Elante Mall,A_to_B,7173,780,1033,0.755,OK,
2026-07-28 01:00:02,2026-07-28,01:00:02,Tuesday,1,N,2,Udyog Path: PU Chowk ↔ Elante Mall,B_to_A,8051,784,1091,0.719,OK,
2026-07-28 01:00:03,2026-07-28,01:00:03,Tuesday,1,N,3,Dakshin Marg: Daddu Majra ↔ Hallo Majra Lights,A_to_B,8633,940,1294,0.726,OK,
2026-07-28 01:00:03,2026-07-28,01:00:03,Tuesday,1,N,3,Dakshin Marg: Daddu Majra ↔ Hallo Majra Lights,B_to_A,9077,1026,1438,0.713,OK,
2026-07-28 01:00:03,2026-07-28,01:00:03,Tuesday,1,N,4,Shanti Path: Sector 38W ↔ Sector 31 Lights,A_to_B,7418,673,881,0.764,OK,
2026-07-28 01:00:04,2026-07-28,01:00:04,Tuesday,1,N,4,Shanti Path: Sector 38W ↔ Sector 31 Lights,B_to_A,7590,736,937,0.785,OK,
2026-07-28 01:00:04,2026-07-28,01:00:04,Tuesday,1,N,5,NH 5: Grain Market ↔ Sector 47 Chowk,A_to_B,7596,744,930,0.8,OK,
2026-07-28 01:00:04,2026-07-28,01:00:04,Tuesday,1,N,5,NH 5: Grain Market ↔ Sector 47 Chowk,B_to_A,7551,721,972,0.742,OK,
2026-07-28 01:00:04,2026-07-28,01:00:04,Tuesday,1,N,6,Vigyan Path: PEC Chowk ↔ Golf Club,A_to_B,4491,390,472,0.826,OK,
2026-07-28 01:00:05,2026-07-28,01:00:05,Tuesday,1,N,6,Vigyan Path: PEC Chowk ↔ Golf Club,B_to_A,4518,434,525,0.827,OK,
2026-07-28 01:00:05,2026-07-28,01:00:05,Tuesday,1,N,7,Uttar Marg: Sector 2 Chowk ↔ Sukhna Lake,A_to_B,2481,227,274,0.828,OK,
2026-07-28 01:00:05,2026-07-28,01:00:05,Tuesday,1,N,7,Uttar Marg: Sector 2 Chowk ↔ Sukhna Lake,B_to_A,3144,357,423,0.844,OK,
2026-07-28 01:00:05,2026-07-28,01:00:05,Tuesday,1,N,8,Madhya Marg: Khudda Lahora ↔ Matka Chowk,A_to_B,4208,424,600,0.707,OK,
2026-07-28 01:00:06,2026-07-28,01:00:06,Tuesday,1,N,8,Madhya Marg: Khudda Lahora ↔ Matka Chowk,B_to_A,3931,378,529,0.715,OK,
2026-07-28 01:00:06,2026-07-28,01:00:06,Tuesday,1,N,9,Madhya Marg: GMSH 16 ↔ Kalagram,A_to_B,5231,583,744,0.784,OK,
2026-07-28 01:00:06,2026-07-28,01:00:06,Tuesday,1,N,9,Madhya Marg: GMSH 16 ↔ Kalagram,B_to_A,5517,569,772,0.737,OK,
2026-07-28 01:00:06,2026-07-28,01:00:06,Tuesday,1,N,10,Udyog Path: Dhanas ↔ ISBT Sector 17,A_to_B,4785,548,737,0.744,OK,
2026-07-28 01:00:07,2026-07-28,01:00:07,Tuesday,1,N,10,Udyog Path: Dhanas ↔ ISBT Sector 17,B_to_A,5507,771,919,0.839,OK,
2026-07-28 01:00:07,2026-07-28,01:00:07,Tuesday,1,N,11,Udyog Path: ISBT Sector 17 ↔ Elante Mall,A_to_B,3274,290,383,0.757,OK,
2026-07-28 01:00:07,2026-07-28,01:00:07,Tuesday,1,N,11,Udyog Path: ISBT Sector 17 ↔ Elante Mall,B_to_A,3428,348,451,0.772,OK,
2026-07-28 01:00:08,2026-07-28,01:00:08,Tuesday,1,N,12,Dakshin Marg: DLF Mullanpur ↔ Kisan Bhawan Chowk,A_to_B,6742,703,926,0.759,OK,
2026-07-28 01:00:08,2026-07-28,01:00:08,Tuesday,1,N,12,Dakshin Marg: DLF Mullanpur ↔ Kisan Bhawan Chowk,B_to_A,7109,717,950,0.755,OK,
2026-07-28 01:00:08,2026-07-28,01:00:08,Tuesday,1,N,13,Dakshin Marg: Kisan Bhawan Chowk ↔ Airport Chowk,A_to_B,7722,816,1090,0.749,OK,
2026-07-28 01:00:08,2026-07-28,01:00:08,Tuesday,1,N,13,Dakshin Marg: Kisan Bhawan Chowk ↔ Airport Chowk,B_to_A,7967,850,1138,0.747,OK,
2026-07-28 01:00:09,2026-07-28,01:00:09,Tuesday,1,N,14,NH 5: Max Hospital ↔ ISBT Sector 43,A_to_B,4206,363,503,0.722,OK,
2026-07-28 01:00:09,2026-07-28,01:00:09,Tuesday,1,N,14,NH 5: Max Hospital ↔ ISBT Sector 43,B_to_A,5445,506,667,0.759,OK,
2026-07-28 01:00:09,2026-07-28,01:00:09,Tuesday,1,N,15,Sukhna Path: Golf Club ↔ Cycle Chowk,A_to_B,9001,886,1154,0.768,OK,
2026-07-28 01:00:09,2026-07-28,01:00:09,Tuesday,1,N,15,Sukhna Path: Golf Club ↔ Cycle Chowk,B_to_A,7321,852,1080,0.789,OK,
2026-07-28 01:00:10,2026-07-28,01:00:10,Tuesday,1,N,16,Sarovar Path: Sukhna Lake ↔ Burail Jail,A_to_B,7816,819,1066,0.768,OK,
2026-07-28 01:00:10,2026-07-28,01:00:10,Tuesday,1,N,16,Sarovar Path: Sukhna Lake ↔ Burail Jail,B_to_A,7928,856,1084,0.79,OK,
2026-07-28 01:00:10,2026-07-28,01:00:10,Tuesday,1,N,17,Himalaya Marg: Rock Garden ↔ ISBT 43,A_to_B,8803,881,1097,0.803,OK,
2026-07-28 01:00:10,2026-07-28,01:00:10,Tuesday,1,N,17,Himalaya Marg: Rock Garden ↔ ISBT 43,B_to_A,8958,847,1128,0.751,OK,
2026-07-28 01:00:11,2026-07-28,01:00:11,Tuesday,1,N,18,Jan Marg: High Court ↔ ISBT 17,A_to_B,3334,328,390,0.841,OK,
2026-07-28 01:00:11,2026-07-28,01:00:11,Tuesday,1,N,18,Jan Marg: High Court ↔ ISBT 17,B_to_A,3132,271,337,0.804,OK,
2026-07-28 01:00:11,2026-07-28,01:00:11,Tuesday,1,N,19,Jan Marg: ISBT 17 ↔ ISBT 43,A_to_B,4115,399,568,0.702,OK,
2026-07-28 01:00:11,2026-07-28,01:00:11,Tuesday,1,N,19,Jan Marg: ISBT 17 ↔ ISBT 43,B_to_A,4233,420,579,0.725,OK,
2026-07-28 01:00:12,2026-07-28,01:00:12,Tuesday,1,N,20,Vidya Path: PGI Chowk ↔ Fountain Chowk,A_to_B,5475,552,714,0.773,OK,
2026-07-28 01:00:12,2026-07-28,01:00:12,Tuesday,1,N,20,Vidya Path: PGI Chowk ↔ Fountain Chowk,B_to_A,5474,563,716,0.786,OK,
2026-07-28 01:00:12,2026-07-28,01:00:12,Tuesday,1,N,21,Purv Marg: Tansport Chowk  ↔ Tribune Chowk,A_to_B,2620,330,411,0.803,OK,
2026-07-28 01:00:13,2026-07-28,01:00:13,Tuesday,1,N,21,Purv Marg: Tansport Chowk  ↔ Tribune Chowk,B_to_A,2611,393,436,0.901,OK,
2026-07-28 01:00:13,2026-07-28,01:00:13,Tuesday,1,N,22,Chandi Path: Sabzi Mandi Chowk  ↔ GMCH 32,A_to_B,2939,316,414,0.763,OK,
2026-07-28 01:00:13,2026-07-28,01:00:13,Tuesday,1,N,22,Chandi Path: Sabzi Mandi Chowk  ↔ GMCH 32,B_to_A,2756,303,361,0.839,OK,
2026-07-28 01:00:13,2026-07-28,01:00:13,Tuesday,1,N,23,Udyan Path: Secretariat Chowk  ↔ Furniture Chowk,A_to_B,7398,682,883,0.772,OK,
2026-07-28 01:00:14,2026-07-28,01:00:14,Tuesday,1,N,23,Udyan Path: Secretariat Chowk  ↔ Furniture Chowk,B_to_A,7219,657,830,0.792,OK,
2026-07-28 01:00:14,2026-07-28,01:00:14,Tuesday,1,N,24,Madhya Marg: Sector 17 ↔ Railway Station,A_to_B,7206,716,945,0.758,OK,
2026-07-28 01:00:14,2026-07-28,01:00:14,Tuesday,1,N,24,Madhya Marg: Sector 17 ↔ Railway Station,B_to_A,6568,768,1029,0.746,OK,
2026-07-28 01:00:14,2026-07-28,01:00:14,Tuesday,1,N,25,Paschim Marg: Sector 25 ↔ Sector 56,A_to_B,4089,403,535,0.753,OK,
2026-07-28 01:00:15,2026-07-28,01:00:15,Tuesday,1,N,25,Paschim Marg: Sector 25 ↔ Sector 56,B_to_A,3940,407,493,0.826,OK,
2026-07-28 01:30:01,2026-07-28,01:30:01,Tuesday,1,N,1,Madhya Marg: PGI Chowk ↔ Housing Board lights,A_to_B,9891,1086,1342,0.809,OK,
2026-07-28 01:30:01,2026-07-28,01:30:01,Tuesday,1,N,1,Madhya Marg: PGI Chowk ↔ Housing Board lights,B_to_A,8853,951,1223,0.778,OK,
2026-07-28 01:30:02,2026-07-28,01:30:02,Tuesday,1,N,2,Udyog Path: PU Chowk ↔ Elante Mall,A_to_B,7173,789,1033,0.764,OK,
2026-07-28 01:30:02,2026-07-28,01:30:02,Tuesday,1,N,2,Udyog Path: PU Chowk ↔ Elante Mall,B_to_A,8051,753,1091,0.69,OK,
2026-07-28 01:30:02,2026-07-28,01:30:02,Tuesday,1,N,3,Dakshin Marg: Daddu Majra ↔ Hallo Majra Lights,A_to_B,8610,928,1261,0.736,OK,
2026-07-28 01:30:03,2026-07-28,01:30:03,Tuesday,1,N,3,Dakshin Marg: Daddu Majra ↔ Hallo Majra Lights,B_to_A,9077,1012,1438,0.704,OK,
2026-07-28 01:30:03,2026-07-28,01:30:03,Tuesday,1,N,4,Shanti Path: Sector 38W ↔ Sector 31 Lights,A_to_B,7418,660,881,0.749,OK,
2026-07-28 01:30:03,2026-07-28,01:30:03,Tuesday,1,N,4,Shanti Path: Sector 38W ↔ Sector 31 Lights,B_to_A,7590,722,937,0.771,OK,
2026-07-28 01:30:03,2026-07-28,01:30:03,Tuesday,1,N,5,NH 5: Grain Market ↔ Sector 47 Chowk,A_to_B,7596,727,930,0.782,OK,
2026-07-28 01:30:04,2026-07-28,01:30:04,Tuesday,1,N,5,NH 5: Grain Market ↔ Sector 47 Chowk,B_to_A,7551,731,972,0.752,OK,
2026-07-28 01:30:04,2026-07-28,01:30:04,Tuesday,1,N,6,Vigyan Path: PEC Chowk ↔ Golf Club,A_to_B,4491,385,472,0.816,OK,
2026-07-28 01:30:04,2026-07-28,01:30:04,Tuesday,1,N,6,Vigyan Path: PEC Chowk ↔ Golf Club,B_to_A,4518,425,525,0.81,OK,
2026-07-28 01:30:04,2026-07-28,01:30:04,Tuesday,1,N,7,Uttar Marg: Sector 2 Chowk ↔ Sukhna Lake,A_to_B,2481,229,274,0.836,OK,
2026-07-28 01:30:05,2026-07-28,01:30:05,Tuesday,1,N,7,Uttar Marg: Sector 2 Chowk ↔ Sukhna Lake,B_to_A,3144,350,423,0.827,OK,
2026-07-28 01:30:05,2026-07-28,01:30:05,Tuesday,1,N,8,Madhya Marg: Khudda Lahora ↔ Matka Chowk,A_to_B,4208,441,600,0.735,OK,
2026-07-28 01:30:05,2026-07-28,01:30:05,Tuesday,1,N,8,Madhya Marg: Khudda Lahora ↔ Matka Chowk,B_to_A,3931,386,529,0.73,OK,
2026-07-28 01:30:05,2026-07-28,01:30:05,Tuesday,1,N,9,Madhya Marg: GMSH 16 ↔ Kalagram,A_to_B,5231,584,744,0.785,OK,
2026-07-28 01:30:06,2026-07-28,01:30:06,Tuesday,1,N,9,Madhya Marg: GMSH 16 ↔ Kalagram,B_to_A,5517,583,772,0.755,OK,
2026-07-28 01:30:06,2026-07-28,01:30:06,Tuesday,1,N,10,Udyog Path: Dhanas ↔ ISBT Sector 17,A_to_B,4785,567,737,0.769,OK,
2026-07-28 01:30:06,2026-07-28,01:30:06,Tuesday,1,N,10,Udyog Path: Dhanas ↔ ISBT Sector 17,B_to_A,5507,714,919,0.777,OK,
2026-07-28 01:30:07,2026-07-28,01:30:07,Tuesday,1,N,11,Udyog Path: ISBT Sector 17 ↔ Elante Mall,A_to_B,3274,272,383,0.71,OK,
2026-07-28 01:30:07,2026-07-28,01:30:07,Tuesday,1,N,11,Udyog Path: ISBT Sector 17 ↔ Elante Mall,B_to_A,3428,332,451,0.736,OK,
2026-07-28 01:30:07,2026-07-28,01:30:07,Tuesday,1,N,12,Dakshin Marg: DLF Mullanpur ↔ Kisan Bhawan Chowk,A_to_B,6720,684,894,0.765,OK,
2026-07-28 01:30:07,2026-07-28,01:30:07,Tuesday,1,N,12,Dakshin Marg: DLF Mullanpur ↔ Kisan Bhawan Chowk,B_to_A,7109,698,950,0.735,OK,
2026-07-28 01:30:08,2026-07-28,01:30:08,Tuesday,1,N,13,Dakshin Marg: Kisan Bhawan Chowk ↔ Airport Chowk,A_to_B,7722,812,1090,0.745,OK,
2026-07-28 01:30:08,2026-07-28,01:30:08,Tuesday,1,N,13,Dakshin Marg: Kisan Bhawan Chowk ↔ Airport Chowk,B_to_A,7967,849,1138,0.746,OK,
2026-07-28 01:30:08,2026-07-28,01:30:08,Tuesday,1,N,14,NH 5: Max Hospital ↔ ISBT Sector 43,A_to_B,4206,361,503,0.718,OK,
2026-07-28 01:30:08,2026-07-28,01:30:08,Tuesday,1,N,14,NH 5: Max Hospital ↔ ISBT Sector 43,B_to_A,5445,501,667,0.751,OK,
2026-07-28 01:30:09,2026-07-28,01:30:09,Tuesday,1,N,15,Sukhna Path: Golf Club ↔ Cycle Chowk,A_to_B,9030,876,1147,0.764,OK,
2026-07-28 01:30:09,2026-07-28,01:30:09,Tuesday,1,N,15,Sukhna Path: Golf Club ↔ Cycle Chowk,B_to_A,7321,863,1080,0.799,OK,
2026-07-28 01:30:09,2026-07-28,01:30:09,Tuesday,1,N,16,Sarovar Path: Sukhna Lake ↔ Burail Jail,A_to_B,7816,803,1066,0.753,OK,
2026-07-28 01:30:09,2026-07-28,01:30:09,Tuesday,1,N,16,Sarovar Path: Sukhna Lake ↔ Burail Jail,B_to_A,7928,824,1084,0.76,OK,
2026-07-28 01:30:10,2026-07-28,01:30:10,Tuesday,1,N,17,Himalaya Marg: Rock Garden ↔ ISBT 43,A_to_B,8803,858,1097,0.782,OK,
2026-07-28 01:30:10,2026-07-28,01:30:10,Tuesday,1,N,17,Himalaya Marg: Rock Garden ↔ ISBT 43,B_to_A,8958,845,1128,0.749,OK,
2026-07-28 01:30:10,2026-07-28,01:30:10,Tuesday,1,N,18,Jan Marg: High Court ↔ ISBT 17,A_to_B,3334,318,390,0.815,OK,
2026-07-28 01:30:11,2026-07-28,01:30:11,Tuesday,1,N,18,Jan Marg: High Court ↔ ISBT 17,B_to_A,3132,271,337,0.804,OK,
2026-07-28 01:30:11,2026-07-28,01:30:11,Tuesday,1,N,19,Jan Marg: ISBT 17 ↔ ISBT 43,A_to_B,4115,397,568,0.699,OK,
2026-07-28 01:30:11,2026-07-28,01:30:11,Tuesday,1,N,19,Jan Marg: ISBT 17 ↔ ISBT 43,B_to_A,4233,422,579,0.729,OK,
2026-07-28 01:30:11,2026-07-28,01:30:11,Tuesday,1,N,20,Vidya Path: PGI Chowk ↔ Fountain Chowk,A_to_B,5475,543,714,0.761,OK,
2026-07-28 01:30:12,2026-07-28,01:30:12,Tuesday,1,N,20,Vidya Path: PGI Chowk ↔ Fountain Chowk,B_to_A,5474,572,716,0.799,OK,
2026-07-28 01:30:12,2026-07-28,01:30:12,Tuesday,1,N,21,Purv Marg: Tansport Chowk  ↔ Tribune Chowk,A_to_B,2620,333,411,0.81,OK,
2026-07-28 01:30:12,2026-07-28,01:30:12,Tuesday,1,N,21,Purv Marg: Tansport Chowk  ↔ Tribune Chowk,B_to_A,2611,400,436,0.917,OK,
2026-07-28 01:30:12,2026-07-28,01:30:12,Tuesday,1,N,22,Chandi Path: Sabzi Mandi Chowk  ↔ GMCH 32,A_to_B,2939,314,414,0.758,OK,
2026-07-28 01:30:13,2026-07-28,01:30:13,Tuesday,1,N,22,Chandi Path: Sabzi Mandi Chowk  ↔ GMCH 32,B_to_A,2756,307,361,0.85,OK,
2026-07-28 01:30:13,2026-07-28,01:30:13,Tuesday,1,N,23,Udyan Path: Secretariat Chowk  ↔ Furniture Chowk,A_to_B,7398,673,883,0.762,OK,
2026-07-28 01:30:13,2026-07-28,01:30:13,Tuesday,1,N,23,Udyan Path: Secretariat Chowk  ↔ Furniture Chowk,B_to_A,7219,656,830,0.79,OK,
2026-07-28 01:30:13,2026-07-28,01:30:13,Tuesday,1,N,24,Madhya Marg: Sector 17 ↔ Railway Station,A_to_B,7206,725,945,0.767,OK,
2026-07-28 01:30:14,2026-07-28,01:30:14,Tuesday,1,N,24,Madhya Marg: Sector 17 ↔ Railway Station,B_to_A,6340,743,982,0.757,OK,
2026-07-28 01:30:14,2026-07-28,01:30:14,Tuesday,1,N,25,Paschim Marg: Sector 25 ↔ Sector 56,A_to_B,4090,421,535,0.787,OK,
2026-07-28 01:30:14,2026-07-28,01:30:14,Tuesday,1,N,25,Paschim Marg: Sector 25 ↔ Sector 56,B_to_A,3940,409,493,0.83,OK,
2026-07-28 02:00:02,2026-07-28,02:00:02,Tuesday,2,N,1,Madhya Marg: PGI Chowk ↔ Housing Board lights,A_to_B,9891,1054,1342,0.785,OK,
2026-07-28 02:00:02,2026-07-28,02:00:02,Tuesday,2,N,1,Madhya Marg: PGI Chowk ↔ Housing Board lights,B_to_A,8853,945,1223,0.773,OK,
2026-07-28 02:00:02,2026-07-28,02:00:02,Tuesday,2,N,2,Udyog Path: PU Chowk ↔ Elante Mall,A_to_B,7173,769,1033,0.744,OK,
2026-07-28 02:00:03,2026-07-28,02:00:03,Tuesday,2,N,2,Udyog Path: PU Chowk ↔ Elante Mall,B_to_A,8051,759,1091,0.696,OK,
2026-07-28 02:00:03,2026-07-28,02:00:03,Tuesday,2,N,3,Dakshin Marg: Daddu Majra ↔ Hallo Majra Lights,A_to_B,8610,912,1261,0.723,OK,
2026-07-28 02:00:03,2026-07-28,02:00:03,Tuesday,2,N,3,Dakshin Marg: Daddu Majra ↔ Hallo Majra Lights,B_to_A,9077,998,1438,0.694,OK,
2026-07-28 02:00:03,2026-07-28,02:00:03,Tuesday,2,N,4,Shanti Path: Sector 38W ↔ Sector 31 Lights,A_to_B,7418,662,881,0.751,OK,
2026-07-28 02:00:04,2026-07-28,02:00:04,Tuesday,2,N,4,Shanti Path: Sector 38W ↔ Sector 31 Lights,B_to_A,7590,749,937,0.799,OK,
2026-07-28 02:00:04,2026-07-28,02:00:04,Tuesday,2,N,5,NH 5: Grain Market ↔ Sector 47 Chowk,A_to_B,7596,728,930,0.783,OK,
2026-07-28 02:00:04,2026-07-28,02:00:04,Tuesday,2,N,5,NH 5: Grain Market ↔ Sector 47 Chowk,B_to_A,7551,718,972,0.739,OK,
2026-07-28 02:00:05,2026-07-28,02:00:05,Tuesday,2,N,6,Vigyan Path: PEC Chowk ↔ Golf Club,A_to_B,4491,384,472,0.814,OK,
2026-07-28 02:00:05,2026-07-28,02:00:05,Tuesday,2,N,6,Vigyan Path: PEC Chowk ↔ Golf Club,B_to_A,4518,414,525,0.789,OK,
2026-07-28 02:00:05,2026-07-28,02:00:05,Tuesday,2,N,7,Uttar Marg: Sector 2 Chowk ↔ Sukhna Lake,A_to_B,2481,220,274,0.803,OK,
2026-07-28 02:00:05,2026-07-28,02:00:05,Tuesday,2,N,7,Uttar Marg: Sector 2 Chowk ↔ Sukhna Lake,B_to_A,3144,344,423,0.813,OK,
2026-07-28 02:00:06,2026-07-28,02:00:06,Tuesday,2,N,8,Madhya Marg: Khudda Lahora ↔ Matka Chowk,A_to_B,4208,434,600,0.723,OK,
2026-07-28 02:00:06,2026-07-28,02:00:06,Tuesday,2,N,8,Madhya Marg: Khudda Lahora ↔ Matka Chowk,B_to_A,3931,389,529,0.735,OK,
2026-07-28 02:00:06,2026-07-28,02:00:06,Tuesday,2,N,9,Madhya Marg: GMSH 16 ↔ Kalagram,A_to_B,5231,569,744,0.765,OK,
2026-07-28 02:00:06,2026-07-28,02:00:06,Tuesday,2,N,9,Madhya Marg: GMSH 16 ↔ Kalagram,B_to_A,5517,583,772,0.755,OK,
2026-07-28 02:00:07,2026-07-28,02:00:07,Tuesday,2,N,10,Udyog Path: Dhanas ↔ ISBT Sector 17,A_to_B,4785,543,737,0.737,OK,
2026-07-28 02:00:07,2026-07-28,02:00:07,Tuesday,2,N,10,Udyog Path: Dhanas ↔ ISBT Sector 17,B_to_A,5507,707,919,0.769,OK,
2026-07-28 02:00:07,2026-07-28,02:00:07,Tuesday,2,N,11,Udyog Path: ISBT Sector 17 ↔ Elante Mall,A_to_B,3274,270,383,0.705,OK,
2026-07-28 02:00:07,2026-07-28,02:00:07,Tuesday,2,N,11,Udyog Path: ISBT Sector 17 ↔ Elante Mall,B_to_A,3428,323,451,0.716,OK,
2026-07-28 02:00:08,2026-07-28,02:00:08,Tuesday,2,N,12,Dakshin Marg: DLF Mullanpur ↔ Kisan Bhawan Chowk,A_to_B,6720,669,894,0.748,OK,
2026-07-28 02:00:08,2026-07-28,02:00:08,Tuesday,2,N,12,Dakshin Marg: DLF Mullanpur ↔ Kisan Bhawan Chowk,B_to_A,7109,732,950,0.771,OK,
2026-07-28 02:00:08,2026-07-28,02:00:08,Tuesday,2,N,13,Dakshin Marg: Kisan Bhawan Chowk ↔ Airport Chowk,A_to_B,7722,807,1090,0.74,OK,
2026-07-28 02:00:08,2026-07-28,02:00:08,Tuesday,2,N,13,Dakshin Marg: Kisan Bhawan Chowk ↔ Airport Chowk,B_to_A,7967,834,1138,0.733,OK,
2026-07-28 02:00:09,2026-07-28,02:00:09,Tuesday,2,N,14,NH 5: Max Hospital ↔ ISBT Sector 43,A_to_B,4206,358,503,0.712,OK,
2026-07-28 02:00:09,2026-07-28,02:00:09,Tuesday,2,N,14,NH 5: Max Hospital ↔ ISBT Sector 43,B_to_A,5445,497,667,0.745,OK,
2026-07-28 02:00:09,2026-07-28,02:00:09,Tuesday,2,N,15,Sukhna Path: Golf Club ↔ Cycle Chowk,A_to_B,9001,845,1154,0.732,OK,
2026-07-28 02:00:10,2026-07-28,02:00:10,Tuesday,2,N,15,Sukhna Path: Golf Club ↔ Cycle Chowk,B_to_A,7321,812,1080,0.752,OK,
2026-07-28 02:00:10,2026-07-28,02:00:10,Tuesday,2,N,16,Sarovar Path: Sukhna Lake ↔ Burail Jail,A_to_B,7816,793,1066,0.744,OK,
2026-07-28 02:00:10,2026-07-28,02:00:10,Tuesday,2,N,16,Sarovar Path: Sukhna Lake ↔ Burail Jail,B_to_A,7928,815,1084,0.752,OK,
2026-07-28 02:00:10,2026-07-28,02:00:10,Tuesday,2,N,17,Himalaya Marg: Rock Garden ↔ ISBT 43,A_to_B,8803,872,1097,0.795,OK,
2026-07-28 02:00:11,2026-07-28,02:00:11,Tuesday,2,N,17,Himalaya Marg: Rock Garden ↔ ISBT 43,B_to_A,8958,841,1128,0.746,OK,
2026-07-28 02:00:11,2026-07-28,02:00:11,Tuesday,2,N,18,Jan Marg: High Court ↔ ISBT 17,A_to_B,3334,312,390,0.8,OK,
2026-07-28 02:00:11,2026-07-28,02:00:11,Tuesday,2,N,18,Jan Marg: High Court ↔ ISBT 17,B_to_A,3132,263,337,0.78,OK,
2026-07-28 02:00:11,2026-07-28,02:00:11,Tuesday,2,N,19,Jan Marg: ISBT 17 ↔ ISBT 43,A_to_B,4115,408,568,0.718,OK,
2026-07-28 02:00:12,2026-07-28,02:00:12,Tuesday,2,N,19,Jan Marg: ISBT 17 ↔ ISBT 43,B_to_A,4233,416,579,0.718,OK,
2026-07-28 02:00:12,2026-07-28,02:00:12,Tuesday,2,N,20,Vidya Path: PGI Chowk ↔ Fountain Chowk,A_to_B,5475,536,714,0.751,OK,
2026-07-28 02:00:12,2026-07-28,02:00:12,Tuesday,2,N,20,Vidya Path: PGI Chowk ↔ Fountain Chowk,B_to_A,5474,568,716,0.793,OK,
2026-07-28 02:00:12,2026-07-28,02:00:12,Tuesday,2,N,21,Purv Marg: Tansport Chowk  ↔ Tribune Chowk,A_to_B,2620,339,411,0.825,OK,
2026-07-28 02:00:13,2026-07-28,02:00:13,Tuesday,2,N,21,Purv Marg: Tansport Chowk  ↔ Tribune Chowk,B_to_A,2763,365,466,0.783,OK,
2026-07-28 02:00:13,2026-07-28,02:00:13,Tuesday,2,N,22,Chandi Path: Sabzi Mandi Chowk  ↔ GMCH 32,A_to_B,2939,293,414,0.708,OK,
2026-07-28 02:00:13,2026-07-28,02:00:13,Tuesday,2,N,22,Chandi Path: Sabzi Mandi Chowk  ↔ GMCH 32,B_to_A,2756,301,361,0.834,OK,
2026-07-28 02:00:14,2026-07-28,02:00:14,Tuesday,2,N,23,Udyan Path: Secretariat Chowk  ↔ Furniture Chowk,A_to_B,7398,669,883,0.758,OK,
2026-07-28 02:00:14,2026-07-28,02:00:14,Tuesday,2,N,23,Udyan Path: Secretariat Chowk  ↔ Furniture Chowk,B_to_A,7219,644,830,0.776,OK,
2026-07-28 02:00:14,2026-07-28,02:00:14,Tuesday,2,N,24,Madhya Marg: Sector 17 ↔ Railway Station,A_to_B,7206,729,945,0.771,OK,
2026-07-28 02:00:14,2026-07-28,02:00:14,Tuesday,2,N,24,Madhya Marg: Sector 17 ↔ Railway Station,B_to_A,6568,744,1029,0.723,OK,
2026-07-28 02:00:15,2026-07-28,02:00:15,Tuesday,2,N,25,Paschim Marg: Sector 25 ↔ Sector 56,A_to_B,4090,415,535,0.776,OK,
2026-07-28 02:00:15,2026-07-28,02:00:15,Tuesday,2,N,25,Paschim Marg: Sector 25 ↔ Sector 56,B_to_A,3940,399,493,0.809,OK,
2026-07-28 02:30:01,2026-07-28,02:30:01,Tuesday,2,N,1,Madhya Marg: PGI Chowk ↔ Housing Board lights,A_to_B,9891,1053,1342,0.785,OK,
2026-07-28 02:30:02,2026-07-28,02:30:02,Tuesday,2,N,1,Madhya Marg: PGI Chowk ↔ Housing Board lights,B_to_A,8853,955,1223,0.781,OK,
2026-07-28 02:30:02,2026-07-28,02:30:02,Tuesday,2,N,2,Udyog Path: PU Chowk ↔ Elante Mall,A_to_B,7173,736,1033,0.712,OK,
2026-07-28 02:30:02,2026-07-28,02:30:02,Tuesday,2,N,2,Udyog Path: PU Chowk ↔ Elante Mall,B_to_A,8051,730,1091,0.669,OK,
2026-07-28 02:30:02,2026-07-28,02:30:02,Tuesday,2,N,3,Dakshin Marg: Daddu Majra ↔ Hallo Majra Lights,A_to_B,8610,915,1261,0.726,OK,
2026-07-28 02:30:03,2026-07-28,02:30:03,Tuesday,2,N,3,Dakshin Marg: Daddu Majra ↔ Hallo Majra Lights,B_to_A,9077,999,1438,0.695,OK,
2026-07-28 02:30:03,2026-07-28,02:30:03,Tuesday,2,N,4,Shanti Path: Sector 38W ↔ Sector 31 Lights,A_to_B,7418,669,881,0.759,OK,
2026-07-28 02:30:03,2026-07-28,02:30:03,Tuesday,2,N,4,Shanti Path: Sector 38W ↔ Sector 31 Lights,B_to_A,7590,724,937,0.773,OK,
2026-07-28 02:30:03,2026-07-28,02:30:03,Tuesday,2,N,5,NH 5: Grain Market ↔ Sector 47 Chowk,A_to_B,7596,736,930,0.791,OK,
2026-07-28 02:30:04,2026-07-28,02:30:04,Tuesday,2,N,5,NH 5: Grain Market ↔ Sector 47 Chowk,B_to_A,7551,716,972,0.737,OK,
2026-07-28 02:30:04,2026-07-28,02:30:04,Tuesday,2,N,6,Vigyan Path: PEC Chowk ↔ Golf Club,A_to_B,4491,383,472,0.811,OK,
2026-07-28 02:30:04,2026-07-28,02:30:04,Tuesday,2,N,6,Vigyan Path: PEC Chowk ↔ Golf Club,B_to_A,4518,409,525,0.779,OK,
2026-07-28 02:30:05,2026-07-28,02:30:05,Tuesday,2,N,7,Uttar Marg: Sector 2 Chowk ↔ Sukhna Lake,A_to_B,2481,223,274,0.814,OK,
2026-07-28 02:30:05,2026-07-28,02:30:05,Tuesday,2,N,7,Uttar Marg: Sector 2 Chowk ↔ Sukhna Lake,B_to_A,3144,343,423,0.811,OK,
2026-07-28 02:30:05,2026-07-28,02:30:05,Tuesday,2,N,8,Madhya Marg: Khudda Lahora ↔ Matka Chowk,A_to_B,4208,431,600,0.718,OK,
2026-07-28 02:30:05,2026-07-28,02:30:05,Tuesday,2,N,8,Madhya Marg: Khudda Lahora ↔ Matka Chowk,B_to_A,3931,392,529,0.741,OK,
2026-07-28 02:30:06,2026-07-28,02:30:06,Tuesday,2,N,9,Madhya Marg: GMSH 16 ↔ Kalagram,A_to_B,5231,560,744,0.753,OK,
2026-07-28 02:30:06,2026-07-28,02:30:06,Tuesday,2,N,9,Madhya Marg: GMSH 16 ↔ Kalagram,B_to_A,5517,571,772,0.74,OK,
2026-07-28 02:30:06,2026-07-28,02:30:06,Tuesday,2,N,10,Udyog Path: Dhanas ↔ ISBT Sector 17,A_to_B,4785,537,737,0.729,OK,
2026-07-28 02:30:06,2026-07-28,02:30:06,Tuesday,2,N,10,Udyog Path: Dhanas ↔ ISBT Sector 17,B_to_A,5507,681,919,0.741,OK,
2026-07-28 02:30:07,2026-07-28,02:30:07,Tuesday,2,N,11,Udyog Path: ISBT Sector 17 ↔ Elante Mall,A_to_B,3274,280,383,0.731,OK,
2026-07-28 02:30:07,2026-07-28,02:30:07,Tuesday,2,N,11,Udyog Path: ISBT Sector 17 ↔ Elante Mall,B_to_A,3428,333,451,0.738,OK,
2026-07-28 02:30:07,2026-07-28,02:30:07,Tuesday,2,N,12,Dakshin Marg: DLF Mullanpur ↔ Kisan Bhawan Chowk,A_to_B,6720,669,894,0.748,OK,
2026-07-28 02:30:08,2026-07-28,02:30:08,Tuesday,2,N,12,Dakshin Marg: DLF Mullanpur ↔ Kisan Bhawan Chowk,B_to_A,7109,704,950,0.741,OK,
2026-07-28 02:30:08,2026-07-28,02:30:08,Tuesday,2,N,13,Dakshin Marg: Kisan Bhawan Chowk ↔ Airport Chowk,A_to_B,7722,809,1090,0.742,OK,
2026-07-28 02:30:08,2026-07-28,02:30:08,Tuesday,2,N,13,Dakshin Marg: Kisan Bhawan Chowk ↔ Airport Chowk,B_to_A,7967,847,1138,0.744,OK,
2026-07-28 02:30:08,2026-07-28,02:30:08,Tuesday,2,N,14,NH 5: Max Hospital ↔ ISBT Sector 43,A_to_B,4206,355,503,0.706,OK,
2026-07-28 02:30:09,2026-07-28,02:30:09,Tuesday,2,N,14,NH 5: Max Hospital ↔ ISBT Sector 43,B_to_A,5445,493,667,0.739,OK,
2026-07-28 02:30:09,2026-07-28,02:30:09,Tuesday,2,N,15,Sukhna Path: Golf Club ↔ Cycle Chowk,A_to_B,9001,846,1154,0.733,OK,
2026-07-28 02:30:09,2026-07-28,02:30:09,Tuesday,2,N,15,Sukhna Path: Golf Club ↔ Cycle Chowk,B_to_A,7321,837,1080,0.775,OK,
2026-07-28 02:30:09,2026-07-28,02:30:09,Tuesday,2,N,16,Sarovar Path: Sukhna Lake ↔ Burail Jail,A_to_B,7816,798,1066,0.749,OK,
2026-07-28 02:30:10,2026-07-28,02:30:10,Tuesday,2,N,16,Sarovar Path: Sukhna Lake ↔ Burail Jail,B_to_A,7928,825,1084,0.761,OK,
2026-07-28 02:30:10,2026-07-28,02:30:10,Tuesday,2,N,17,Himalaya Marg: Rock Garden ↔ ISBT 43,A_to_B,8803,845,1097,0.77,OK,
2026-07-28 02:30:10,2026-07-28,02:30:10,Tuesday,2,N,17,Himalaya Marg: Rock Garden ↔ ISBT 43,B_to_A,8928,850,1121,0.758,OK,
2026-07-28 02:30:10,2026-07-28,02:30:10,Tuesday,2,N,18,Jan Marg: High Court ↔ ISBT 17,A_to_B,3334,308,390,0.79,OK,
2026-07-28 02:30:11,2026-07-28,02:30:11,Tuesday,2,N,18,Jan Marg: High Court ↔ ISBT 17,B_to_A,3132,275,337,0.816,OK,
2026-07-28 02:30:11,2026-07-28,02:30:11,Tuesday,2,N,19,Jan Marg: ISBT 17 ↔ ISBT 43,A_to_B,4115,389,568,0.685,OK,
2026-07-28 02:30:11,2026-07-28,02:30:11,Tuesday,2,N,19,Jan Marg: ISBT 17 ↔ ISBT 43,B_to_A,4233,424,579,0.732,OK,
2026-07-28 02:30:11,2026-07-28,02:30:11,Tuesday,2,N,20,Vidya Path: PGI Chowk ↔ Fountain Chowk,A_to_B,5475,546,714,0.765,OK,
2026-07-28 02:30:12,2026-07-28,02:30:12,Tuesday,2,N,20,Vidya Path: PGI Chowk ↔ Fountain Chowk,B_to_A,5474,543,716,0.758,OK,
2026-07-28 02:30:12,2026-07-28,02:30:12,Tuesday,2,N,21,Purv Marg: Tansport Chowk  ↔ Tribune Chowk,A_to_B,2620,336,411,0.818,OK,
2026-07-28 02:30:12,2026-07-28,02:30:12,Tuesday,2,N,21,Purv Marg: Tansport Chowk  ↔ Tribune Chowk,B_to_A,2763,373,466,0.8,OK,
2026-07-28 02:30:13,2026-07-28,02:30:13,Tuesday,2,N,22,Chandi Path: Sabzi Mandi Chowk  ↔ GMCH 32,A_to_B,2939,291,414,0.703,OK,
2026-07-28 02:30:13,2026-07-28,02:30:13,Tuesday,2,N,22,Chandi Path: Sabzi Mandi Chowk  ↔ GMCH 32,B_to_A,2756,302,361,0.837,OK,
2026-07-28 02:30:13,2026-07-28,02:30:13,Tuesday,2,N,23,Udyan Path: Secretariat Chowk  ↔ Furniture Chowk,A_to_B,7398,665,883,0.753,OK,
2026-07-28 02:30:13,2026-07-28,02:30:13,Tuesday,2,N,23,Udyan Path: Secretariat Chowk  ↔ Furniture Chowk,B_to_A,7220,642,830,0.773,OK,
2026-07-28 02:30:14,2026-07-28,02:30:14,Tuesday,2,N,24,Madhya Marg: Sector 17 ↔ Railway Station,A_to_B,7206,717,945,0.759,OK,
2026-07-28 02:30:14,2026-07-28,02:30:14,Tuesday,2,N,24,Madhya Marg: Sector 17 ↔ Railway Station,B_to_A,6340,740,982,0.754,OK,
2026-07-28 02:30:14,2026-07-28,02:30:14,Tuesday,2,N,25,Paschim Marg: Sector 25 ↔ Sector 56,A_to_B,4090,410,535,0.766,OK,
2026-07-28 02:30:14,2026-07-28,02:30:14,Tuesday,2,N,25,Paschim Marg: Sector 25 ↔ Sector 56,B_to_A,3940,393,493,0.797,OK,
2026-07-28 03:00:02,2026-07-28,03:00:02,Tuesday,3,N,1,Madhya Marg: PGI Chowk ↔ Housing Board lights,A_to_B,9891,1033,1342,0.77,OK,
2026-07-28 03:00:02,2026-07-28,03:00:02,Tuesday,3,N,1,Madhya Marg: PGI Chowk ↔ Housing Board lights,B_to_A,8853,943,1223,0.771,OK,
2026-07-28 03:00:02,2026-07-28,03:00:02,Tuesday,3,N,2,Udyog Path: PU Chowk ↔ Elante Mall,A_to_B,7173,701,1033,0.679,OK,
2026-07-28 03:00:03,2026-07-28,03:00:03,Tuesday,3,N,2,Udyog Path: PU Chowk ↔ Elante Mall,B_to_A,8051,731,1091,0.67,OK,
2026-07-28 03:00:03,2026-07-28,03:00:03,Tuesday,3,N,3,Dakshin Marg: Daddu Majra ↔ Hallo Majra Lights,A_to_B,8610,931,1261,0.738,OK,
2026-07-28 03:00:03,2026-07-28,03:00:03,Tuesday,3,N,3,Dakshin Marg: Daddu Majra ↔ Hallo Majra Lights,B_to_A,9077,1026,1438,0.713,OK,
2026-07-28 03:00:03,2026-07-28,03:00:03,Tuesday,3,N,4,Shanti Path: Sector 38W ↔ Sector 31 Lights,A_to_B,7418,658,881,0.747,OK,
2026-07-28 03:00:04,2026-07-28,03:00:04,Tuesday,3,N,4,Shanti Path: Sector 38W ↔ Sector 31 Lights,B_to_A,7590,731,937,0.78,OK,
2026-07-28 03:00:04,2026-07-28,03:00:04,Tuesday,3,N,5,NH 5: Grain Market ↔ Sector 47 Chowk,A_to_B,7596,738,930,0.794,OK,
2026-07-28 03:00:04,2026-07-28,03:00:04,Tuesday,3,N,5,NH 5: Grain Market ↔ Sector 47 Chowk,B_to_A,7551,714,972,0.735,OK,
2026-07-28 03:00:05,2026-07-28,03:00:05,Tuesday,3,N,6,Vigyan Path: PEC Chowk ↔ Golf Club,A_to_B,4491,381,472,0.807,OK,
2026-07-28 03:00:05,2026-07-28,03:00:05,Tuesday,3,N,6,Vigyan Path: PEC Chowk ↔ Golf Club,B_to_A,4518,409,525,0.779,OK,
2026-07-28 03:00:05,2026-07-28,03:00:05,Tuesday,3,N,7,Uttar Marg: Sector 2 Chowk ↔ Sukhna Lake,A_to_B,2481,228,274,0.832,OK,
2026-07-28 03:00:05,2026-07-28,03:00:05,Tuesday,3,N,7,Uttar Marg: Sector 2 Chowk ↔ Sukhna Lake,B_to_A,3144,341,423,0.806,OK,
2026-07-28 03:00:06,2026-07-28,03:00:06,Tuesday,3,N,8,Madhya Marg: Khudda Lahora ↔ Matka Chowk,A_to_B,4208,435,600,0.725,OK,
2026-07-28 03:00:06,2026-07-28,03:00:06,Tuesday,3,N,8,Madhya Marg: Khudda Lahora ↔ Matka Chowk,B_to_A,3931,381,529,0.72,OK,
2026-07-28 03:00:06,2026-07-28,03:00:06,Tuesday,3,N,9,Madhya Marg: GMSH 16 ↔ Kalagram,A_to_B,5231,549,744,0.738,OK,
2026-07-28 03:00:06,2026-07-28,03:00:06,Tuesday,3,N,9,Madhya Marg: GMSH 16 ↔ Kalagram,B_to_A,5517,580,772,0.751,OK,
2026-07-28 03:00:07,2026-07-28,03:00:07,Tuesday,3,N,10,Udyog Path: Dhanas ↔ ISBT Sector 17,A_to_B,4785,547,737,0.742,OK,
2026-07-28 03:00:07,2026-07-28,03:00:07,Tuesday,3,N,10,Udyog Path: Dhanas ↔ ISBT Sector 17,B_to_A,5507,698,919,0.76,OK,
2026-07-28 03:00:07,2026-07-28,03:00:07,Tuesday,3,N,11,Udyog Path: ISBT Sector 17 ↔ Elante Mall,A_to_B,3274,266,383,0.695,OK,
2026-07-28 03:00:07,2026-07-28,03:00:07,Tuesday,3,N,11,Udyog Path: ISBT Sector 17 ↔ Elante Mall,B_to_A,3428,325,451,0.721,OK,
2026-07-28 03:00:08,2026-07-28,03:00:08,Tuesday,3,N,12,Dakshin Marg: DLF Mullanpur ↔ Kisan Bhawan Chowk,A_to_B,6720,660,894,0.738,OK,
2026-07-28 03:00:08,2026-07-28,03:00:08,Tuesday,3,N,12,Dakshin Marg: DLF Mullanpur ↔ Kisan Bhawan Chowk,B_to_A,7109,703,950,0.74,OK,
2026-07-28 03:00:08,2026-07-28,03:00:08,Tuesday,3,N,13,Dakshin Marg: Kisan Bhawan Chowk ↔ Airport Chowk,A_to_B,7722,823,1090,0.755,OK,
2026-07-28 03:00:09,2026-07-28,03:00:09,Tuesday,3,N,13,Dakshin Marg: Kisan Bhawan Chowk ↔ Airport Chowk,B_to_A,7967,873,1138,0.767,OK,
2026-07-28 03:00:09,2026-07-28,03:00:09,Tuesday,3,N,14,NH 5: Max Hospital ↔ ISBT Sector 43,A_to_B,4206,357,503,0.71,OK,
2026-07-28 03:00:09,2026-07-28,03:00:09,Tuesday,3,N,14,NH 5: Max Hospital ↔ ISBT Sector 43,B_to_A,5445,487,667,0.73,OK,
2026-07-28 03:00:09,2026-07-28,03:00:09,Tuesday,3,N,15,Sukhna Path: Golf Club ↔ Cycle Chowk,A_to_B,9001,845,1154,0.732,OK,
2026-07-28 03:00:10,2026-07-28,03:00:10,Tuesday,3,N,15,Sukhna Path: Golf Club ↔ Cycle Chowk,B_to_A,7321,808,1080,0.748,OK,
2026-07-28 03:00:10,2026-07-28,03:00:10,Tuesday,3,N,16,Sarovar Path: Sukhna Lake ↔ Burail Jail,A_to_B,7816,777,1066,0.729,OK,
2026-07-28 03:00:10,2026-07-28,03:00:10,Tuesday,3,N,16,Sarovar Path: Sukhna Lake ↔ Burail Jail,B_to_A,7928,831,1084,0.767,OK,
2026-07-28 03:00:10,2026-07-28,03:00:10,Tuesday,3,N,17,Himalaya Marg: Rock Garden ↔ ISBT 43,A_to_B,8803,858,1097,0.782,OK,
2026-07-28 03:00:11,2026-07-28,03:00:11,Tuesday,3,N,17,Himalaya Marg: Rock Garden ↔ ISBT 43,B_to_A,8928,843,1121,0.752,OK,
2026-07-28 03:00:11,2026-07-28,03:00:11,Tuesday,3,N,18,Jan Marg: High Court ↔ ISBT 17,A_to_B,3334,307,390,0.787,OK,
2026-07-28 03:00:11,2026-07-28,03:00:11,Tuesday,3,N,18,Jan Marg: High Court ↔ ISBT 17,B_to_A,3132,282,337,0.837,OK,
2026-07-28 03:00:11,2026-07-28,03:00:11,Tuesday,3,N,19,Jan Marg: ISBT 17 ↔ ISBT 43,A_to_B,4115,403,568,0.71,OK,
2026-07-28 03:00:12,2026-07-28,03:00:12,Tuesday,3,N,19,Jan Marg: ISBT 17 ↔ ISBT 43,B_to_A,4233,404,579,0.698,OK,
2026-07-28 03:00:12,2026-07-28,03:00:12,Tuesday,3,N,20,Vidya Path: PGI Chowk ↔ Fountain Chowk,A_to_B,5475,547,714,0.766,OK,
2026-07-28 03:00:12,2026-07-28,03:00:12,Tuesday,3,N,20,Vidya Path: PGI Chowk ↔ Fountain Chowk,B_to_A,5474,532,716,0.743,OK,
2026-07-28 03:00:13,2026-07-28,03:00:13,Tuesday,3,N,21,Purv Marg: Tansport Chowk  ↔ Tribune Chowk,A_to_B,2620,348,411,0.847,OK,
2026-07-28 03:00:13,2026-07-28,03:00:13,Tuesday,3,N,21,Purv Marg: Tansport Chowk  ↔ Tribune Chowk,B_to_A,2611,375,436,0.86,OK,
2026-07-28 03:00:13,2026-07-28,03:00:13,Tuesday,3,N,22,Chandi Path: Sabzi Mandi Chowk  ↔ GMCH 32,A_to_B,2939,297,414,0.717,OK,
2026-07-28 03:00:13,2026-07-28,03:00:13,Tuesday,3,N,22,Chandi Path: Sabzi Mandi Chowk  ↔ GMCH 32,B_to_A,2756,303,361,0.839,OK,
2026-07-28 03:00:14,2026-07-28,03:00:14,Tuesday,3,N,23,Udyan Path: Secretariat Chowk  ↔ Furniture Chowk,A_to_B,7398,667,883,0.755,OK,
2026-07-28 03:00:14,2026-07-28,03:00:14,Tuesday,3,N,23,Udyan Path: Secretariat Chowk  ↔ Furniture Chowk,B_to_A,7219,652,830,0.786,OK,
2026-07-28 03:00:14,2026-07-28,03:00:14,Tuesday,3,N,24,Madhya Marg: Sector 17 ↔ Railway Station,A_to_B,7206,720,945,0.762,OK,
2026-07-28 03:00:14,2026-07-28,03:00:14,Tuesday,3,N,24,Madhya Marg: Sector 17 ↔ Railway Station,B_to_A,6568,728,1029,0.707,OK,
2026-07-28 03:00:15,2026-07-28,03:00:15,Tuesday,3,N,25,Paschim Marg: Sector 25 ↔ Sector 56,A_to_B,4090,390,535,0.729,OK,
2026-07-28 03:00:15,2026-07-28,03:00:15,Tuesday,3,N,25,Paschim Marg: Sector 25 ↔ Sector 56,B_to_A,3940,391,493,0.793,OK,
2026-07-28 03:30:01,2026-07-28,03:30:01,Tuesday,3,N,1,Madhya Marg: PGI Chowk ↔ Housing Board lights,A_to_B,9891,1042,1342,0.776,OK,
2026-07-28 03:30:02,2026-07-28,03:30:02,Tuesday,3,N,1,Madhya Marg: PGI Chowk ↔ Housing Board lights,B_to_A,8853,974,1223,0.796,OK,
2026-07-28 03:30:02,2026-07-28,03:30:02,Tuesday,3,N,2,Udyog Path: PU Chowk ↔ Elante Mall,A_to_B,7173,754,1033,0.73,OK,
2026-07-28 03:30:02,2026-07-28,03:30:02,Tuesday,3,N,2,Udyog Path: PU Chowk ↔ Elante Mall,B_to_A,8051,730,1091,0.669,OK,
2026-07-28 03:30:03,2026-07-28,03:30:03,Tuesday,3,N,3,Dakshin Marg: Daddu Majra ↔ Hallo Majra Lights,A_to_B,8610,922,1261,0.731,OK,
2026-07-28 03:30:03,2026-07-28,03:30:03,Tuesday,3,N,3,Dakshin Marg: Daddu Majra ↔ Hallo Majra Lights,B_to_A,9077,1003,1438,0.697,OK,
2026-07-28 03:30:03,2026-07-28,03:30:03,Tuesday,3,N,4,Shanti Path: Sector 38W ↔ Sector 31 Lights,A_to_B,7418,647,881,0.734,OK,
2026-07-28 03:30:03,2026-07-28,03:30:03,Tuesday,3,N,4,Shanti Path: Sector 38W ↔ Sector 31 Lights,B_to_A,7590,727,937,0.776,OK,
2026-07-28 03:30:04,2026-07-28,03:30:04,Tuesday,3,N,5,NH 5: Grain Market ↔ Sector 47 Chowk,A_to_B,7596,726,930,0.781,OK,
2026-07-28 03:30:04,2026-07-28,03:30:04,Tuesday,3,N,5,NH 5: Grain Market ↔ Sector 47 Chowk,B_to_A,7551,713,972,0.734,OK,
2026-07-28 03:30:04,2026-07-28,03:30:04,Tuesday,3,N,6,Vigyan Path: PEC Chowk ↔ Golf Club,A_to_B,4491,387,472,0.82,OK,
2026-07-28 03:30:04,2026-07-28,03:30:04,Tuesday,3,N,6,Vigyan Path: PEC Chowk ↔ Golf Club,B_to_A,4518,398,525,0.758,OK,
2026-07-28 03:30:05,2026-07-28,03:30:05,Tuesday,3,N,7,Uttar Marg: Sector 2 Chowk ↔ Sukhna Lake,A_to_B,2481,220,274,0.803,OK,
2026-07-28 03:30:05,2026-07-28,03:30:05,Tuesday,3,N,7,Uttar Marg: Sector 2 Chowk ↔ Sukhna Lake,B_to_A,3144,342,423,0.809,OK,
2026-07-28 03:30:05,2026-07-28,03:30:05,Tuesday,3,N,8,Madhya Marg: Khudda Lahora ↔ Matka Chowk,A_to_B,4208,438,600,0.73,OK,
2026-07-28 03:30:05,2026-07-28,03:30:05,Tuesday,3,N,8,Madhya Marg: Khudda Lahora ↔ Matka Chowk,B_to_A,3931,387,529,0.732,OK,
2026-07-28 03:30:06,2026-07-28,03:30:06,Tuesday,3,N,9,Madhya Marg: GMSH 16 ↔ Kalagram,A_to_B,5231,561,744,0.754,OK,
2026-07-28 03:30:06,2026-07-28,03:30:06,Tuesday,3,N,9,Madhya Marg: GMSH 16 ↔ Kalagram,B_to_A,5517,596,772,0.772,OK,
2026-07-28 03:30:06,2026-07-28,03:30:06,Tuesday,3,N,10,Udyog Path: Dhanas ↔ ISBT Sector 17,A_to_B,4785,549,737,0.745,OK,
2026-07-28 03:30:07,2026-07-28,03:30:07,Tuesday,3,N,10,Udyog Path: Dhanas ↔ ISBT Sector 17,B_to_A,5507,687,919,0.748,OK,
2026-07-28 03:30:07,2026-07-28,03:30:07,Tuesday,3,N,11,Udyog Path: ISBT Sector 17 ↔ Elante Mall,A_to_B,3274,267,383,0.697,OK,
2026-07-28 03:30:07,2026-07-28,03:30:07,Tuesday,3,N,11,Udyog Path: ISBT Sector 17 ↔ Elante Mall,B_to_A,3428,326,451,0.723,OK,
2026-07-28 03:30:07,2026-07-28,03:30:07,Tuesday,3,N,12,Dakshin Marg: DLF Mullanpur ↔ Kisan Bhawan Chowk,A_to_B,6720,655,894,0.733,OK,
2026-07-28 03:30:08,2026-07-28,03:30:08,Tuesday,3,N,12,Dakshin Marg: DLF Mullanpur ↔ Kisan Bhawan Chowk,B_to_A,7109,710,950,0.747,OK,
2026-07-28 03:30:08,2026-07-28,03:30:08,Tuesday,3,N,13,Dakshin Marg: Kisan Bhawan Chowk ↔ Airport Chowk,A_to_B,7722,829,1090,0.761,OK,
2026-07-28 03:30:08,2026-07-28,03:30:08,Tuesday,3,N,13,Dakshin Marg: Kisan Bhawan Chowk ↔ Airport Chowk,B_to_A,7967,846,1138,0.743,OK,
2026-07-28 03:30:08,2026-07-28,03:30:08,Tuesday,3,N,14,NH 5: Max Hospital ↔ ISBT Sector 43,A_to_B,4206,348,503,0.692,OK,
2026-07-28 03:30:09,2026-07-28,03:30:09,Tuesday,3,N,14,NH 5: Max Hospital ↔ ISBT Sector 43,B_to_A,5445,487,667,0.73,OK,
2026-07-28 03:30:09,2026-07-28,03:30:09,Tuesday,3,N,15,Sukhna Path: Golf Club ↔ Cycle Chowk,A_to_B,9030,830,1147,0.724,OK,
2026-07-28 03:30:09,2026-07-28,03:30:09,Tuesday,3,N,15,Sukhna Path: Golf Club ↔ Cycle Chowk,B_to_A,7321,834,1080,0.772,OK,
2026-07-28 03:30:09,2026-07-28,03:30:09,Tuesday,3,N,16,Sarovar Path: Sukhna Lake ↔ Burail Jail,A_to_B,7816,794,1066,0.745,OK,
2026-07-28 03:30:10,2026-07-28,03:30:10,Tuesday,3,N,16,Sarovar Path: Sukhna Lake ↔ Burail Jail,B_to_A,7928,837,1084,0.772,OK,
2026-07-28 03:30:10,2026-07-28,03:30:10,Tuesday,3,N,17,Himalaya Marg: Rock Garden ↔ ISBT 43,A_to_B,8803,851,1097,0.776,OK,
2026-07-28 03:30:10,2026-07-28,03:30:10,Tuesday,3,N,17,Himalaya Marg: Rock Garden ↔ ISBT 43,B_to_A,8958,844,1128,0.748,OK,
2026-07-28 03:30:11,2026-07-28,03:30:11,Tuesday,3,N,18,Jan Marg: High Court ↔ ISBT 17,A_to_B,3334,305,390,0.782,OK,
2026-07-28 03:30:11,2026-07-28,03:30:11,Tuesday,3,N,18,Jan Marg: High Court ↔ ISBT 17,B_to_A,3132,270,337,0.801,OK,
2026-07-28 03:30:11,2026-07-28,03:30:11,Tuesday,3,N,19,Jan Marg: ISBT 17 ↔ ISBT 43,A_to_B,4115,401,568,0.706,OK,
2026-07-28 03:30:11,2026-07-28,03:30:11,Tuesday,3,N,19,Jan Marg: ISBT 17 ↔ ISBT 43,B_to_A,4233,418,579,0.722,OK,
2026-07-28 03:30:12,2026-07-28,03:30:12,Tuesday,3,N,20,Vidya Path: PGI Chowk ↔ Fountain Chowk,A_to_B,5475,529,714,0.741,OK,
2026-07-28 03:30:12,2026-07-28,03:30:12,Tuesday,3,N,20,Vidya Path: PGI Chowk ↔ Fountain Chowk,B_to_A,5474,548,716,0.765,OK,
2026-07-28 03:30:12,2026-07-28,03:30:12,Tuesday,3,N,21,Purv Marg: Tansport Chowk  ↔ Tribune Chowk,A_to_B,2620,331,411,0.805,OK,
2026-07-28 03:30:12,2026-07-28,03:30:12,Tuesday,3,N,21,Purv Marg: Tansport Chowk  ↔ Tribune Chowk,B_to_A,2611,377,436,0.865,OK,
2026-07-28 03:30:13,2026-07-28,03:30:13,Tuesday,3,N,22,Chandi Path: Sabzi Mandi Chowk  ↔ GMCH 32,A_to_B,2939,294,414,0.71,OK,
2026-07-28 03:30:13,2026-07-28,03:30:13,Tuesday,3,N,22,Chandi Path: Sabzi Mandi Chowk  ↔ GMCH 32,B_to_A,2756,293,361,0.812,OK,
2026-07-28 03:30:13,2026-07-28,03:30:13,Tuesday,3,N,23,Udyan Path: Secretariat Chowk  ↔ Furniture Chowk,A_to_B,7398,654,883,0.741,OK,
2026-07-28 03:30:13,2026-07-28,03:30:13,Tuesday,3,N,23,Udyan Path: Secretariat Chowk  ↔ Furniture Chowk,B_to_A,7219,648,830,0.781,OK,
2026-07-28 03:30:14,2026-07-28,03:30:14,Tuesday,3,N,24,Madhya Marg: Sector 17 ↔ Railway Station,A_to_B,7206,740,945,0.783,OK,
2026-07-28 03:30:14,2026-07-28,03:30:14,Tuesday,3,N,24,Madhya Marg: Sector 17 ↔ Railway Station,B_to_A,6568,737,1029,0.716,OK,
2026-07-28 03:30:14,2026-07-28,03:30:14,Tuesday,3,N,25,Paschim Marg: Sector 25 ↔ Sector 56,A_to_B,4090,383,535,0.716,OK,
2026-07-28 03:30:14,2026-07-28,03:30:14,Tuesday,3,N,25,Paschim Marg: Sector 25 ↔ Sector 56,B_to_A,3940,392,493,0.795,OK,
2026-07-28 04:00:01,2026-07-28,04:00:01,Tuesday,4,N,1,Madhya Marg: PGI Chowk ↔ Housing Board lights,A_to_B,9891,1123,1342,0.837,OK,
2026-07-28 04:00:01,2026-07-28,04:00:01,Tuesday,4,N,1,Madhya Marg: PGI Chowk ↔ Housing Board lights,B_to_A,8853,989,1223,0.809,OK,
2026-07-28 04:00:02,2026-07-28,04:00:02,Tuesday,4,N,2,Udyog Path: PU Chowk ↔ Elante Mall,A_to_B,7173,720,1033,0.697,OK,
2026-07-28 04:00:02,2026-07-28,04:00:02,Tuesday,4,N,2,Udyog Path: PU Chowk ↔ Elante Mall,B_to_A,8051,728,1091,0.667,OK,
2026-07-28 04:00:02,2026-07-28,04:00:02,Tuesday,4,N,3,Dakshin Marg: Daddu Majra ↔ Hallo Majra Lights,A_to_B,8610,914,1261,0.725,OK,
2026-07-28 04:00:03,2026-07-28,04:00:03,Tuesday,4,N,3,Dakshin Marg: Daddu Majra ↔ Hallo Majra Lights,B_to_A,9077,1014,1438,0.705,OK,
2026-07-28 04:00:03,2026-07-28,04:00:03,Tuesday,4,N,4,Shanti Path: Sector 38W ↔ Sector 31 Lights,A_to_B,7418,651,881,0.739,OK,
2026-07-28 04:00:03,2026-07-28,04:00:03,Tuesday,4,N,4,Shanti Path: Sector 38W ↔ Sector 31 Lights,B_to_A,7590,714,937,0.762,OK,
2026-07-28 04:00:03,2026-07-28,04:00:03,Tuesday,4,N,5,NH 5: Grain Market ↔ Sector 47 Chowk,A_to_B,7596,740,930,0.796,OK,
2026-07-28 04:00:04,2026-07-28,04:00:04,Tuesday,4,N,5,NH 5: Grain Market ↔ Sector 47 Chowk,B_to_A,7551,719,972,0.74,OK,
2026-07-28 04:00:04,2026-07-28,04:00:04,Tuesday,4,N,6,Vigyan Path: PEC Chowk ↔ Golf Club,A_to_B,4491,388,472,0.822,OK,
2026-07-28 04:00:04,2026-07-28,04:00:04,Tuesday,4,N,6,Vigyan Path: PEC Chowk ↔ Golf Club,B_to_A,4518,394,525,0.75,OK,
2026-07-28 04:00:04,2026-07-28,04:00:04,Tuesday,4,N,7,Uttar Marg: Sector 2 Chowk ↔ Sukhna Lake,A_to_B,2481,218,274,0.796,OK,
2026-07-28 04:00:05,2026-07-28,04:00:05,Tuesday,4,N,7,Uttar Marg: Sector 2 Chowk ↔ Sukhna Lake,B_to_A,3144,344,423,0.813,OK,
2026-07-28 04:00:05,2026-07-28,04:00:05,Tuesday,4,N,8,Madhya Marg: Khudda Lahora ↔ Matka Chowk,A_to_B,4208,483,600,0.805,OK,
2026-07-28 04:00:05,2026-07-28,04:00:05,Tuesday,4,N,8,Madhya Marg: Khudda Lahora ↔ Matka Chowk,B_to_A,3931,389,529,0.735,OK,
2026-07-28 04:00:06,2026-07-28,04:00:06,Tuesday,4,N,9,Madhya Marg: GMSH 16 ↔ Kalagram,A_to_B,5231,575,744,0.773,OK,
2026-07-28 04:00:06,2026-07-28,04:00:06,Tuesday,4,N,9,Madhya Marg: GMSH 16 ↔ Kalagram,B_to_A,5517,586,772,0.759,OK,
2026-07-28 04:00:06,2026-07-28,04:00:06,Tuesday,4,N,10,Udyog Path: Dhanas ↔ ISBT Sector 17,A_to_B,4785,544,737,0.738,OK,
2026-07-28 04:00:06,2026-07-28,04:00:06,Tuesday,4,N,10,Udyog Path: Dhanas ↔ ISBT Sector 17,B_to_A,5507,679,919,0.739,OK,
2026-07-28 04:00:07,2026-07-28,04:00:07,Tuesday,4,N,11,Udyog Path: ISBT Sector 17 ↔ Elante Mall,A_to_B,3274,266,383,0.695,OK,
2026-07-28 04:00:07,2026-07-28,04:00:07,Tuesday,4,N,11,Udyog Path: ISBT Sector 17 ↔ Elante Mall,B_to_A,3428,334,451,0.741,OK,
2026-07-28 04:00:07,2026-07-28,04:00:07,Tuesday,4,N,12,Dakshin Marg: DLF Mullanpur ↔ Kisan Bhawan Chowk,A_to_B,6720,640,894,0.716,OK,
2026-07-28 04:00:07,2026-07-28,04:00:07,Tuesday,4,N,12,Dakshin Marg: DLF Mullanpur ↔ Kisan Bhawan Chowk,B_to_A,7109,710,950,0.747,OK,
2026-07-28 04:00:08,2026-07-28,04:00:08,Tuesday,4,N,13,Dakshin Marg: Kisan Bhawan Chowk ↔ Airport Chowk,A_to_B,7722,808,1090,0.741,OK,
2026-07-28 04:00:08,2026-07-28,04:00:08,Tuesday,4,N,13,Dakshin Marg: Kisan Bhawan Chowk ↔ Airport Chowk,B_to_A,7967,853,1138,0.75,OK,
2026-07-28 04:00:08,2026-07-28,04:00:08,Tuesday,4,N,14,NH 5: Max Hospital ↔ ISBT Sector 43,A_to_B,4206,369,503,0.734,OK,
2026-07-28 04:00:08,2026-07-28,04:00:08,Tuesday,4,N,14,NH 5: Max Hospital ↔ ISBT Sector 43,B_to_A,5445,486,667,0.729,OK,
2026-07-28 04:00:09,2026-07-28,04:00:09,Tuesday,4,N,15,Sukhna Path: Golf Club ↔ Cycle Chowk,A_to_B,9030,845,1147,0.737,OK,
2026-07-28 04:00:09,2026-07-28,04:00:09,Tuesday,4,N,15,Sukhna Path: Golf Club ↔ Cycle Chowk,B_to_A,7321,810,1080,0.75,OK,
2026-07-28 04:00:09,2026-07-28,04:00:09,Tuesday,4,N,16,Sarovar Path: Sukhna Lake ↔ Burail Jail,A_to_B,7816,783,1066,0.735,OK,
2026-07-28 04:00:10,2026-07-28,04:00:10,Tuesday,4,N,16,Sarovar Path: Sukhna Lake ↔ Burail Jail,B_to_A,7928,794,1084,0.732,OK,
2026-07-28 04:00:10,2026-07-28,04:00:10,Tuesday,4,N,17,Himalaya Marg: Rock Garden ↔ ISBT 43,A_to_B,8803,809,1097,0.737,OK,
2026-07-28 04:00:10,2026-07-28,04:00:10,Tuesday,4,N,17,Himalaya Marg: Rock Garden ↔ ISBT 43,B_to_A,8958,830,1128,0.736,OK,
2026-07-28 04:00:10,2026-07-28,04:00:10,Tuesday,4,N,18,Jan Marg: High Court ↔ ISBT 17,A_to_B,3334,290,390,0.744,OK,
2026-07-28 04:00:11,2026-07-28,04:00:11,Tuesday,4,N,18,Jan Marg: High Court ↔ ISBT 17,B_to_A,3132,273,337,0.81,OK,
2026-07-28 04:00:11,2026-07-28,04:00:11,Tuesday,4,N,19,Jan Marg: ISBT 17 ↔ ISBT 43,A_to_B,4115,367,568,0.646,OK,
2026-07-28 04:00:11,2026-07-28,04:00:11,Tuesday,4,N,19,Jan Marg: ISBT 17 ↔ ISBT 43,B_to_A,4233,411,579,0.71,OK,
2026-07-28 04:00:11,2026-07-28,04:00:11,Tuesday,4,N,20,Vidya Path: PGI Chowk ↔ Fountain Chowk,A_to_B,5475,529,714,0.741,OK,
2026-07-28 04:00:12,2026-07-28,04:00:12,Tuesday,4,N,20,Vidya Path: PGI Chowk ↔ Fountain Chowk,B_to_A,5474,549,716,0.767,OK,
2026-07-28 04:00:12,2026-07-28,04:00:12,Tuesday,4,N,21,Purv Marg: Tansport Chowk  ↔ Tribune Chowk,A_to_B,2620,302,411,0.735,OK,
2026-07-28 04:00:12,2026-07-28,04:00:12,Tuesday,4,N,21,Purv Marg: Tansport Chowk  ↔ Tribune Chowk,B_to_A,2611,360,436,0.826,OK,
2026-07-28 04:00:12,2026-07-28,04:00:12,Tuesday,4,N,22,Chandi Path: Sabzi Mandi Chowk  ↔ GMCH 32,A_to_B,2939,290,414,0.7,OK,
2026-07-28 04:00:13,2026-07-28,04:00:13,Tuesday,4,N,22,Chandi Path: Sabzi Mandi Chowk  ↔ GMCH 32,B_to_A,2756,297,361,0.823,OK,
2026-07-28 04:00:13,2026-07-28,04:00:13,Tuesday,4,N,23,Udyan Path: Secretariat Chowk  ↔ Furniture Chowk,A_to_B,7398,641,883,0.726,OK,
2026-07-28 04:00:13,2026-07-28,04:00:13,Tuesday,4,N,23,Udyan Path: Secretariat Chowk  ↔ Furniture Chowk,B_to_A,7219,642,830,0.773,OK,
2026-07-28 04:00:13,2026-07-28,04:00:13,Tuesday,4,N,24,Madhya Marg: Sector 17 ↔ Railway Station,A_to_B,7206,722,945,0.764,OK,
2026-07-28 04:00:14,2026-07-28,04:00:14,Tuesday,4,N,24,Madhya Marg: Sector 17 ↔ Railway Station,B_to_A,6917,786,1059,0.742,OK,
2026-07-28 04:00:14,2026-07-28,04:00:14,Tuesday,4,N,25,Paschim Marg: Sector 25 ↔ Sector 56,A_to_B,4090,391,535,0.731,OK,
2026-07-28 04:00:14,2026-07-28,04:00:14,Tuesday,4,N,25,Paschim Marg: Sector 25 ↔ Sector 56,B_to_A,3940,398,493,0.807,OK,
2026-07-28 04:30:02,2026-07-28,04:30:02,Tuesday,4,N,1,Madhya Marg: PGI Chowk ↔ Housing Board lights,A_to_B,9891,1059,1342,0.789,OK,
2026-07-28 04:30:02,2026-07-28,04:30:02,Tuesday,4,N,1,Madhya Marg: PGI Chowk ↔ Housing Board lights,B_to_A,8853,962,1223,0.787,OK,
2026-07-28 04:30:02,2026-07-28,04:30:02,Tuesday,4,N,2,Udyog Path: PU Chowk ↔ Elante Mall,A_to_B,7173,716,1033,0.693,OK,
2026-07-28 04:30:03,2026-07-28,04:30:03,Tuesday,4,N,2,Udyog Path: PU Chowk ↔ Elante Mall,B_to_A,8051,714,1091,0.654,OK,
2026-07-28 04:30:03,2026-07-28,04:30:03,Tuesday,4,N,3,Dakshin Marg: Daddu Majra ↔ Hallo Majra Lights,A_to_B,8610,907,1261,0.719,OK,
2026-07-28 04:30:03,2026-07-28,04:30:03,Tuesday,4,N,3,Dakshin Marg: Daddu Majra ↔ Hallo Majra Lights,B_to_A,9077,1009,1438,0.702,OK,
2026-07-28 04:30:03,2026-07-28,04:30:03,Tuesday,4,N,4,Shanti Path: Sector 38W ↔ Sector 31 Lights,A_to_B,7418,651,881,0.739,OK,
2026-07-28 04:30:04,2026-07-28,04:30:04,Tuesday,4,N,4,Shanti Path: Sector 38W ↔ Sector 31 Lights,B_to_A,7590,729,937,0.778,OK,
2026-07-28 04:30:04,2026-07-28,04:30:04,Tuesday,4,N,5,NH 5: Grain Market ↔ Sector 47 Chowk,A_to_B,7596,704,930,0.757,OK,
2026-07-28 04:30:04,2026-07-28,04:30:04,Tuesday,4,N,5,NH 5: Grain Market ↔ Sector 47 Chowk,B_to_A,7551,707,972,0.727,OK,
2026-07-28 04:30:05,2026-07-28,04:30:05,Tuesday,4,N,6,Vigyan Path: PEC Chowk ↔ Golf Club,A_to_B,4491,383,472,0.811,OK,
2026-07-28 04:30:05,2026-07-28,04:30:05,Tuesday,4,N,6,Vigyan Path: PEC Chowk ↔ Golf Club,B_to_A,4518,402,525,0.766,OK,
2026-07-28 04:30:05,2026-07-28,04:30:05,Tuesday,4,N,7,Uttar Marg: Sector 2 Chowk ↔ Sukhna Lake,A_to_B,2481,218,274,0.796,OK,
2026-07-28 04:30:05,2026-07-28,04:30:05,Tuesday,4,N,7,Uttar Marg: Sector 2 Chowk ↔ Sukhna Lake,B_to_A,3144,349,423,0.825,OK,
2026-07-28 04:30:06,2026-07-28,04:30:06,Tuesday,4,N,8,Madhya Marg: Khudda Lahora ↔ Matka Chowk,A_to_B,4208,450,600,0.75,OK,
2026-07-28 04:30:06,2026-07-28,04:30:06,Tuesday,4,N,8,Madhya Marg: Khudda Lahora ↔ Matka Chowk,B_to_A,3931,386,529,0.73,OK,
2026-07-28 04:30:06,2026-07-28,04:30:06,Tuesday,4,N,9,Madhya Marg: GMSH 16 ↔ Kalagram,A_to_B,5231,565,744,0.759,OK,
2026-07-28 04:30:06,2026-07-28,04:30:06,Tuesday,4,N,9,Madhya Marg: GMSH 16 ↔ Kalagram,B_to_A,5517,593,772,0.768,OK,
2026-07-28 04:30:07,2026-07-28,04:30:07,Tuesday,4,N,10,Udyog Path: Dhanas ↔ ISBT Sector 17,A_to_B,4785,539,737,0.731,OK,
2026-07-28 04:30:07,2026-07-28,04:30:07,Tuesday,4,N,10,Udyog Path: Dhanas ↔ ISBT Sector 17,B_to_A,5507,732,919,0.797,OK,
2026-07-28 04:30:07,2026-07-28,04:30:07,Tuesday,4,N,11,Udyog Path: ISBT Sector 17 ↔ Elante Mall,A_to_B,3274,259,383,0.676,OK,
2026-07-28 04:30:07,2026-07-28,04:30:07,Tuesday,4,N,11,Udyog Path: ISBT Sector 17 ↔ Elante Mall,B_to_A,3428,316,451,0.701,OK,
2026-07-28 04:30:08,2026-07-28,04:30:08,Tuesday,4,N,12,Dakshin Marg: DLF Mullanpur ↔ Kisan Bhawan Chowk,A_to_B,6720,643,894,0.719,OK,
2026-07-28 04:30:08,2026-07-28,04:30:08,Tuesday,4,N,12,Dakshin Marg: DLF Mullanpur ↔ Kisan Bhawan Chowk,B_to_A,7109,709,950,0.746,OK,
2026-07-28 04:30:08,2026-07-28,04:30:08,Tuesday,4,N,13,Dakshin Marg: Kisan Bhawan Chowk ↔ Airport Chowk,A_to_B,7722,819,1090,0.751,OK,
2026-07-28 04:30:09,2026-07-28,04:30:09,Tuesday,4,N,13,Dakshin Marg: Kisan Bhawan Chowk ↔ Airport Chowk,B_to_A,7967,842,1138,0.74,OK,
2026-07-28 04:30:09,2026-07-28,04:30:09,Tuesday,4,N,14,NH 5: Max Hospital ↔ ISBT Sector 43,A_to_B,4206,350,503,0.696,OK,
2026-07-28 04:30:09,2026-07-28,04:30:09,Tuesday,4,N,14,NH 5: Max Hospital ↔ ISBT Sector 43,B_to_A,5445,474,667,0.711,OK,
2026-07-28 04:30:09,2026-07-28,04:30:09,Tuesday,4,N,15,Sukhna Path: Golf Club ↔ Cycle Chowk,A_to_B,9001,843,1154,0.731,OK,
2026-07-28 04:30:10,2026-07-28,04:30:10,Tuesday,4,N,15,Sukhna Path: Golf Club ↔ Cycle Chowk,B_to_A,7321,804,1080,0.744,OK,
2026-07-28 04:30:10,2026-07-28,04:30:10,Tuesday,4,N,16,Sarovar Path: Sukhna Lake ↔ Burail Jail,A_to_B,7816,769,1066,0.721,OK,
2026-07-28 04:30:10,2026-07-28,04:30:10,Tuesday,4,N,16,Sarovar Path: Sukhna Lake ↔ Burail Jail,B_to_A,7928,789,1084,0.728,OK,
2026-07-28 04:30:10,2026-07-28,04:30:10,Tuesday,4,N,17,Himalaya Marg: Rock Garden ↔ ISBT 43,A_to_B,8803,794,1097,0.724,OK,
2026-07-28 04:30:11,2026-07-28,04:30:11,Tuesday,4,N,17,Himalaya Marg: Rock Garden ↔ ISBT 43,B_to_A,8806,838,1181,0.71,OK,
2026-07-28 04:30:11,2026-07-28,04:30:11,Tuesday,4,N,18,Jan Marg: High Court ↔ ISBT 17,A_to_B,3334,279,390,0.715,OK,
2026-07-28 04:30:11,2026-07-28,04:30:11,Tuesday,4,N,18,Jan Marg: High Court ↔ ISBT 17,B_to_A,3132,267,337,0.792,OK,
2026-07-28 04:30:11,2026-07-28,04:30:11,Tuesday,4,N,19,Jan Marg: ISBT 17 ↔ ISBT 43,A_to_B,4115,381,568,0.671,OK,
2026-07-28 04:30:12,2026-07-28,04:30:12,Tuesday,4,N,19,Jan Marg: ISBT 17 ↔ ISBT 43,B_to_A,4233,416,579,0.718,OK,
2026-07-28 04:30:12,2026-07-28,04:30:12,Tuesday,4,N,20,Vidya Path: PGI Chowk ↔ Fountain Chowk,A_to_B,5475,536,714,0.751,OK,
2026-07-28 04:30:12,2026-07-28,04:30:12,Tuesday,4,N,20,Vidya Path: PGI Chowk ↔ Fountain Chowk,B_to_A,5474,577,716,0.806,OK,
2026-07-28 04:30:13,2026-07-28,04:30:13,Tuesday,4,N,21,Purv Marg: Tansport Chowk  ↔ Tribune Chowk,A_to_B,2620,302,411,0.735,OK,
2026-07-28 04:30:13,2026-07-28,04:30:13,Tuesday,4,N,21,Purv Marg: Tansport Chowk  ↔ Tribune Chowk,B_to_A,2611,346,436,0.794,OK,
2026-07-28 04:30:13,2026-07-28,04:30:13,Tuesday,4,N,22,Chandi Path: Sabzi Mandi Chowk  ↔ GMCH 32,A_to_B,2939,285,414,0.688,OK,
2026-07-28 04:30:13,2026-07-28,04:30:13,Tuesday,4,N,22,Chandi Path: Sabzi Mandi Chowk  ↔ GMCH 32,B_to_A,2756,299,361,0.828,OK,
2026-07-28 04:30:14,2026-07-28,04:30:14,Tuesday,4,N,23,Udyan Path: Secretariat Chowk  ↔ Furniture Chowk,A_to_B,7398,633,883,0.717,OK,
2026-07-28 04:30:14,2026-07-28,04:30:14,Tuesday,4,N,23,Udyan Path: Secretariat Chowk  ↔ Furniture Chowk,B_to_A,7219,635,830,0.765,OK,
2026-07-28 04:30:14,2026-07-28,04:30:14,Tuesday,4,N,24,Madhya Marg: Sector 17 ↔ Railway Station,A_to_B,7206,735,945,0.778,OK,
2026-07-28 04:30:14,2026-07-28,04:30:14,Tuesday,4,N,24,Madhya Marg: Sector 17 ↔ Railway Station,B_to_A,7145,766,1105,0.693,OK,
2026-07-28 04:30:15,2026-07-28,04:30:15,Tuesday,4,N,25,Paschim Marg: Sector 25 ↔ Sector 56,A_to_B,4090,392,535,0.733,OK,
2026-07-28 04:30:15,2026-07-28,04:30:15,Tuesday,4,N,25,Paschim Marg: Sector 25 ↔ Sector 56,B_to_A,3940,384,493,0.779,OK,
2026-07-28 05:00:01,2026-07-28,05:00:01,Tuesday,5,N,1,Madhya Marg: PGI Chowk ↔ Housing Board lights,A_to_B,9891,1069,1342,0.797,OK,
2026-07-28 05:00:02,2026-07-28,05:00:02,Tuesday,5,N,1,Madhya Marg: PGI Chowk ↔ Housing Board lights,B_to_A,8853,977,1223,0.799,OK,
2026-07-28 05:00:02,2026-07-28,05:00:02,Tuesday,5,N,2,Udyog Path: PU Chowk ↔ Elante Mall,A_to_B,7173,731,1033,0.708,OK,
2026-07-28 05:00:02,2026-07-28,05:00:02,Tuesday,5,N,2,Udyog Path: PU Chowk ↔ Elante Mall,B_to_A,8051,716,1091,0.656,OK,
2026-07-28 05:00:02,2026-07-28,05:00:02,Tuesday,5,N,3,Dakshin Marg: Daddu Majra ↔ Hallo Majra Lights,A_to_B,8610,919,1261,0.729,OK,
2026-07-28 05:00:03,2026-07-28,05:00:03,Tuesday,5,N,3,Dakshin Marg: Daddu Majra ↔ Hallo Majra Lights,B_to_A,9077,1020,1438,0.709,OK,
2026-07-28 05:00:03,2026-07-28,05:00:03,Tuesday,5,N,4,Shanti Path: Sector 38W ↔ Sector 31 Lights,A_to_B,7418,645,881,0.732,OK,
2026-07-28 05:00:03,2026-07-28,05:00:03,Tuesday,5,N,4,Shanti Path: Sector 38W ↔ Sector 31 Lights,B_to_A,7590,736,937,0.785,OK,
2026-07-28 05:00:04,2026-07-28,05:00:04,Tuesday,5,N,5,NH 5: Grain Market ↔ Sector 47 Chowk,A_to_B,7596,713,930,0.767,OK,
2026-07-28 05:00:04,2026-07-28,05:00:04,Tuesday,5,N,5,NH 5: Grain Market ↔ Sector 47 Chowk,B_to_A,7551,702,972,0.722,OK,
2026-07-28 05:00:04,2026-07-28,05:00:04,Tuesday,5,N,6,Vigyan Path: PEC Chowk ↔ Golf Club,A_to_B,4491,378,472,0.801,OK,
2026-07-28 05:00:04,2026-07-28,05:00:04,Tuesday,5,N,6,Vigyan Path: PEC Chowk ↔ Golf Club,B_to_A,4518,407,525,0.775,OK,
2026-07-28 05:00:05,2026-07-28,05:00:05,Tuesday,5,N,7,Uttar Marg: Sector 2 Chowk ↔ Sukhna Lake,A_to_B,2481,229,274,0.836,OK,
2026-07-28 05:00:05,2026-07-28,05:00:05,Tuesday,5,N,7,Uttar Marg: Sector 2 Chowk ↔ Sukhna Lake,B_to_A,3144,353,423,0.835,OK,
2026-07-28 05:00:05,2026-07-28,05:00:05,Tuesday,5,N,8,Madhya Marg: Khudda Lahora ↔ Matka Chowk,A_to_B,4208,437,600,0.728,OK,
2026-07-28 05:00:05,2026-07-28,05:00:05,Tuesday,5,N,8,Madhya Marg: Khudda Lahora ↔ Matka Chowk,B_to_A,3931,388,529,0.733,OK,
2026-07-28 05:00:06,2026-07-28,05:00:06,Tuesday,5,N,9,Madhya Marg: GMSH 16 ↔ Kalagram,A_to_B,5231,573,744,0.77,OK,
2026-07-28 05:00:06,2026-07-28,05:00:06,Tuesday,5,N,9,Madhya Marg: GMSH 16 ↔ Kalagram,B_to_A,5517,569,772,0.737,OK,
2026-07-28 05:00:06,2026-07-28,05:00:06,Tuesday,5,N,10,Udyog Path: Dhanas ↔ ISBT Sector 17,A_to_B,4785,539,737,0.731,OK,
2026-07-28 05:00:06,2026-07-28,05:00:06,Tuesday,5,N,10,Udyog Path: Dhanas ↔ ISBT Sector 17,B_to_A,5507,652,919,0.709,OK,
2026-07-28 05:00:07,2026-07-28,05:00:07,Tuesday,5,N,11,Udyog Path: ISBT Sector 17 ↔ Elante Mall,A_to_B,3274,254,383,0.663,OK,
2026-07-28 05:00:07,2026-07-28,05:00:07,Tuesday,5,N,11,Udyog Path: ISBT Sector 17 ↔ Elante Mall,B_to_A,3428,334,451,0.741,OK,
2026-07-28 05:00:07,2026-07-28,05:00:07,Tuesday,5,N,12,Dakshin Marg: DLF Mullanpur ↔ Kisan Bhawan Chowk,A_to_B,6720,645,894,0.721,OK,
2026-07-28 05:00:07,2026-07-28,05:00:07,Tuesday,5,N,12,Dakshin Marg: DLF Mullanpur ↔ Kisan Bhawan Chowk,B_to_A,7109,706,950,0.743,OK,
2026-07-28 05:00:08,2026-07-28,05:00:08,Tuesday,5,N,13,Dakshin Marg: Kisan Bhawan Chowk ↔ Airport Chowk,A_to_B,7722,825,1090,0.757,OK,
2026-07-28 05:00:08,2026-07-28,05:00:08,Tuesday,5,N,13,Dakshin Marg: Kisan Bhawan Chowk ↔ Airport Chowk,B_to_A,7967,866,1138,0.761,OK,
2026-07-28 05:00:08,2026-07-28,05:00:08,Tuesday,5,N,14,NH 5: Max Hospital ↔ ISBT Sector 43,A_to_B,4206,351,503,0.698,OK,
2026-07-28 05:00:09,2026-07-28,05:00:09,Tuesday,5,N,14,NH 5: Max Hospital ↔ ISBT Sector 43,B_to_A,5445,479,667,0.718,OK,
2026-07-28 05:00:09,2026-07-28,05:00:09,Tuesday,5,N,15,Sukhna Path: Golf Club ↔ Cycle Chowk,A_to_B,9001,832,1154,0.721,OK,
2026-07-28 05:00:09,2026-07-28,05:00:09,Tuesday,5,N,15,Sukhna Path: Golf Club ↔ Cycle Chowk,B_to_A,7321,801,1080,0.742,OK,
2026-07-28 05:00:09,2026-07-28,05:00:09,Tuesday,5,N,16,Sarovar Path: Sukhna Lake ↔ Burail Jail,A_to_B,7816,757,1066,0.71,OK,
2026-07-28 05:00:10,2026-07-28,05:00:10,Tuesday,5,N,16,Sarovar Path: Sukhna Lake ↔ Burail Jail,B_to_A,7928,812,1084,0.749,OK,
2026-07-28 05:00:10,2026-07-28,05:00:10,Tuesday,5,N,17,Himalaya Marg: Rock Garden ↔ ISBT 43,A_to_B,8803,793,1097,0.723,OK,
2026-07-28 05:00:10,2026-07-28,05:00:10,Tuesday,5,N,17,Himalaya Marg: Rock Garden ↔ ISBT 43,B_to_A,8928,826,1121,0.737,OK,
2026-07-28 05:00:10,2026-07-28,05:00:10,Tuesday,5,N,18,Jan Marg: High Court ↔ ISBT 17,A_to_B,3334,264,390,0.677,OK,
2026-07-28 05:00:11,2026-07-28,05:00:11,Tuesday,5,N,18,Jan Marg: High Court ↔ ISBT 17,B_to_A,3132,266,337,0.789,OK,
2026-07-28 05:00:11,2026-07-28,05:00:11,Tuesday,5,N,19,Jan Marg: ISBT 17 ↔ ISBT 43,A_to_B,4115,400,568,0.704,OK,
2026-07-28 05:00:11,2026-07-28,05:00:11,Tuesday,5,N,19,Jan Marg: ISBT 17 ↔ ISBT 43,B_to_A,4233,406,579,0.701,OK,
2026-07-28 05:00:11,2026-07-28,05:00:11,Tuesday,5,N,20,Vidya Path: PGI Chowk ↔ Fountain Chowk,A_to_B,5475,538,714,0.754,OK,
2026-07-28 05:00:12,2026-07-28,05:00:12,Tuesday,5,N,20,Vidya Path: PGI Chowk ↔ Fountain Chowk,B_to_A,5474,571,716,0.797,OK,
2026-07-28 05:00:12,2026-07-28,05:00:12,Tuesday,5,N,21,Purv Marg: Tansport Chowk  ↔ Tribune Chowk,A_to_B,2620,321,411,0.781,OK,
2026-07-28 05:00:12,2026-07-28,05:00:12,Tuesday,5,N,21,Purv Marg: Tansport Chowk  ↔ Tribune Chowk,B_to_A,2611,348,436,0.798,OK,
2026-07-28 05:00:12,2026-07-28,05:00:12,Tuesday,5,N,22,Chandi Path: Sabzi Mandi Chowk  ↔ GMCH 32,A_to_B,2939,292,414,0.705,OK,
2026-07-28 05:00:13,2026-07-28,05:00:13,Tuesday,5,N,22,Chandi Path: Sabzi Mandi Chowk  ↔ GMCH 32,B_to_A,2754,285,360,0.792,OK,
2026-07-28 05:00:13,2026-07-28,05:00:13,Tuesday,5,N,23,Udyan Path: Secretariat Chowk  ↔ Furniture Chowk,A_to_B,7398,649,883,0.735,OK,
2026-07-28 05:00:13,2026-07-28,05:00:13,Tuesday,5,N,23,Udyan Path: Secretariat Chowk  ↔ Furniture Chowk,B_to_A,7219,649,830,0.782,OK,
2026-07-28 05:00:14,2026-07-28,05:00:14,Tuesday,5,N,24,Madhya Marg: Sector 17 ↔ Railway Station,A_to_B,7206,747,945,0.79,OK,
2026-07-28 05:00:14,2026-07-28,05:00:14,Tuesday,5,N,24,Madhya Marg: Sector 17 ↔ Railway Station,B_to_A,7145,753,1105,0.681,OK,
2026-07-28 05:00:14,2026-07-28,05:00:14,Tuesday,5,N,25,Paschim Marg: Sector 25 ↔ Sector 56,A_to_B,4090,368,535,0.688,OK,
2026-07-28 05:00:14,2026-07-28,05:00:14,Tuesday,5,N,25,Paschim Marg: Sector 25 ↔ Sector 56,B_to_A,3940,383,493,0.777,OK,
2026-07-28 05:30:02,2026-07-28,05:30:02,Tuesday,5,N,1,Madhya Marg: PGI Chowk ↔ Housing Board lights,A_to_B,9891,1096,1342,0.817,OK,
2026-07-28 05:30:02,2026-07-28,05:30:02,Tuesday,5,N,1,Madhya Marg: PGI Chowk ↔ Housing Board lights,B_to_A,8853,993,1223,0.812,OK,
2026-07-28 05:30:02,2026-07-28,05:30:02,Tuesday,5,N,2,Udyog Path: PU Chowk ↔ Elante Mall,A_to_B,7173,700,1033,0.678,OK,
2026-07-28 05:30:03,2026-07-28,05:30:03,Tuesday,5,N,2,Udyog Path: PU Chowk ↔ Elante Mall,B_to_A,8051,705,1091,0.646,OK,
2026-07-28 05:30:03,2026-07-28,05:30:03,Tuesday,5,N,3,Dakshin Marg: Daddu Majra ↔ Hallo Majra Lights,A_to_B,8610,910,1261,0.722,OK,
2026-07-28 05:30:03,2026-07-28,05:30:03,Tuesday,5,N,3,Dakshin Marg: Daddu Majra ↔ Hallo Majra Lights,B_to_A,9077,1020,1438,0.709,OK,
2026-07-28 05:30:03,2026-07-28,05:30:03,Tuesday,5,N,4,Shanti Path: Sector 38W ↔ Sector 31 Lights,A_to_B,7418,647,881,0.734,OK,
2026-07-28 05:30:04,2026-07-28,05:30:04,Tuesday,5,N,4,Shanti Path: Sector 38W ↔ Sector 31 Lights,B_to_A,7590,730,937,0.779,OK,
2026-07-28 05:30:04,2026-07-28,05:30:04,Tuesday,5,N,5,NH 5: Grain Market ↔ Sector 47 Chowk,A_to_B,7596,707,930,0.76,OK,
2026-07-28 05:30:04,2026-07-28,05:30:04,Tuesday,5,N,5,NH 5: Grain Market ↔ Sector 47 Chowk,B_to_A,7551,715,972,0.736,OK,
2026-07-28 05:30:05,2026-07-28,05:30:05,Tuesday,5,N,6,Vigyan Path: PEC Chowk ↔ Golf Club,A_to_B,4491,383,472,0.811,OK,
2026-07-28 05:30:05,2026-07-28,05:30:05,Tuesday,5,N,6,Vigyan Path: PEC Chowk ↔ Golf Club,B_to_A,4518,414,525,0.789,OK,
2026-07-28 05:30:05,2026-07-28,05:30:05,Tuesday,5,N,7,Uttar Marg: Sector 2 Chowk ↔ Sukhna Lake,A_to_B,2481,232,274,0.847,OK,
2026-07-28 05:30:05,2026-07-28,05:30:05,Tuesday,5,N,7,Uttar Marg: Sector 2 Chowk ↔ Sukhna Lake,B_to_A,3144,366,423,0.865,OK,
2026-07-28 05:30:06,2026-07-28,05:30:06,Tuesday,5,N,8,Madhya Marg: Khudda Lahora ↔ Matka Chowk,A_to_B,4208,458,600,0.763,OK,
2026-07-28 05:30:06,2026-07-28,05:30:06,Tuesday,5,N,8,Madhya Marg: Khudda Lahora ↔ Matka Chowk,B_to_A,3931,386,529,0.73,OK,
2026-07-28 05:30:06,2026-07-28,05:30:06,Tuesday,5,N,9,Madhya Marg: GMSH 16 ↔ Kalagram,A_to_B,5231,587,744,0.789,OK,
2026-07-28 05:30:06,2026-07-28,05:30:06,Tuesday,5,N,9,Madhya Marg: GMSH 16 ↔ Kalagram,B_to_A,5517,599,772,0.776,OK,
2026-07-28 05:30:07,2026-07-28,05:30:07,Tuesday,5,N,10,Udyog Path: Dhanas ↔ ISBT Sector 17,A_to_B,4785,559,737,0.758,OK,
2026-07-28 05:30:07,2026-07-28,05:30:07,Tuesday,5,N,10,Udyog Path: Dhanas ↔ ISBT Sector 17,B_to_A,5507,686,919,0.746,OK,
2026-07-28 05:30:07,2026-07-28,05:30:07,Tuesday,5,N,11,Udyog Path: ISBT Sector 17 ↔ Elante Mall,A_to_B,3274,250,383,0.653,OK,
2026-07-28 05:30:07,2026-07-28,05:30:07,Tuesday,5,N,11,Udyog Path: ISBT Sector 17 ↔ Elante Mall,B_to_A,3428,323,451,0.716,OK,
2026-07-28 05:30:08,2026-07-28,05:30:08,Tuesday,5,N,12,Dakshin Marg: DLF Mullanpur ↔ Kisan Bhawan Chowk,A_to_B,6720,653,894,0.73,OK,
2026-07-28 05:30:08,2026-07-28,05:30:08,Tuesday,5,N,12,Dakshin Marg: DLF Mullanpur ↔ Kisan Bhawan Chowk,B_to_A,7109,701,950,0.738,OK,
2026-07-28 05:30:08,2026-07-28,05:30:08,Tuesday,5,N,13,Dakshin Marg: Kisan Bhawan Chowk ↔ Airport Chowk,A_to_B,7722,814,1090,0.747,OK,
2026-07-28 05:30:09,2026-07-28,05:30:09,Tuesday,5,N,13,Dakshin Marg: Kisan Bhawan Chowk ↔ Airport Chowk,B_to_A,7967,862,1138,0.757,OK,
2026-07-28 05:30:09,2026-07-28,05:30:09,Tuesday,5,N,14,NH 5: Max Hospital ↔ ISBT Sector 43,A_to_B,4206,342,503,0.68,OK,
2026-07-28 05:30:09,2026-07-28,05:30:09,Tuesday,5,N,14,NH 5: Max Hospital ↔ ISBT Sector 43,B_to_A,5445,485,667,0.727,OK,
2026-07-28 05:30:09,2026-07-28,05:30:09,Tuesday,5,N,15,Sukhna Path: Golf Club ↔ Cycle Chowk,A_to_B,9030,843,1147,0.735,OK,
2026-07-28 05:30:10,2026-07-28,05:30:10,Tuesday,5,N,15,Sukhna Path: Golf Club ↔ Cycle Chowk,B_to_A,7321,821,1080,0.76,OK,
2026-07-28 05:30:10,2026-07-28,05:30:10,Tuesday,5,N,16,Sarovar Path: Sukhna Lake ↔ Burail Jail,A_to_B,7816,774,1066,0.726,OK,
2026-07-28 05:30:10,2026-07-28,05:30:10,Tuesday,5,N,16,Sarovar Path: Sukhna Lake ↔ Burail Jail,B_to_A,7928,792,1084,0.731,OK,
2026-07-28 05:30:10,2026-07-28,05:30:10,Tuesday,5,N,17,Himalaya Marg: Rock Garden ↔ ISBT 43,A_to_B,8803,820,1097,0.747,OK,
2026-07-28 05:30:11,2026-07-28,05:30:11,Tuesday,5,N,17,Himalaya Marg: Rock Garden ↔ ISBT 43,B_to_A,8928,833,1121,0.743,OK,
2026-07-28 05:30:11,2026-07-28,05:30:11,Tuesday,5,N,18,Jan Marg: High Court ↔ ISBT 17,A_to_B,3334,264,390,0.677,OK,
2026-07-28 05:30:11,2026-07-28,05:30:11,Tuesday,5,N,18,Jan Marg: High Court ↔ ISBT 17,B_to_A,3132,268,337,0.795,OK,
2026-07-28 05:30:11,2026-07-28,05:30:11,Tuesday,5,N,19,Jan Marg: ISBT 17 ↔ ISBT 43,A_to_B,4115,412,568,0.725,OK,
2026-07-28 05:30:12,2026-07-28,05:30:12,Tuesday,5,N,19,Jan Marg: ISBT 17 ↔ ISBT 43,B_to_A,4233,409,579,0.706,OK,
2026-07-28 05:30:12,2026-07-28,05:30:12,Tuesday,5,N,20,Vidya Path: PGI Chowk ↔ Fountain Chowk,A_to_B,5475,541,714,0.758,OK,
2026-07-28 05:30:12,2026-07-28,05:30:12,Tuesday,5,N,20,Vidya Path: PGI Chowk ↔ Fountain Chowk,B_to_A,5474,563,716,0.786,OK,
2026-07-28 05:30:13,2026-07-28,05:30:13,Tuesday,5,N,21,Purv Marg: Tansport Chowk  ↔ Tribune Chowk,A_to_B,2620,302,411,0.735,OK,
2026-07-28 05:30:13,2026-07-28,05:30:13,Tuesday,5,N,21,Purv Marg: Tansport Chowk  ↔ Tribune Chowk,B_to_A,2611,349,436,0.8,OK,
2026-07-28 05:30:13,2026-07-28,05:30:13,Tuesday,5,N,22,Chandi Path: Sabzi Mandi Chowk  ↔ GMCH 32,A_to_B,2939,293,414,0.708,OK,
2026-07-28 05:30:13,2026-07-28,05:30:13,Tuesday,5,N,22,Chandi Path: Sabzi Mandi Chowk  ↔ GMCH 32,B_to_A,2756,298,361,0.825,OK,
2026-07-28 05:30:14,2026-07-28,05:30:14,Tuesday,5,N,23,Udyan Path: Secretariat Chowk  ↔ Furniture Chowk,A_to_B,7398,650,883,0.736,OK,
2026-07-28 05:30:14,2026-07-28,05:30:14,Tuesday,5,N,23,Udyan Path: Secretariat Chowk  ↔ Furniture Chowk,B_to_A,7219,641,830,0.772,OK,
2026-07-28 05:30:14,2026-07-28,05:30:14,Tuesday,5,N,24,Madhya Marg: Sector 17 ↔ Railway Station,A_to_B,7206,740,945,0.783,OK,
2026-07-28 05:30:14,2026-07-28,05:30:14,Tuesday,5,N,24,Madhya Marg: Sector 17 ↔ Railway Station,B_to_A,7145,755,1105,0.683,OK,
2026-07-28 05:30:15,2026-07-28,05:30:15,Tuesday,5,N,25,Paschim Marg: Sector 25 ↔ Sector 56,A_to_B,4090,410,535,0.766,OK,
2026-07-28 05:30:15,2026-07-28,05:30:15,Tuesday,5,N,25,Paschim Marg: Sector 25 ↔ Sector 56,B_to_A,3940,369,493,0.748,OK,
2026-07-28 06:00:01,2026-07-28,06:00:01,Tuesday,6,N,1,Madhya Marg: PGI Chowk ↔ Housing Board lights,A_to_B,9891,1088,1342,0.811,OK,
2026-07-28 06:00:02,2026-07-28,06:00:02,Tuesday,6,N,1,Madhya Marg: PGI Chowk ↔ Housing Board lights,B_to_A,8853,986,1223,0.806,OK,
2026-07-28 06:00:02,2026-07-28,06:00:02,Tuesday,6,N,2,Udyog Path: PU Chowk ↔ Elante Mall,A_to_B,7173,707,1033,0.684,OK,
2026-07-28 06:00:02,2026-07-28,06:00:02,Tuesday,6,N,2,Udyog Path: PU Chowk ↔ Elante Mall,B_to_A,8051,719,1091,0.659,OK,
2026-07-28 06:00:02,2026-07-28,06:00:02,Tuesday,6,N,3,Dakshin Marg: Daddu Majra ↔ Hallo Majra Lights,A_to_B,8610,928,1261,0.736,OK,
2026-07-28 06:00:03,2026-07-28,06:00:03,Tuesday,6,N,3,Dakshin Marg: Daddu Majra ↔ Hallo Majra Lights,B_to_A,9077,1011,1438,0.703,OK,
2026-07-28 06:00:03,2026-07-28,06:00:03,Tuesday,6,N,4,Shanti Path: Sector 38W ↔ Sector 31 Lights,A_to_B,7418,666,881,0.756,OK,
2026-07-28 06:00:03,2026-07-28,06:00:03,Tuesday,6,N,4,Shanti Path: Sector 38W ↔ Sector 31 Lights,B_to_A,7590,769,937,0.821,OK,
2026-07-28 06:00:04,2026-07-28,06:00:04,Tuesday,6,N,5,NH 5: Grain Market ↔ Sector 47 Chowk,A_to_B,7596,718,930,0.772,OK,
2026-07-28 06:00:04,2026-07-28,06:00:04,Tuesday,6,N,5,NH 5: Grain Market ↔ Sector 47 Chowk,B_to_A,7551,723,972,0.744,OK,
2026-07-28 06:00:04,2026-07-28,06:00:04,Tuesday,6,N,6,Vigyan Path: PEC Chowk ↔ Golf Club,A_to_B,4491,385,472,0.816,OK,
2026-07-28 06:00:04,2026-07-28,06:00:04,Tuesday,6,N,6,Vigyan Path: PEC Chowk ↔ Golf Club,B_to_A,4518,411,525,0.783,OK,
2026-07-28 06:00:05,2026-07-28,06:00:05,Tuesday,6,N,7,Uttar Marg: Sector 2 Chowk ↔ Sukhna Lake,A_to_B,2481,235,274,0.858,OK,
2026-07-28 06:00:05,2026-07-28,06:00:05,Tuesday,6,N,7,Uttar Marg: Sector 2 Chowk ↔ Sukhna Lake,B_to_A,3144,360,423,0.851,OK,
2026-07-28 06:00:05,2026-07-28,06:00:05,Tuesday,6,N,8,Madhya Marg: Khudda Lahora ↔ Matka Chowk,A_to_B,4208,448,600,0.747,OK,
2026-07-28 06:00:05,2026-07-28,06:00:05,Tuesday,6,N,8,Madhya Marg: Khudda Lahora ↔ Matka Chowk,B_to_A,3931,384,529,0.726,OK,
2026-07-28 06:00:06,2026-07-28,06:00:06,Tuesday,6,N,9,Madhya Marg: GMSH 16 ↔ Kalagram,A_to_B,5231,599,744,0.805,OK,
2026-07-28 06:00:06,2026-07-28,06:00:06,Tuesday,6,N,9,Madhya Marg: GMSH 16 ↔ Kalagram,B_to_A,5517,592,772,0.767,OK,
2026-07-28 06:00:06,2026-07-28,06:00:06,Tuesday,6,N,10,Udyog Path: Dhanas ↔ ISBT Sector 17,A_to_B,4785,544,737,0.738,OK,
2026-07-28 06:00:07,2026-07-28,06:00:07,Tuesday,6,N,10,Udyog Path: Dhanas ↔ ISBT Sector 17,B_to_A,5507,744,919,0.81,OK,
2026-07-28 06:00:07,2026-07-28,06:00:07,Tuesday,6,N,11,Udyog Path: ISBT Sector 17 ↔ Elante Mall,A_to_B,3274,244,383,0.637,OK,
2026-07-28 06:00:07,2026-07-28,06:00:07,Tuesday,6,N,11,Udyog Path: ISBT Sector 17 ↔ Elante Mall,B_to_A,3428,342,451,0.758,OK,
2026-07-28 06:00:07,2026-07-28,06:00:07,Tuesday,6,N,12,Dakshin Marg: DLF Mullanpur ↔ Kisan Bhawan Chowk,A_to_B,6720,660,894,0.738,OK,
2026-07-28 06:00:08,2026-07-28,06:00:08,Tuesday,6,N,12,Dakshin Marg: DLF Mullanpur ↔ Kisan Bhawan Chowk,B_to_A,7109,685,950,0.721,OK,
2026-07-28 06:00:08,2026-07-28,06:00:08,Tuesday,6,N,13,Dakshin Marg: Kisan Bhawan Chowk ↔ Airport Chowk,A_to_B,7722,845,1090,0.775,OK,
2026-07-28 06:00:08,2026-07-28,06:00:08,Tuesday,6,N,13,Dakshin Marg: Kisan Bhawan Chowk ↔ Airport Chowk,B_to_A,7967,861,1138,0.757,OK,
2026-07-28 06:00:08,2026-07-28,06:00:08,Tuesday,6,N,14,NH 5: Max Hospital ↔ ISBT Sector 43,A_to_B,4206,349,503,0.694,OK,
2026-07-28 06:00:09,2026-07-28,06:00:09,Tuesday,6,N,14,NH 5: Max Hospital ↔ ISBT Sector 43,B_to_A,5445,481,667,0.721,OK,
2026-07-28 06:00:09,2026-07-28,06:00:09,Tuesday,6,N,15,Sukhna Path: Golf Club ↔ Cycle Chowk,A_to_B,9030,847,1147,0.738,OK,
2026-07-28 06:00:09,2026-07-28,06:00:09,Tuesday,6,N,15,Sukhna Path: Golf Club ↔ Cycle Chowk,B_to_A,7321,824,1080,0.763,OK,
2026-07-28 06:00:09,2026-07-28,06:00:09,Tuesday,6,N,16,Sarovar Path: Sukhna Lake ↔ Burail Jail,A_to_B,7816,783,1066,0.735,OK,
2026-07-28 06:00:10,2026-07-28,06:00:10,Tuesday,6,N,16,Sarovar Path: Sukhna Lake ↔ Burail Jail,B_to_A,7928,803,1084,0.741,OK,
2026-07-28 06:00:10,2026-07-28,06:00:10,Tuesday,6,N,17,Himalaya Marg: Rock Garden ↔ ISBT 43,A_to_B,8803,836,1097,0.762,OK,
2026-07-28 06:00:10,2026-07-28,06:00:10,Tuesday,6,N,17,Himalaya Marg: Rock Garden ↔ ISBT 43,B_to_A,8806,849,1181,0.719,OK,
2026-07-28 06:00:11,2026-07-28,06:00:11,Tuesday,6,N,18,Jan Marg: High Court ↔ ISBT 17,A_to_B,3334,264,390,0.677,OK,
2026-07-28 06:00:11,2026-07-28,06:00:11,Tuesday,6,N,18,Jan Marg: High Court ↔ ISBT 17,B_to_A,3132,275,337,0.816,OK,
2026-07-28 06:00:11,2026-07-28,06:00:11,Tuesday,6,N,19,Jan Marg: ISBT 17 ↔ ISBT 43,A_to_B,4115,438,568,0.771,OK,
2026-07-28 06:00:11,2026-07-28,06:00:11,Tuesday,6,N,19,Jan Marg: ISBT 17 ↔ ISBT 43,B_to_A,4233,414,579,0.715,OK,
2026-07-28 06:00:12,2026-07-28,06:00:12,Tuesday,6,N,20,Vidya Path: PGI Chowk ↔ Fountain Chowk,A_to_B,5475,534,714,0.748,OK,
2026-07-28 06:00:12,2026-07-28,06:00:12,Tuesday,6,N,20,Vidya Path: PGI Chowk ↔ Fountain Chowk,B_to_A,5474,565,716,0.789,OK,
2026-07-28 06:00:12,2026-07-28,06:00:12,Tuesday,6,N,21,Purv Marg: Tansport Chowk  ↔ Tribune Chowk,A_to_B,2620,307,411,0.747,OK,
2026-07-28 06:00:12,2026-07-28,06:00:12,Tuesday,6,N,21,Purv Marg: Tansport Chowk  ↔ Tribune Chowk,B_to_A,2611,345,436,0.791,OK,
2026-07-28 06:00:13,2026-07-28,06:00:13,Tuesday,6,N,22,Chandi Path: Sabzi Mandi Chowk  ↔ GMCH 32,A_to_B,2939,298,414,0.72,OK,
2026-07-28 06:00:13,2026-07-28,06:00:13,Tuesday,6,N,22,Chandi Path: Sabzi Mandi Chowk  ↔ GMCH 32,B_to_A,2756,296,361,0.82,OK,
2026-07-28 06:00:13,2026-07-28,06:00:13,Tuesday,6,N,23,Udyan Path: Secretariat Chowk  ↔ Furniture Chowk,A_to_B,7398,664,883,0.752,OK,
2026-07-28 06:00:13,2026-07-28,06:00:13,Tuesday,6,N,23,Udyan Path: Secretariat Chowk  ↔ Furniture Chowk,B_to_A,7219,648,830,0.781,OK,
2026-07-28 06:00:14,2026-07-28,06:00:14,Tuesday,6,N,24,Madhya Marg: Sector 17 ↔ Railway Station,A_to_B,7206,731,945,0.774,OK,
2026-07-28 06:00:14,2026-07-28,06:00:14,Tuesday,6,N,24,Madhya Marg: Sector 17 ↔ Railway Station,B_to_A,6568,773,1029,0.751,OK,
2026-07-28 06:00:14,2026-07-28,06:00:14,Tuesday,6,N,25,Paschim Marg: Sector 25 ↔ Sector 56,A_to_B,4090,404,535,0.755,OK,
2026-07-28 06:00:14,2026-07-28,06:00:14,Tuesday,6,N,25,Paschim Marg: Sector 25 ↔ Sector 56,B_to_A,3940,395,493,0.801,OK,
2026-07-28 06:30:01,2026-07-28,06:30:01,Tuesday,6,N,1,Madhya Marg: PGI Chowk ↔ Housing Board lights,A_to_B,9891,1113,1342,0.829,OK,
2026-07-28 06:30:01,2026-07-28,06:30:01,Tuesday,6,N,1,Madhya Marg: PGI Chowk ↔ Housing Board lights,B_to_A,8853,1023,1223,0.836,OK,
2026-07-28 06:30:02,2026-07-28,06:30:02,Tuesday,6,N,2,Udyog Path: PU Chowk ↔ Elante Mall,A_to_B,7173,726,1033,0.703,OK,
2026-07-28 06:30:02,2026-07-28,06:30:02,Tuesday,6,N,2,Udyog Path: PU Chowk ↔ Elante Mall,B_to_A,8051,722,1091,0.662,OK,
2026-07-28 06:30:02,2026-07-28,06:30:02,Tuesday,6,N,3,Dakshin Marg: Daddu Majra ↔ Hallo Majra Lights,A_to_B,8610,976,1261,0.774,OK,
2026-07-28 06:30:03,2026-07-28,06:30:03,Tuesday,6,N,3,Dakshin Marg: Daddu Majra ↔ Hallo Majra Lights,B_to_A,9077,1026,1438,0.713,OK,
2026-07-28 06:30:03,2026-07-28,06:30:03,Tuesday,6,N,4,Shanti Path: Sector 38W ↔ Sector 31 Lights,A_to_B,7418,698,881,0.792,OK,
2026-07-28 06:30:03,2026-07-28,06:30:03,Tuesday,6,N,4,Shanti Path: Sector 38W ↔ Sector 31 Lights,B_to_A,7590,789,937,0.842,OK,
2026-07-28 06:30:03,2026-07-28,06:30:03,Tuesday,6,N,5,NH 5: Grain Market ↔ Sector 47 Chowk,A_to_B,7596,739,930,0.795,OK,
2026-07-28 06:30:04,2026-07-28,06:30:04,Tuesday,6,N,5,NH 5: Grain Market ↔ Sector 47 Chowk,B_to_A,7551,747,972,0.769,OK,
2026-07-28 06:30:04,2026-07-28,06:30:04,Tuesday,6,N,6,Vigyan Path: PEC Chowk ↔ Golf Club,A_to_B,4491,388,472,0.822,OK,
2026-07-28 06:30:04,2026-07-28,06:30:04,Tuesday,6,N,6,Vigyan Path: PEC Chowk ↔ Golf Club,B_to_A,4518,420,525,0.8,OK,
2026-07-28 06:30:04,2026-07-28,06:30:04,Tuesday,6,N,7,Uttar Marg: Sector 2 Chowk ↔ Sukhna Lake,A_to_B,2481,235,274,0.858,OK,
2026-07-28 06:30:05,2026-07-28,06:30:05,Tuesday,6,N,7,Uttar Marg: Sector 2 Chowk ↔ Sukhna Lake,B_to_A,3144,358,423,0.846,OK,
2026-07-28 06:30:05,2026-07-28,06:30:05,Tuesday,6,N,8,Madhya Marg: Khudda Lahora ↔ Matka Chowk,A_to_B,4208,479,600,0.798,OK,
2026-07-28 06:30:05,2026-07-28,06:30:05,Tuesday,6,N,8,Madhya Marg: Khudda Lahora ↔ Matka Chowk,B_to_A,3931,435,529,0.822,OK,
2026-07-28 06:30:06,2026-07-28,06:30:06,Tuesday,6,N,9,Madhya Marg: GMSH 16 ↔ Kalagram,A_to_B,5231,587,744,0.789,OK,
2026-07-28 06:30:06,2026-07-28,06:30:06,Tuesday,6,N,9,Madhya Marg: GMSH 16 ↔ Kalagram,B_to_A,5517,597,772,0.773,OK,
2026-07-28 06:30:06,2026-07-28,06:30:06,Tuesday,6,N,10,Udyog Path: Dhanas ↔ ISBT Sector 17,A_to_B,4785,549,737,0.745,OK,
2026-07-28 06:30:06,2026-07-28,06:30:06,Tuesday,6,N,10,Udyog Path: Dhanas ↔ ISBT Sector 17,B_to_A,5507,717,919,0.78,OK,
2026-07-28 06:30:07,2026-07-28,06:30:07,Tuesday,6,N,11,Udyog Path: ISBT Sector 17 ↔ Elante Mall,A_to_B,3274,247,383,0.645,OK,
2026-07-28 06:30:07,2026-07-28,06:30:07,Tuesday,6,N,11,Udyog Path: ISBT Sector 17 ↔ Elante Mall,B_to_A,3428,329,451,0.729,OK,
2026-07-28 06:30:07,2026-07-28,06:30:07,Tuesday,6,N,12,Dakshin Marg: DLF Mullanpur ↔ Kisan Bhawan Chowk,A_to_B,6720,686,894,0.767,OK,
2026-07-28 06:30:07,2026-07-28,06:30:07,Tuesday,6,N,12,Dakshin Marg: DLF Mullanpur ↔ Kisan Bhawan Chowk,B_to_A,7109,696,950,0.733,OK,
2026-07-28 06:30:08,2026-07-28,06:30:08,Tuesday,6,N,13,Dakshin Marg: Kisan Bhawan Chowk ↔ Airport Chowk,A_to_B,7722,882,1090,0.809,OK,
2026-07-28 06:30:08,2026-07-28,06:30:08,Tuesday,6,N,13,Dakshin Marg: Kisan Bhawan Chowk ↔ Airport Chowk,B_to_A,7967,848,1138,0.745,OK,
2026-07-28 06:30:08,2026-07-28,06:30:08,Tuesday,6,N,14,NH 5: Max Hospital ↔ ISBT Sector 43,A_to_B,4206,365,503,0.726,OK,
2026-07-28 06:30:08,2026-07-28,06:30:08,Tuesday,6,N,14,NH 5: Max Hospital ↔ ISBT Sector 43,B_to_A,5445,484,667,0.726,OK,
2026-07-28 06:30:09,2026-07-28,06:30:09,Tuesday,6,N,15,Sukhna Path: Golf Club ↔ Cycle Chowk,A_to_B,9030,860,1147,0.75,OK,
2026-07-28 06:30:09,2026-07-28,06:30:09,Tuesday,6,N,15,Sukhna Path: Golf Club ↔ Cycle Chowk,B_to_A,7321,851,1080,0.788,OK,
2026-07-28 06:30:09,2026-07-28,06:30:09,Tuesday,6,N,16,Sarovar Path: Sukhna Lake ↔ Burail Jail,A_to_B,7816,791,1066,0.742,OK,
2026-07-28 06:30:10,2026-07-28,06:30:10,Tuesday,6,N,16,Sarovar Path: Sukhna Lake ↔ Burail Jail,B_to_A,7928,819,1084,0.756,OK,
2026-07-28 06:30:10,2026-07-28,06:30:10,Tuesday,6,N,17,Himalaya Marg: Rock Garden ↔ ISBT 43,A_to_B,8803,834,1097,0.76,OK,
2026-07-28 06:30:10,2026-07-28,06:30:10,Tuesday,6,N,17,Himalaya Marg: Rock Garden ↔ ISBT 43,B_to_A,8806,868,1181,0.735,OK,
2026-07-28 06:30:10,2026-07-28,06:30:10,Tuesday,6,N,18,Jan Marg: High Court ↔ ISBT 17,A_to_B,3334,271,390,0.695,OK,
2026-07-28 06:30:11,2026-07-28,06:30:11,Tuesday,6,N,18,Jan Marg: High Court ↔ ISBT 17,B_to_A,3132,274,337,0.813,OK,
2026-07-28 06:30:11,2026-07-28,06:30:11,Tuesday,6,N,19,Jan Marg: ISBT 17 ↔ ISBT 43,A_to_B,4115,441,568,0.776,OK,
2026-07-28 06:30:11,2026-07-28,06:30:11,Tuesday,6,N,19,Jan Marg: ISBT 17 ↔ ISBT 43,B_to_A,4233,428,579,0.739,OK,
2026-07-28 06:30:11,2026-07-28,06:30:11,Tuesday,6,N,20,Vidya Path: PGI Chowk ↔ Fountain Chowk,A_to_B,5475,558,714,0.782,OK,
2026-07-28 06:30:12,2026-07-28,06:30:12,Tuesday,6,N,20,Vidya Path: PGI Chowk ↔ Fountain Chowk,B_to_A,5474,584,716,0.816,OK,
2026-07-28 06:30:12,2026-07-28,06:30:12,Tuesday,6,N,21,Purv Marg: Tansport Chowk  ↔ Tribune Chowk,A_to_B,2620,321,411,0.781,OK,
2026-07-28 06:30:12,2026-07-28,06:30:12,Tuesday,6,N,21,Purv Marg: Tansport Chowk  ↔ Tribune Chowk,B_to_A,2611,333,436,0.764,OK,
2026-07-28 06:30:12,2026-07-28,06:30:12,Tuesday,6,N,22,Chandi Path: Sabzi Mandi Chowk  ↔ GMCH 32,A_to_B,2939,295,414,0.713,OK,
2026-07-28 06:30:13,2026-07-28,06:30:13,Tuesday,6,N,22,Chandi Path: Sabzi Mandi Chowk  ↔ GMCH 32,B_to_A,2756,294,361,0.814,OK,
2026-07-28 06:30:13,2026-07-28,06:30:13,Tuesday,6,N,23,Udyan Path: Secretariat Chowk  ↔ Furniture Chowk,A_to_B,7398,674,883,0.763,OK,
2026-07-28 06:30:13,2026-07-28,06:30:13,Tuesday,6,N,23,Udyan Path: Secretariat Chowk  ↔ Furniture Chowk,B_to_A,7219,667,830,0.804,OK,
2026-07-28 06:30:13,2026-07-28,06:30:13,Tuesday,6,N,24,Madhya Marg: Sector 17 ↔ Railway Station,A_to_B,7206,749,945,0.793,OK,
2026-07-28 06:30:14,2026-07-28,06:30:14,Tuesday,6,N,24,Madhya Marg: Sector 17 ↔ Railway Station,B_to_A,6568,787,1029,0.765,OK,
2026-07-28 06:30:14,2026-07-28,06:30:14,Tuesday,6,N,25,Paschim Marg: Sector 25 ↔ Sector 56,A_to_B,4090,438,535,0.819,OK,
2026-07-28 06:30:14,2026-07-28,06:30:14,Tuesday,6,N,25,Paschim Marg: Sector 25 ↔ Sector 56,B_to_A,3940,396,493,0.803,OK,
2026-07-28 07:00:02,2026-07-28,07:00:02,Tuesday,7,N,1,Madhya Marg: PGI Chowk ↔ Housing Board lights,A_to_B,11756,1165,1347,0.865,OK,
2026-07-28 07:00:02,2026-07-28,07:00:02,Tuesday,7,N,1,Madhya Marg: PGI Chowk ↔ Housing Board lights,B_to_A,8853,1073,1223,0.877,OK,
2026-07-28 07:00:02,2026-07-28,07:00:02,Tuesday,7,N,2,Udyog Path: PU Chowk ↔ Elante Mall,A_to_B,7173,756,1033,0.732,OK,
2026-07-28 07:00:03,2026-07-28,07:00:03,Tuesday,7,N,2,Udyog Path: PU Chowk ↔ Elante Mall,B_to_A,8051,776,1091,0.711,OK,
2026-07-28 07:00:03,2026-07-28,07:00:03,Tuesday,7,N,3,Dakshin Marg: Daddu Majra ↔ Hallo Majra Lights,A_to_B,8610,1050,1261,0.833,OK,
2026-07-28 07:00:03,2026-07-28,07:00:03,Tuesday,7,N,3,Dakshin Marg: Daddu Majra ↔ Hallo Majra Lights,B_to_A,9077,1133,1438,0.788,OK,
2026-07-28 07:00:04,2026-07-28,07:00:04,Tuesday,7,N,4,Shanti Path: Sector 38W ↔ Sector 31 Lights,A_to_B,7418,746,881,0.847,OK,
2026-07-28 07:00:04,2026-07-28,07:00:04,Tuesday,7,N,4,Shanti Path: Sector 38W ↔ Sector 31 Lights,B_to_A,7590,815,937,0.87,OK,
2026-07-28 07:00:04,2026-07-28,07:00:04,Tuesday,7,N,5,NH 5: Grain Market ↔ Sector 47 Chowk,A_to_B,7596,777,930,0.835,OK,
2026-07-28 07:00:04,2026-07-28,07:00:04,Tuesday,7,N,5,NH 5: Grain Market ↔ Sector 47 Chowk,B_to_A,7551,812,972,0.835,OK,
2026-07-28 07:00:05,2026-07-28,07:00:05,Tuesday,7,N,6,Vigyan Path: PEC Chowk ↔ Golf Club,A_to_B,4491,402,472,0.852,OK,
2026-07-28 07:00:05,2026-07-28,07:00:05,Tuesday,7,N,6,Vigyan Path: PEC Chowk ↔ Golf Club,B_to_A,4518,446,525,0.85,OK,
2026-07-28 07:00:05,2026-07-28,07:00:05,Tuesday,7,N,7,Uttar Marg: Sector 2 Chowk ↔ Sukhna Lake,A_to_B,2481,232,274,0.847,OK,
2026-07-28 07:00:05,2026-07-28,07:00:05,Tuesday,7,N,7,Uttar Marg: Sector 2 Chowk ↔ Sukhna Lake,B_to_A,3144,365,423,0.863,OK,
2026-07-28 07:00:06,2026-07-28,07:00:06,Tuesday,7,N,8,Madhya Marg: Khudda Lahora ↔ Matka Chowk,A_to_B,4208,540,600,0.9,OK,
2026-07-28 07:00:06,2026-07-28,07:00:06,Tuesday,7,N,8,Madhya Marg: Khudda Lahora ↔ Matka Chowk,B_to_A,3931,456,529,0.862,OK,
2026-07-28 07:00:06,2026-07-28,07:00:06,Tuesday,7,N,9,Madhya Marg: GMSH 16 ↔ Kalagram,A_to_B,5231,590,744,0.793,OK,
2026-07-28 07:00:06,2026-07-28,07:00:06,Tuesday,7,N,9,Madhya Marg: GMSH 16 ↔ Kalagram,B_to_A,5517,626,772,0.811,OK,
2026-07-28 07:00:07,2026-07-28,07:00:07,Tuesday,7,N,10,Udyog Path: Dhanas ↔ ISBT Sector 17,A_to_B,4785,591,737,0.802,OK,
2026-07-28 07:00:07,2026-07-28,07:00:07,Tuesday,7,N,10,Udyog Path: Dhanas ↔ ISBT Sector 17,B_to_A,5507,698,919,0.76,OK,
2026-07-28 07:00:07,2026-07-28,07:00:07,Tuesday,7,N,11,Udyog Path: ISBT Sector 17 ↔ Elante Mall,A_to_B,3274,258,383,0.674,OK,
2026-07-28 07:00:08,2026-07-28,07:00:08,Tuesday,7,N,11,Udyog Path: ISBT Sector 17 ↔ Elante Mall,B_to_A,3428,345,451,0.765,OK,
2026-07-28 07:00:08,2026-07-28,07:00:08,Tuesday,7,N,12,Dakshin Marg: DLF Mullanpur ↔ Kisan Bhawan Chowk,A_to_B,6720,735,894,0.822,OK,
2026-07-28 07:00:08,2026-07-28,07:00:08,Tuesday,7,N,12,Dakshin Marg: DLF Mullanpur ↔ Kisan Bhawan Chowk,B_to_A,7109,736,950,0.775,OK,
2026-07-28 07:00:08,2026-07-28,07:00:08,Tuesday,7,N,13,Dakshin Marg: Kisan Bhawan Chowk ↔ Airport Chowk,A_to_B,7722,902,1090,0.828,OK,
2026-07-28 07:00:09,2026-07-28,07:00:09,Tuesday,7,N,13,Dakshin Marg: Kisan Bhawan Chowk ↔ Airport Chowk,B_to_A,7967,882,1138,0.775,OK,
2026-07-28 07:00:09,2026-07-28,07:00:09,Tuesday,7,N,14,NH 5: Max Hospital ↔ ISBT Sector 43,A_to_B,4206,382,503,0.759,OK,
2026-07-28 07:00:09,2026-07-28,07:00:09,Tuesday,7,N,14,NH 5: Max Hospital ↔ ISBT Sector 43,B_to_A,5445,525,667,0.787,OK,
2026-07-28 07:00:09,2026-07-28,07:00:09,Tuesday,7,N,15,Sukhna Path: Golf Club ↔ Cycle Chowk,A_to_B,9001,896,1154,0.776,OK,
2026-07-28 07:00:10,2026-07-28,07:00:10,Tuesday,7,N,15,Sukhna Path: Golf Club ↔ Cycle Chowk,B_to_A,7321,907,1080,0.84,OK,
2026-07-28 07:00:10,2026-07-28,07:00:10,Tuesday,7,N,16,Sarovar Path: Sukhna Lake ↔ Burail Jail,A_to_B,7816,821,1066,0.77,OK,
2026-07-28 07:00:10,2026-07-28,07:00:10,Tuesday,7,N,16,Sarovar Path: Sukhna Lake ↔ Burail Jail,B_to_A,7928,876,1084,0.808,OK,
2026-07-28 07:00:10,2026-07-28,07:00:10,Tuesday,7,N,17,Himalaya Marg: Rock Garden ↔ ISBT 43,A_to_B,8803,872,1097,0.795,OK,
2026-07-28 07:00:11,2026-07-28,07:00:11,Tuesday,7,N,17,Himalaya Marg: Rock Garden ↔ ISBT 43,B_to_A,8928,913,1121,0.814,OK,
2026-07-28 07:00:11,2026-07-28,07:00:11,Tuesday,7,N,18,Jan Marg: High Court ↔ ISBT 17,A_to_B,3334,288,390,0.738,OK,
2026-07-28 07:00:11,2026-07-28,07:00:11,Tuesday,7,N,18,Jan Marg: High Court ↔ ISBT 17,B_to_A,3132,275,337,0.816,OK,
2026-07-28 07:00:11,2026-07-28,07:00:11,Tuesday,7,N,19,Jan Marg: ISBT 17 ↔ ISBT 43,A_to_B,4115,459,568,0.808,OK,
2026-07-28 07:00:12,2026-07-28,07:00:12,Tuesday,7,N,19,Jan Marg: ISBT 17 ↔ ISBT 43,B_to_A,4233,455,579,0.786,OK,
2026-07-28 07:00:12,2026-07-28,07:00:12,Tuesday,7,N,20,Vidya Path: PGI Chowk ↔ Fountain Chowk,A_to_B,5475,589,714,0.825,OK,
2026-07-28 07:00:12,2026-07-28,07:00:12,Tuesday,7,N,20,Vidya Path: PGI Chowk ↔ Fountain Chowk,B_to_A,5474,617,716,0.862,OK,
2026-07-28 07:00:13,2026-07-28,07:00:13,Tuesday,7,N,21,Purv Marg: Tansport Chowk  ↔ Tribune Chowk,A_to_B,2620,336,411,0.818,OK,
2026-07-28 07:00:13,2026-07-28,07:00:13,Tuesday,7,N,21,Purv Marg: Tansport Chowk  ↔ Tribune Chowk,B_to_A,2611,347,436,0.796,OK,
2026-07-28 07:00:13,2026-07-28,07:00:13,Tuesday,7,N,22,Chandi Path: Sabzi Mandi Chowk  ↔ GMCH 32,A_to_B,2939,338,414,0.816,OK,
2026-07-28 07:00:13,2026-07-28,07:00:13,Tuesday,7,N,22,Chandi Path: Sabzi Mandi Chowk  ↔ GMCH 32,B_to_A,2756,313,361,0.867,OK,
2026-07-28 07:00:14,2026-07-28,07:00:14,Tuesday,7,N,23,Udyan Path: Secretariat Chowk  ↔ Furniture Chowk,A_to_B,7398,735,883,0.832,OK,
2026-07-28 07:00:14,2026-07-28,07:00:14,Tuesday,7,N,23,Udyan Path: Secretariat Chowk  ↔ Furniture Chowk,B_to_A,7219,721,830,0.869,OK,
2026-07-28 07:00:14,2026-07-28,07:00:14,Tuesday,7,N,24,Madhya Marg: Sector 17 ↔ Railway Station,A_to_B,7206,775,945,0.82,OK,
2026-07-28 07:00:14,2026-07-28,07:00:14,Tuesday,7,N,24,Madhya Marg: Sector 17 ↔ Railway Station,B_to_A,6568,788,1029,0.766,OK,
2026-07-28 07:00:15,2026-07-28,07:00:15,Tuesday,7,N,25,Paschim Marg: Sector 25 ↔ Sector 56,A_to_B,4090,462,535,0.864,OK,
2026-07-28 07:00:15,2026-07-28,07:00:15,Tuesday,7,N,25,Paschim Marg: Sector 25 ↔ Sector 56,B_to_A,3940,435,493,0.882,OK,
2026-07-28 07:30:01,2026-07-28,07:30:01,Tuesday,7,N,1,Madhya Marg: PGI Chowk ↔ Housing Board lights,A_to_B,11756,1214,1347,0.901,OK,
2026-07-28 07:30:02,2026-07-28,07:30:02,Tuesday,7,N,1,Madhya Marg: PGI Chowk ↔ Housing Board lights,B_to_A,10872,1231,1360,0.905,OK,
2026-07-28 07:30:02,2026-07-28,07:30:02,Tuesday,7,N,2,Udyog Path: PU Chowk ↔ Elante Mall,A_to_B,7173,891,1033,0.863,OK,
2026-07-28 07:30:02,2026-07-28,07:30:02,Tuesday,7,N,2,Udyog Path: PU Chowk ↔ Elante Mall,B_to_A,8051,861,1091,0.789,OK,
2026-07-28 07:30:02,2026-07-28,07:30:02,Tuesday,7,N,3,Dakshin Marg: Daddu Majra ↔ Hallo Majra Lights,A_to_B,8610,1198,1261,0.95,OK,
2026-07-28 07:30:03,2026-07-28,07:30:03,Tuesday,7,N,3,Dakshin Marg: Daddu Majra ↔ Hallo Majra Lights,B_to_A,9042,1302,1445,0.901,OK,
2026-07-28 07:30:03,2026-07-28,07:30:03,Tuesday,7,N,4,Shanti Path: Sector 38W ↔ Sector 31 Lights,A_to_B,7418,875,881,0.993,OK,
2026-07-28 07:30:03,2026-07-28,07:30:03,Tuesday,7,N,4,Shanti Path: Sector 38W ↔ Sector 31 Lights,B_to_A,7590,901,937,0.962,OK,
2026-07-28 07:30:04,2026-07-28,07:30:04,Tuesday,7,N,5,NH 5: Grain Market ↔ Sector 47 Chowk,A_to_B,7596,883,930,0.949,OK,
2026-07-28 07:30:04,2026-07-28,07:30:04,Tuesday,7,N,5,NH 5: Grain Market ↔ Sector 47 Chowk,B_to_A,7551,893,972,0.919,OK,
2026-07-28 07:30:04,2026-07-28,07:30:04,Tuesday,7,N,6,Vigyan Path: PEC Chowk ↔ Golf Club,A_to_B,4491,417,472,0.883,OK,
2026-07-28 07:30:04,2026-07-28,07:30:04,Tuesday,7,N,6,Vigyan Path: PEC Chowk ↔ Golf Club,B_to_A,4518,465,525,0.886,OK,
2026-07-28 07:30:05,2026-07-28,07:30:05,Tuesday,7,N,7,Uttar Marg: Sector 2 Chowk ↔ Sukhna Lake,A_to_B,2481,232,274,0.847,OK,
2026-07-28 07:30:05,2026-07-28,07:30:05,Tuesday,7,N,7,Uttar Marg: Sector 2 Chowk ↔ Sukhna Lake,B_to_A,3144,362,423,0.856,OK,
2026-07-28 07:30:05,2026-07-28,07:30:05,Tuesday,7,N,8,Madhya Marg: Khudda Lahora ↔ Matka Chowk,A_to_B,4208,590,600,0.983,OK,
2026-07-28 07:30:05,2026-07-28,07:30:05,Tuesday,7,N,8,Madhya Marg: Khudda Lahora ↔ Matka Chowk,B_to_A,3931,473,529,0.894,OK,
2026-07-28 07:30:06,2026-07-28,07:30:06,Tuesday,7,N,9,Madhya Marg: GMSH 16 ↔ Kalagram,A_to_B,5231,630,744,0.847,OK,
2026-07-28 07:30:06,2026-07-28,07:30:06,Tuesday,7,N,9,Madhya Marg: GMSH 16 ↔ Kalagram,B_to_A,7158,712,822,0.866,OK,
2026-07-28 07:30:06,2026-07-28,07:30:06,Tuesday,7,N,10,Udyog Path: Dhanas ↔ ISBT Sector 17,A_to_B,4785,724,737,0.982,OK,
2026-07-28 07:30:07,2026-07-28,07:30:07,Tuesday,7,N,10,Udyog Path: Dhanas ↔ ISBT Sector 17,B_to_A,5507,792,919,0.862,OK,
2026-07-28 07:30:07,2026-07-28,07:30:07,Tuesday,7,N,11,Udyog Path: ISBT Sector 17 ↔ Elante Mall,A_to_B,3274,283,383,0.739,OK,
2026-07-28 07:30:07,2026-07-28,07:30:07,Tuesday,7,N,11,Udyog Path: ISBT Sector 17 ↔ Elante Mall,B_to_A,3428,378,451,0.838,OK,
2026-07-28 07:30:07,2026-07-28,07:30:07,Tuesday,7,N,12,Dakshin Marg: DLF Mullanpur ↔ Kisan Bhawan Chowk,A_to_B,6720,812,894,0.908,OK,
2026-07-28 07:30:08,2026-07-28,07:30:08,Tuesday,7,N,12,Dakshin Marg: DLF Mullanpur ↔ Kisan Bhawan Chowk,B_to_A,7109,807,950,0.849,OK,
2026-07-28 07:30:08,2026-07-28,07:30:08,Tuesday,7,N,13,Dakshin Marg: Kisan Bhawan Chowk ↔ Airport Chowk,A_to_B,7722,1022,1090,0.938,OK,
2026-07-28 07:30:08,2026-07-28,07:30:08,Tuesday,7,N,13,Dakshin Marg: Kisan Bhawan Chowk ↔ Airport Chowk,B_to_A,7931,1039,1144,0.908,OK,
2026-07-28 07:30:08,2026-07-28,07:30:08,Tuesday,7,N,14,NH 5: Max Hospital ↔ ISBT Sector 43,A_to_B,4206,464,503,0.922,OK,
2026-07-28 07:30:09,2026-07-28,07:30:09,Tuesday,7,N,14,NH 5: Max Hospital ↔ ISBT Sector 43,B_to_A,5445,582,667,0.873,OK,
2026-07-28 07:30:09,2026-07-28,07:30:09,Tuesday,7,N,15,Sukhna Path: Golf Club ↔ Cycle Chowk,A_to_B,9001,976,1154,0.846,OK,
2026-07-28 07:30:09,2026-07-28,07:30:09,Tuesday,7,N,15,Sukhna Path: Golf Club ↔ Cycle Chowk,B_to_A,7321,1010,1080,0.935,OK,
2026-07-28 07:30:09,2026-07-28,07:30:09,Tuesday,7,N,16,Sarovar Path: Sukhna Lake ↔ Burail Jail,A_to_B,7816,922,1066,0.865,OK,
2026-07-28 07:30:10,2026-07-28,07:30:10,Tuesday,7,N,16,Sarovar Path: Sukhna Lake ↔ Burail Jail,B_to_A,7928,988,1084,0.911,OK,
2026-07-28 07:30:10,2026-07-28,07:30:10,Tuesday,7,N,17,Himalaya Marg: Rock Garden ↔ ISBT 43,A_to_B,8803,955,1097,0.871,OK,
2026-07-28 07:30:10,2026-07-28,07:30:10,Tuesday,7,N,17,Himalaya Marg: Rock Garden ↔ ISBT 43,B_to_A,7142,930,1168,0.796,OK,
2026-07-28 07:30:11,2026-07-28,07:30:11,Tuesday,7,N,18,Jan Marg: High Court ↔ ISBT 17,A_to_B,3334,319,390,0.818,OK,
2026-07-28 07:30:11,2026-07-28,07:30:11,Tuesday,7,N,18,Jan Marg: High Court ↔ ISBT 17,B_to_A,3132,284,337,0.843,OK,
2026-07-28 07:30:11,2026-07-28,07:30:11,Tuesday,7,N,19,Jan Marg: ISBT 17 ↔ ISBT 43,A_to_B,4115,502,568,0.884,OK,
2026-07-28 07:30:11,2026-07-28,07:30:11,Tuesday,7,N,19,Jan Marg: ISBT 17 ↔ ISBT 43,B_to_A,4233,518,579,0.895,OK,
2026-07-28 07:30:12,2026-07-28,07:30:12,Tuesday,7,N,20,Vidya Path: PGI Chowk ↔ Fountain Chowk,A_to_B,5475,630,714,0.882,OK,
2026-07-28 07:30:12,2026-07-28,07:30:12,Tuesday,7,N,20,Vidya Path: PGI Chowk ↔ Fountain Chowk,B_to_A,5474,674,716,0.941,OK,
2026-07-28 07:30:12,2026-07-28,07:30:12,Tuesday,7,N,21,Purv Marg: Tansport Chowk  ↔ Tribune Chowk,A_to_B,2620,352,411,0.856,OK,
2026-07-28 07:30:12,2026-07-28,07:30:12,Tuesday,7,N,21,Purv Marg: Tansport Chowk  ↔ Tribune Chowk,B_to_A,2611,368,436,0.844,OK,
2026-07-28 07:30:13,2026-07-28,07:30:13,Tuesday,7,N,22,Chandi Path: Sabzi Mandi Chowk  ↔ GMCH 32,A_to_B,2939,379,414,0.915,OK,
2026-07-28 07:30:13,2026-07-28,07:30:13,Tuesday,7,N,22,Chandi Path: Sabzi Mandi Chowk  ↔ GMCH 32,B_to_A,2756,351,361,0.972,OK,
2026-07-28 07:30:13,2026-07-28,07:30:13,Tuesday,7,N,23,Udyan Path: Secretariat Chowk  ↔ Furniture Chowk,A_to_B,7398,870,883,0.985,OK,
2026-07-28 07:30:13,2026-07-28,07:30:13,Tuesday,7,N,23,Udyan Path: Secretariat Chowk  ↔ Furniture Chowk,B_to_A,7219,880,830,1.06,OK,
2026-07-28 07:30:14,2026-07-28,07:30:14,Tuesday,7,N,24,Madhya Marg: Sector 17 ↔ Railway Station,A_to_B,7697,877,1044,0.84,OK,
2026-07-28 07:30:14,2026-07-28,07:30:14,Tuesday,7,N,24,Madhya Marg: Sector 17 ↔ Railway Station,B_to_A,6568,820,1029,0.797,OK,
2026-07-28 07:30:14,2026-07-28,07:30:14,Tuesday,7,N,25,Paschim Marg: Sector 25 ↔ Sector 56,A_to_B,4090,472,535,0.882,OK,
2026-07-28 07:30:15,2026-07-28,07:30:15,Tuesday,7,N,25,Paschim Marg: Sector 25 ↔ Sector 56,B_to_A,3940,474,493,0.961,OK,
2026-07-28 08:00:01,2026-07-28,08:00:01,Tuesday,8,N,1,Madhya Marg: PGI Chowk ↔ Housing Board lights,A_to_B,11756,1359,1347,1.009,OK,
2026-07-28 08:00:01,2026-07-28,08:00:01,Tuesday,8,N,1,Madhya Marg: PGI Chowk ↔ Housing Board lights,B_to_A,8876,1266,1286,0.984,OK,
2026-07-28 08:00:02,2026-07-28,08:00:02,Tuesday,8,N,2,Udyog Path: PU Chowk ↔ Elante Mall,A_to_B,7190,981,1066,0.92,OK,
2026-07-28 08:00:02,2026-07-28,08:00:02,Tuesday,8,N,2,Udyog Path: PU Chowk ↔ Elante Mall,B_to_A,8051,1016,1091,0.931,OK,
2026-07-28 08:00:02,2026-07-28,08:00:02,Tuesday,8,N,3,Dakshin Marg: Daddu Majra ↔ Hallo Majra Lights,A_to_B,8610,1356,1261,1.075,OK,
2026-07-28 08:00:03,2026-07-28,08:00:03,Tuesday,8,N,3,Dakshin Marg: Daddu Majra ↔ Hallo Majra Lights,B_to_A,9042,1589,1445,1.1,OK,
2026-07-28 08:00:03,2026-07-28,08:00:03,Tuesday,8,N,4,Shanti Path: Sector 38W ↔ Sector 31 Lights,A_to_B,7418,1031,881,1.17,OK,
2026-07-28 08:00:03,2026-07-28,08:00:03,Tuesday,8,N,4,Shanti Path: Sector 38W ↔ Sector 31 Lights,B_to_A,7590,1122,937,1.197,OK,
2026-07-28 08:00:03,2026-07-28,08:00:03,Tuesday,8,N,5,NH 5: Grain Market ↔ Sector 47 Chowk,A_to_B,7596,905,930,0.973,OK,
2026-07-28 08:00:04,2026-07-28,08:00:04,Tuesday,8,N,5,NH 5: Grain Market ↔ Sector 47 Chowk,B_to_A,7551,892,972,0.918,OK,
2026-07-28 08:00:04,2026-07-28,08:00:04,Tuesday,8,N,6,Vigyan Path: PEC Chowk ↔ Golf Club,A_to_B,4491,440,472,0.932,OK,
2026-07-28 08:00:04,2026-07-28,08:00:04,Tuesday,8,N,6,Vigyan Path: PEC Chowk ↔ Golf Club,B_to_A,4518,502,525,0.956,OK,
2026-07-28 08:00:04,2026-07-28,08:00:04,Tuesday,8,N,7,Uttar Marg: Sector 2 Chowk ↔ Sukhna Lake,A_to_B,2481,231,274,0.843,OK,
2026-07-28 08:00:05,2026-07-28,08:00:05,Tuesday,8,N,7,Uttar Marg: Sector 2 Chowk ↔ Sukhna Lake,B_to_A,3144,365,423,0.863,OK,
2026-07-28 08:00:05,2026-07-28,08:00:05,Tuesday,8,N,8,Madhya Marg: Khudda Lahora ↔ Matka Chowk,A_to_B,4208,872,600,1.453,OK,
2026-07-28 08:00:05,2026-07-28,08:00:05,Tuesday,8,N,8,Madhya Marg: Khudda Lahora ↔ Matka Chowk,B_to_A,3931,558,529,1.055,OK,
2026-07-28 08:00:06,2026-07-28,08:00:06,Tuesday,8,N,9,Madhya Marg: GMSH 16 ↔ Kalagram,A_to_B,5231,678,744,0.911,OK,
2026-07-28 08:00:06,2026-07-28,08:00:06,Tuesday,8,N,9,Madhya Marg: GMSH 16 ↔ Kalagram,B_to_A,7158,786,822,0.956,OK,
2026-07-28 08:00:06,2026-07-28,08:00:06,Tuesday,8,N,10,Udyog Path: Dhanas ↔ ISBT Sector 17,A_to_B,4785,942,737,1.278,OK,
2026-07-28 08:00:06,2026-07-28,08:00:06,Tuesday,8,N,10,Udyog Path: Dhanas ↔ ISBT Sector 17,B_to_A,5507,1026,919,1.116,OK,
2026-07-28 08:00:07,2026-07-28,08:00:07,Tuesday,8,N,11,Udyog Path: ISBT Sector 17 ↔ Elante Mall,A_to_B,3274,342,383,0.893,OK,
2026-07-28 08:00:07,2026-07-28,08:00:07,Tuesday,8,N,11,Udyog Path: ISBT Sector 17 ↔ Elante Mall,B_to_A,3428,458,451,1.016,OK,
2026-07-28 08:00:07,2026-07-28,08:00:07,Tuesday,8,N,12,Dakshin Marg: DLF Mullanpur ↔ Kisan Bhawan Chowk,A_to_B,6720,976,894,1.092,OK,
2026-07-28 08:00:07,2026-07-28,08:00:07,Tuesday,8,N,12,Dakshin Marg: DLF Mullanpur ↔ Kisan Bhawan Chowk,B_to_A,7109,871,950,0.917,OK,
2026-07-28 08:00:08,2026-07-28,08:00:08,Tuesday,8,N,13,Dakshin Marg: Kisan Bhawan Chowk ↔ Airport Chowk,A_to_B,7722,1154,1090,1.059,OK,
2026-07-28 08:00:08,2026-07-28,08:00:08,Tuesday,8,N,13,Dakshin Marg: Kisan Bhawan Chowk ↔ Airport Chowk,B_to_A,7931,1265,1144,1.106,OK,
2026-07-28 08:00:08,2026-07-28,08:00:08,Tuesday,8,N,14,NH 5: Max Hospital ↔ ISBT Sector 43,A_to_B,4206,482,503,0.958,OK,
2026-07-28 08:00:08,2026-07-28,08:00:08,Tuesday,8,N,14,NH 5: Max Hospital ↔ ISBT Sector 43,B_to_A,5445,600,667,0.9,OK,
2026-07-28 08:00:09,2026-07-28,08:00:09,Tuesday,8,N,15,Sukhna Path: Golf Club ↔ Cycle Chowk,A_to_B,9030,1094,1147,0.954,OK,
2026-07-28 08:00:09,2026-07-28,08:00:09,Tuesday,8,N,15,Sukhna Path: Golf Club ↔ Cycle Chowk,B_to_A,7321,1079,1080,0.999,OK,
2026-07-28 08:00:09,2026-07-28,08:00:09,Tuesday,8,N,16,Sarovar Path: Sukhna Lake ↔ Burail Jail,A_to_B,7816,1075,1066,1.008,OK,
2026-07-28 08:00:09,2026-07-28,08:00:09,Tuesday,8,N,16,Sarovar Path: Sukhna Lake ↔ Burail Jail,B_to_A,7928,1126,1084,1.039,OK,
2026-07-28 08:00:10,2026-07-28,08:00:10,Tuesday,8,N,17,Himalaya Marg: Rock Garden ↔ ISBT 43,A_to_B,8803,984,1097,0.897,OK,
2026-07-28 08:00:10,2026-07-28,08:00:10,Tuesday,8,N,17,Himalaya Marg: Rock Garden ↔ ISBT 43,B_to_A,8976,1041,1138,0.915,OK,
2026-07-28 08:00:10,2026-07-28,08:00:10,Tuesday,8,N,18,Jan Marg: High Court ↔ ISBT 17,A_to_B,3334,332,390,0.851,OK,
2026-07-28 08:00:11,2026-07-28,08:00:11,Tuesday,8,N,18,Jan Marg: High Court ↔ ISBT 17,B_to_A,3132,298,337,0.884,OK,
2026-07-28 08:00:11,2026-07-28,08:00:11,Tuesday,8,N,19,Jan Marg: ISBT 17 ↔ ISBT 43,A_to_B,4115,531,568,0.935,OK,
2026-07-28 08:00:11,2026-07-28,08:00:11,Tuesday,8,N,19,Jan Marg: ISBT 17 ↔ ISBT 43,B_to_A,4233,543,579,0.938,OK,
2026-07-28 08:00:11,2026-07-28,08:00:11,Tuesday,8,N,20,Vidya Path: PGI Chowk ↔ Fountain Chowk,A_to_B,5475,808,714,1.132,OK,
2026-07-28 08:00:12,2026-07-28,08:00:12,Tuesday,8,N,20,Vidya Path: PGI Chowk ↔ Fountain Chowk,B_to_A,6835,872,835,1.044,OK,
2026-07-28 08:00:12,2026-07-28,08:00:12,Tuesday,8,N,21,Purv Marg: Tansport Chowk  ↔ Tribune Chowk,A_to_B,2620,413,411,1.005,OK,
2026-07-28 08:00:12,2026-07-28,08:00:12,Tuesday,8,N,21,Purv Marg: Tansport Chowk  ↔ Tribune Chowk,B_to_A,2611,435,436,0.998,OK,
2026-07-28 08:00:12,2026-07-28,08:00:12,Tuesday,8,N,22,Chandi Path: Sabzi Mandi Chowk  ↔ GMCH 32,A_to_B,2939,404,414,0.976,OK,
2026-07-28 08:00:13,2026-07-28,08:00:13,Tuesday,8,N,22,Chandi Path: Sabzi Mandi Chowk  ↔ GMCH 32,B_to_A,2756,371,361,1.028,OK,
2026-07-28 08:00:13,2026-07-28,08:00:13,Tuesday,8,N,23,Udyan Path: Secretariat Chowk  ↔ Furniture Chowk,A_to_B,7398,906,883,1.026,OK,
2026-07-28 08:00:13,2026-07-28,08:00:13,Tuesday,8,N,23,Udyan Path: Secretariat Chowk  ↔ Furniture Chowk,B_to_A,7219,846,830,1.019,OK,
2026-07-28 08:00:13,2026-07-28,08:00:13,Tuesday,8,N,24,Madhya Marg: Sector 17 ↔ Railway Station,A_to_B,7229,938,1008,0.931,OK,
2026-07-28 08:00:14,2026-07-28,08:00:14,Tuesday,8,N,24,Madhya Marg: Sector 17 ↔ Railway Station,B_to_A,6568,843,1029,0.819,OK,
2026-07-28 08:00:14,2026-07-28,08:00:14,Tuesday,8,N,25,Paschim Marg: Sector 25 ↔ Sector 56,A_to_B,4090,496,535,0.927,OK,
2026-07-28 08:00:14,2026-07-28,08:00:14,Tuesday,8,N,25,Paschim Marg: Sector 25 ↔ Sector 56,B_to_A,3940,533,493,1.081,OK,
2026-07-28 08:30:02,2026-07-28,08:30:02,Tuesday,8,N,1,Madhya Marg: PGI Chowk ↔ Housing Board lights,A_to_B,11756,1415,1347,1.05,OK,
2026-07-28 08:30:02,2026-07-28,08:30:02,Tuesday,8,N,1,Madhya Marg: PGI Chowk ↔ Housing Board lights,B_to_A,8853,1405,1223,1.149,OK,
2026-07-28 08:30:02,2026-07-28,08:30:02,Tuesday,8,N,2,Udyog Path: PU Chowk ↔ Elante Mall,A_to_B,7214,965,1080,0.894,OK,
2026-07-28 08:30:02,2026-07-28,08:30:02,Tuesday,8,N,2,Udyog Path: PU Chowk ↔ Elante Mall,B_to_A,8050,1087,1091,0.996,OK,
2026-07-28 08:30:03,2026-07-28,08:30:03,Tuesday,8,N,3,Dakshin Marg: Daddu Majra ↔ Hallo Majra Lights,A_to_B,8621,1453,1277,1.138,OK,
2026-07-28 08:30:03,2026-07-28,08:30:03,Tuesday,8,N,3,Dakshin Marg: Daddu Majra ↔ Hallo Majra Lights,B_to_A,9083,1602,1481,1.082,OK,
2026-07-28 08:30:03,2026-07-28,08:30:03,Tuesday,8,N,4,Shanti Path: Sector 38W ↔ Sector 31 Lights,A_to_B,7418,1051,881,1.193,OK,
2026-07-28 08:30:04,2026-07-28,08:30:04,Tuesday,8,N,4,Shanti Path: Sector 38W ↔ Sector 31 Lights,B_to_A,7590,1076,937,1.148,OK,
2026-07-28 08:30:04,2026-07-28,08:30:04,Tuesday,8,N,5,NH 5: Grain Market ↔ Sector 47 Chowk,A_to_B,7596,946,930,1.017,OK,
2026-07-28 08:30:04,2026-07-28,08:30:04,Tuesday,8,N,5,NH 5: Grain Market ↔ Sector 47 Chowk,B_to_A,7551,943,972,0.97,OK,
2026-07-28 08:30:04,2026-07-28,08:30:04,Tuesday,8,N,6,Vigyan Path: PEC Chowk ↔ Golf Club,A_to_B,4491,473,472,1.002,OK,
2026-07-28 08:30:05,2026-07-28,08:30:05,Tuesday,8,N,6,Vigyan Path: PEC Chowk ↔ Golf Club,B_to_A,4518,557,525,1.061,OK,
2026-07-28 08:30:05,2026-07-28,08:30:05,Tuesday,8,N,7,Uttar Marg: Sector 2 Chowk ↔ Sukhna Lake,A_to_B,2481,242,274,0.883,OK,
2026-07-28 08:30:05,2026-07-28,08:30:05,Tuesday,8,N,7,Uttar Marg: Sector 2 Chowk ↔ Sukhna Lake,B_to_A,3144,382,423,0.903,OK,
2026-07-28 08:30:05,2026-07-28,08:30:05,Tuesday,8,N,8,Madhya Marg: Khudda Lahora ↔ Matka Chowk,A_to_B,4208,1051,600,1.752,OK,
2026-07-28 08:30:06,2026-07-28,08:30:06,Tuesday,8,N,8,Madhya Marg: Khudda Lahora ↔ Matka Chowk,B_to_A,3931,554,529,1.047,OK,
2026-07-28 08:30:06,2026-07-28,08:30:06,Tuesday,8,N,9,Madhya Marg: GMSH 16 ↔ Kalagram,A_to_B,5231,739,744,0.993,OK,
2026-07-28 08:30:06,2026-07-28,08:30:06,Tuesday,8,N,9,Madhya Marg: GMSH 16 ↔ Kalagram,B_to_A,7158,843,822,1.026,OK,
2026-07-28 08:30:06,2026-07-28,08:30:06,Tuesday,8,N,10,Udyog Path: Dhanas ↔ ISBT Sector 17,A_to_B,4785,903,737,1.225,OK,
2026-07-28 08:30:07,2026-07-28,08:30:07,Tuesday,8,N,10,Udyog Path: Dhanas ↔ ISBT Sector 17,B_to_A,5507,949,919,1.033,OK,
2026-07-28 08:30:07,2026-07-28,08:30:07,Tuesday,8,N,11,Udyog Path: ISBT Sector 17 ↔ Elante Mall,A_to_B,3274,345,383,0.901,OK,
2026-07-28 08:30:07,2026-07-28,08:30:07,Tuesday,8,N,11,Udyog Path: ISBT Sector 17 ↔ Elante Mall,B_to_A,3428,489,451,1.084,OK,
2026-07-28 08:30:08,2026-07-28,08:30:08,Tuesday,8,N,12,Dakshin Marg: DLF Mullanpur ↔ Kisan Bhawan Chowk,A_to_B,6720,973,894,1.088,OK,
2026-07-28 08:30:08,2026-07-28,08:30:08,Tuesday,8,N,12,Dakshin Marg: DLF Mullanpur ↔ Kisan Bhawan Chowk,B_to_A,7109,1011,950,1.064,OK,
2026-07-28 08:30:08,2026-07-28,08:30:08,Tuesday,8,N,13,Dakshin Marg: Kisan Bhawan Chowk ↔ Airport Chowk,A_to_B,7722,1302,1090,1.194,OK,
2026-07-28 08:30:08,2026-07-28,08:30:08,Tuesday,8,N,13,Dakshin Marg: Kisan Bhawan Chowk ↔ Airport Chowk,B_to_A,7973,1324,1122,1.18,OK,
2026-07-28 08:30:09,2026-07-28,08:30:09,Tuesday,8,N,14,NH 5: Max Hospital ↔ ISBT Sector 43,A_to_B,4206,527,503,1.048,OK,
2026-07-28 08:30:09,2026-07-28,08:30:09,Tuesday,8,N,14,NH 5: Max Hospital ↔ ISBT Sector 43,B_to_A,5445,621,667,0.931,OK,
2026-07-28 08:30:09,2026-07-28,08:30:09,Tuesday,8,N,15,Sukhna Path: Golf Club ↔ Cycle Chowk,A_to_B,9030,1171,1147,1.021,OK,
2026-07-28 08:30:09,2026-07-28,08:30:09,Tuesday,8,N,15,Sukhna Path: Golf Club ↔ Cycle Chowk,B_to_A,7321,1085,1080,1.005,OK,
2026-07-28 08:30:10,2026-07-28,08:30:10,Tuesday,8,N,16,Sarovar Path: Sukhna Lake ↔ Burail Jail,A_to_B,7816,1092,1066,1.024,OK,
2026-07-28 08:30:10,2026-07-28,08:30:10,Tuesday,8,N,16,Sarovar Path: Sukhna Lake ↔ Burail Jail,B_to_A,7928,1140,1084,1.052,OK,
2026-07-28 08:30:10,2026-07-28,08:30:10,Tuesday,8,N,17,Himalaya Marg: Rock Garden ↔ ISBT 43,A_to_B,8803,1023,1097,0.933,OK,
2026-07-28 08:30:10,2026-07-28,08:30:10,Tuesday,8,N,17,Himalaya Marg: Rock Garden ↔ ISBT 43,B_to_A,7142,1076,1168,0.921,OK,
2026-07-28 08:30:11,2026-07-28,08:30:11,Tuesday,8,N,18,Jan Marg: High Court ↔ ISBT 17,A_to_B,3334,348,390,0.892,OK,
2026-07-28 08:30:11,2026-07-28,08:30:11,Tuesday,8,N,18,Jan Marg: High Court ↔ ISBT 17,B_to_A,3132,323,337,0.958,OK,
2026-07-28 08:30:11,2026-07-28,08:30:11,Tuesday,8,N,19,Jan Marg: ISBT 17 ↔ ISBT 43,A_to_B,4115,537,568,0.945,OK,
2026-07-28 08:30:12,2026-07-28,08:30:12,Tuesday,8,N,19,Jan Marg: ISBT 17 ↔ ISBT 43,B_to_A,4233,600,579,1.036,OK,
2026-07-28 08:30:12,2026-07-28,08:30:12,Tuesday,8,N,20,Vidya Path: PGI Chowk ↔ Fountain Chowk,A_to_B,5475,712,714,0.997,OK,
2026-07-28 08:30:12,2026-07-28,08:30:12,Tuesday,8,N,20,Vidya Path: PGI Chowk ↔ Fountain Chowk,B_to_A,6795,961,883,1.088,OK,
2026-07-28 08:30:12,2026-07-28,08:30:12,Tuesday,8,N,21,Purv Marg: Tansport Chowk  ↔ Tribune Chowk,A_to_B,2620,423,411,1.029,OK,
2026-07-28 08:30:13,2026-07-28,08:30:13,Tuesday,8,N,21,Purv Marg: Tansport Chowk  ↔ Tribune Chowk,B_to_A,2611,448,436,1.028,OK,
2026-07-28 08:30:13,2026-07-28,08:30:13,Tuesday,8,N,22,Chandi Path: Sabzi Mandi Chowk  ↔ GMCH 32,A_to_B,2939,423,414,1.022,OK,
2026-07-28 08:30:13,2026-07-28,08:30:13,Tuesday,8,N,22,Chandi Path: Sabzi Mandi Chowk  ↔ GMCH 32,B_to_A,2756,373,361,1.033,OK,
2026-07-28 08:30:13,2026-07-28,08:30:13,Tuesday,8,N,23,Udyan Path: Secretariat Chowk  ↔ Furniture Chowk,A_to_B,7398,898,883,1.017,OK,
2026-07-28 08:30:14,2026-07-28,08:30:14,Tuesday,8,N,23,Udyan Path: Secretariat Chowk  ↔ Furniture Chowk,B_to_A,7219,969,830,1.167,OK,
2026-07-28 08:30:14,2026-07-28,08:30:14,Tuesday,8,N,24,Madhya Marg: Sector 17 ↔ Railway Station,A_to_B,7206,1071,945,1.133,OK,
2026-07-28 08:30:14,2026-07-28,08:30:14,Tuesday,8,N,24,Madhya Marg: Sector 17 ↔ Railway Station,B_to_A,6568,906,1029,0.88,OK,
2026-07-28 08:30:14,2026-07-28,08:30:14,Tuesday,8,N,25,Paschim Marg: Sector 25 ↔ Sector 56,A_to_B,4090,514,535,0.961,OK,
2026-07-28 08:30:15,2026-07-28,08:30:15,Tuesday,8,N,25,Paschim Marg: Sector 25 ↔ Sector 56,B_to_A,5087,649,643,1.009,OK,
2026-07-28 09:00:01,2026-07-28,09:00:01,Tuesday,9,N,1,Madhya Marg: PGI Chowk ↔ Housing Board lights,A_to_B,11756,1650,1347,1.225,OK,
2026-07-28 09:00:01,2026-07-28,09:00:01,Tuesday,9,N,1,Madhya Marg: PGI Chowk ↔ Housing Board lights,B_to_A,10809,1878,1350,1.391,OK,
2026-07-28 09:00:02,2026-07-28,09:00:02,Tuesday,9,N,2,Udyog Path: PU Chowk ↔ Elante Mall,A_to_B,7214,1347,1080,1.247,OK,
2026-07-28 09:00:02,2026-07-28,09:00:02,Tuesday,9,N,2,Udyog Path: PU Chowk ↔ Elante Mall,B_to_A,8001,1358,1229,1.105,OK,
2026-07-28 09:00:02,2026-07-28,09:00:02,Tuesday,9,N,3,Dakshin Marg: Daddu Majra ↔ Hallo Majra Lights,A_to_B,8610,1529,1261,1.213,OK,
2026-07-28 09:00:03,2026-07-28,09:00:03,Tuesday,9,N,3,Dakshin Marg: Daddu Majra ↔ Hallo Majra Lights,B_to_A,9083,1832,1481,1.237,OK,
2026-07-28 09:00:03,2026-07-28,09:00:03,Tuesday,9,N,4,Shanti Path: Sector 38W ↔ Sector 31 Lights,A_to_B,7418,1107,881,1.257,OK,
2026-07-28 09:00:03,2026-07-28,09:00:03,Tuesday,9,N,4,Shanti Path: Sector 38W ↔ Sector 31 Lights,B_to_A,7590,1193,937,1.273,OK,
2026-07-28 09:00:04,2026-07-28,09:00:04,Tuesday,9,N,5,NH 5: Grain Market ↔ Sector 47 Chowk,A_to_B,7596,974,930,1.047,OK,
2026-07-28 09:00:04,2026-07-28,09:00:04,Tuesday,9,N,5,NH 5: Grain Market ↔ Sector 47 Chowk,B_to_A,7551,972,972,1.0,OK,
2026-07-28 09:00:04,2026-07-28,09:00:04,Tuesday,9,N,6,Vigyan Path: PEC Chowk ↔ Golf Club,A_to_B,4491,571,472,1.21,OK,
2026-07-28 09:00:04,2026-07-28,09:00:04,Tuesday,9,N,6,Vigyan Path: PEC Chowk ↔ Golf Club,B_to_A,4518,712,525,1.356,OK,
2026-07-28 09:00:05,2026-07-28,09:00:05,Tuesday,9,N,7,Uttar Marg: Sector 2 Chowk ↔ Sukhna Lake,A_to_B,2481,302,274,1.102,OK,
2026-07-28 09:00:05,2026-07-28,09:00:05,Tuesday,9,N,7,Uttar Marg: Sector 2 Chowk ↔ Sukhna Lake,B_to_A,3144,399,423,0.943,OK,
2026-07-28 09:00:05,2026-07-28,09:00:05,Tuesday,9,N,8,Madhya Marg: Khudda Lahora ↔ Matka Chowk,A_to_B,4208,1127,600,1.878,OK,
2026-07-28 09:00:05,2026-07-28,09:00:05,Tuesday,9,N,8,Madhya Marg: Khudda Lahora ↔ Matka Chowk,B_to_A,3931,805,529,1.522,OK,
2026-07-28 09:00:06,2026-07-28,09:00:06,Tuesday,9,N,9,Madhya Marg: GMSH 16 ↔ Kalagram,A_to_B,5231,924,744,1.242,OK,
2026-07-28 09:00:06,2026-07-28,09:00:06,Tuesday,9,N,9,Madhya Marg: GMSH 16 ↔ Kalagram,B_to_A,7158,1234,822,1.501,OK,
2026-07-28 09:00:06,2026-07-28,09:00:06,Tuesday,9,N,10,Udyog Path: Dhanas ↔ ISBT Sector 17,A_to_B,4785,1096,737,1.487,OK,
2026-07-28 09:00:06,2026-07-28,09:00:06,Tuesday,9,N,10,Udyog Path: Dhanas ↔ ISBT Sector 17,B_to_A,5507,1171,919,1.274,OK,
2026-07-28 09:00:07,2026-07-28,09:00:07,Tuesday,9,N,11,Udyog Path: ISBT Sector 17 ↔ Elante Mall,A_to_B,3274,382,383,0.997,OK,
2026-07-28 09:00:07,2026-07-28,09:00:07,Tuesday,9,N,11,Udyog Path: ISBT Sector 17 ↔ Elante Mall,B_to_A,3428,674,451,1.494,OK,
2026-07-28 09:00:07,2026-07-28,09:00:07,Tuesday,9,N,12,Dakshin Marg: DLF Mullanpur ↔ Kisan Bhawan Chowk,A_to_B,7370,1249,984,1.269,OK,
2026-07-28 09:00:08,2026-07-28,09:00:08,Tuesday,9,N,12,Dakshin Marg: DLF Mullanpur ↔ Kisan Bhawan Chowk,B_to_A,7109,1272,950,1.339,OK,
2026-07-28 09:00:08,2026-07-28,09:00:08,Tuesday,9,N,13,Dakshin Marg: Kisan Bhawan Chowk ↔ Airport Chowk,A_to_B,7732,1301,1106,1.176,OK,
2026-07-28 09:00:08,2026-07-28,09:00:08,Tuesday,9,N,13,Dakshin Marg: Kisan Bhawan Chowk ↔ Airport Chowk,B_to_A,7973,1933,1122,1.723,OK,
2026-07-28 09:00:08,2026-07-28,09:00:08,Tuesday,9,N,14,NH 5: Max Hospital ↔ ISBT Sector 43,A_to_B,4206,539,503,1.072,OK,
2026-07-28 09:00:09,2026-07-28,09:00:09,Tuesday,9,N,14,NH 5: Max Hospital ↔ ISBT Sector 43,B_to_A,5553,712,694,1.026,OK,
2026-07-28 09:00:09,2026-07-28,09:00:09,Tuesday,9,N,15,Sukhna Path: Golf Club ↔ Cycle Chowk,A_to_B,7421,1202,1083,1.11,OK,
2026-07-28 09:00:09,2026-07-28,09:00:09,Tuesday,9,N,15,Sukhna Path: Golf Club ↔ Cycle Chowk,B_to_A,9067,1296,1178,1.1,OK,
2026-07-28 09:00:09,2026-07-28,09:00:09,Tuesday,9,N,16,Sarovar Path: Sukhna Lake ↔ Burail Jail,A_to_B,7816,1161,1066,1.089,OK,
2026-07-28 09:00:10,2026-07-28,09:00:10,Tuesday,9,N,16,Sarovar Path: Sukhna Lake ↔ Burail Jail,B_to_A,7928,1351,1084,1.246,OK,
2026-07-28 09:00:10,2026-07-28,09:00:10,Tuesday,9,N,17,Himalaya Marg: Rock Garden ↔ ISBT 43,A_to_B,8803,1226,1097,1.118,OK,
2026-07-28 09:00:10,2026-07-28,09:00:10,Tuesday,9,N,17,Himalaya Marg: Rock Garden ↔ ISBT 43,B_to_A,7142,1285,1168,1.1,OK,
2026-07-28 09:00:11,2026-07-28,09:00:11,Tuesday,9,N,18,Jan Marg: High Court ↔ ISBT 17,A_to_B,3334,488,390,1.251,OK,
2026-07-28 09:00:11,2026-07-28,09:00:11,Tuesday,9,N,18,Jan Marg: High Court ↔ ISBT 17,B_to_A,3132,472,337,1.401,OK,
2026-07-28 09:00:11,2026-07-28,09:00:11,Tuesday,9,N,19,Jan Marg: ISBT 17 ↔ ISBT 43,A_to_B,4115,637,568,1.121,OK,
2026-07-28 09:00:11,2026-07-28,09:00:11,Tuesday,9,N,19,Jan Marg: ISBT 17 ↔ ISBT 43,B_to_A,4233,1045,579,1.805,OK,
2026-07-28 09:00:12,2026-07-28,09:00:12,Tuesday,9,N,20,Vidya Path: PGI Chowk ↔ Fountain Chowk,A_to_B,5475,792,714,1.109,OK,
2026-07-28 09:00:12,2026-07-28,09:00:12,Tuesday,9,N,20,Vidya Path: PGI Chowk ↔ Fountain Chowk,B_to_A,5474,1201,716,1.677,OK,
2026-07-28 09:00:12,2026-07-28,09:00:12,Tuesday,9,N,21,Purv Marg: Tansport Chowk  ↔ Tribune Chowk,A_to_B,2620,454,411,1.105,OK,
2026-07-28 09:00:12,2026-07-28,09:00:12,Tuesday,9,N,21,Purv Marg: Tansport Chowk  ↔ Tribune Chowk,B_to_A,2611,488,436,1.119,OK,
2026-07-28 09:00:13,2026-07-28,09:00:13,Tuesday,9,N,22,Chandi Path: Sabzi Mandi Chowk  ↔ GMCH 32,A_to_B,2939,455,414,1.099,OK,
2026-07-28 09:00:13,2026-07-28,09:00:13,Tuesday,9,N,22,Chandi Path: Sabzi Mandi Chowk  ↔ GMCH 32,B_to_A,2756,403,361,1.116,OK,
2026-07-28 09:00:13,2026-07-28,09:00:13,Tuesday,9,N,23,Udyan Path: Secretariat Chowk  ↔ Furniture Chowk,A_to_B,7398,1080,883,1.223,OK,
2026-07-28 09:00:14,2026-07-28,09:00:14,Tuesday,9,N,23,Udyan Path: Secretariat Chowk  ↔ Furniture Chowk,B_to_A,8625,1424,1014,1.404,OK,
2026-07-28 09:00:14,2026-07-28,09:00:14,Tuesday,9,N,24,Madhya Marg: Sector 17 ↔ Railway Station,A_to_B,7714,1445,1069,1.352,OK,
2026-07-28 09:00:14,2026-07-28,09:00:14,Tuesday,9,N,24,Madhya Marg: Sector 17 ↔ Railway Station,B_to_A,6568,1030,1029,1.001,OK,
2026-07-28 09:00:14,2026-07-28,09:00:14,Tuesday,9,N,25,Paschim Marg: Sector 25 ↔ Sector 56,A_to_B,4090,590,535,1.103,OK,
2026-07-28 09:00:15,2026-07-28,09:00:15,Tuesday,9,N,25,Paschim Marg: Sector 25 ↔ Sector 56,B_to_A,3940,782,493,1.586,OK,
2026-07-28 09:30:01,2026-07-28,09:30:01,Tuesday,9,N,1,Madhya Marg: PGI Chowk ↔ Housing Board lights,A_to_B,11941,2206,1434,1.538,OK,
2026-07-28 09:30:01,2026-07-28,09:30:01,Tuesday,9,N,1,Madhya Marg: PGI Chowk ↔ Housing Board lights,B_to_A,10892,2045,1417,1.443,OK,
2026-07-28 09:30:02,2026-07-28,09:30:02,Tuesday,9,N,2,Udyog Path: PU Chowk ↔ Elante Mall,A_to_B,7530,1853,1157,1.602,OK,
2026-07-28 09:30:02,2026-07-28,09:30:02,Tuesday,9,N,2,Udyog Path: PU Chowk ↔ Elante Mall,B_to_A,8257,1778,1343,1.324,OK,
2026-07-28 09:30:02,2026-07-28,09:30:02,Tuesday,9,N,3,Dakshin Marg: Daddu Majra ↔ Hallo Majra Lights,A_to_B,8642,1988,1319,1.507,OK,
2026-07-28 09:30:03,2026-07-28,09:30:03,Tuesday,9,N,3,Dakshin Marg: Daddu Majra ↔ Hallo Majra Lights,B_to_A,10605,1947,1793,1.086,OK,
2026-07-28 09:30:03,2026-07-28,09:30:03,Tuesday,9,N,4,Shanti Path: Sector 38W ↔ Sector 31 Lights,A_to_B,10123,1429,1211,1.18,OK,
2026-07-28 09:30:03,2026-07-28,09:30:03,Tuesday,9,N,4,Shanti Path: Sector 38W ↔ Sector 31 Lights,B_to_A,7590,1274,937,1.36,OK,
2026-07-28 09:30:03,2026-07-28,09:30:03,Tuesday,9,N,5,NH 5: Grain Market ↔ Sector 47 Chowk,A_to_B,7596,1067,930,1.147,OK,
2026-07-28 09:30:04,2026-07-28,09:30:04,Tuesday,9,N,5,NH 5: Grain Market ↔ Sector 47 Chowk,B_to_A,7551,968,972,0.996,OK,
2026-07-28 09:30:04,2026-07-28,09:30:04,Tuesday,9,N,6,Vigyan Path: PEC Chowk ↔ Golf Club,A_to_B,4491,889,472,1.883,OK,
2026-07-28 09:30:04,2026-07-28,09:30:04,Tuesday,9,N,6,Vigyan Path: PEC Chowk ↔ Golf Club,B_to_A,4518,739,525,1.408,OK,
2026-07-28 09:30:04,2026-07-28,09:30:04,Tuesday,9,N,7,Uttar Marg: Sector 2 Chowk ↔ Sukhna Lake,A_to_B,2481,414,274,1.511,OK,
2026-07-28 09:30:05,2026-07-28,09:30:05,Tuesday,9,N,7,Uttar Marg: Sector 2 Chowk ↔ Sukhna Lake,B_to_A,3144,413,423,0.976,OK,
2026-07-28 09:30:05,2026-07-28,09:30:05,Tuesday,9,N,8,Madhya Marg: Khudda Lahora ↔ Matka Chowk,A_to_B,5823,1481,828,1.789,OK,
2026-07-28 09:30:05,2026-07-28,09:30:05,Tuesday,9,N,8,Madhya Marg: Khudda Lahora ↔ Matka Chowk,B_to_A,3931,959,529,1.813,OK,
2026-07-28 09:30:05,2026-07-28,09:30:05,Tuesday,9,N,9,Madhya Marg: GMSH 16 ↔ Kalagram,A_to_B,5231,1036,744,1.392,OK,
2026-07-28 09:30:06,2026-07-28,09:30:06,Tuesday,9,N,9,Madhya Marg: GMSH 16 ↔ Kalagram,B_to_A,7177,1242,880,1.411,OK,
2026-07-28 09:30:06,2026-07-28,09:30:06,Tuesday,9,N,10,Udyog Path: Dhanas ↔ ISBT Sector 17,A_to_B,4785,1794,737,2.434,OK,
2026-07-28 09:30:06,2026-07-28,09:30:06,Tuesday,9,N,10,Udyog Path: Dhanas ↔ ISBT Sector 17,B_to_A,5507,1721,919,1.873,OK,
2026-07-28 09:30:07,2026-07-28,09:30:07,Tuesday,9,N,11,Udyog Path: ISBT Sector 17 ↔ Elante Mall,A_to_B,3274,732,383,1.911,OK,
2026-07-28 09:30:07,2026-07-28,09:30:07,Tuesday,9,N,11,Udyog Path: ISBT Sector 17 ↔ Elante Mall,B_to_A,4733,1302,762,1.709,OK,
2026-07-28 09:30:07,2026-07-28,09:30:07,Tuesday,9,N,12,Dakshin Marg: DLF Mullanpur ↔ Kisan Bhawan Chowk,A_to_B,7370,1676,984,1.703,OK,
2026-07-28 09:30:07,2026-07-28,09:30:07,Tuesday,9,N,12,Dakshin Marg: DLF Mullanpur ↔ Kisan Bhawan Chowk,B_to_A,7109,1358,950,1.429,OK,
2026-07-28 09:30:08,2026-07-28,09:30:08,Tuesday,9,N,13,Dakshin Marg: Kisan Bhawan Chowk ↔ Airport Chowk,A_to_B,8985,1666,1336,1.247,OK,
2026-07-28 09:30:08,2026-07-28,09:30:08,Tuesday,9,N,13,Dakshin Marg: Kisan Bhawan Chowk ↔ Airport Chowk,B_to_A,9364,2062,1428,1.444,OK,
2026-07-28 09:30:08,2026-07-28,09:30:08,Tuesday,9,N,14,NH 5: Max Hospital ↔ ISBT Sector 43,A_to_B,4206,615,503,1.223,OK,
2026-07-28 09:30:08,2026-07-28,09:30:08,Tuesday,9,N,14,NH 5: Max Hospital ↔ ISBT Sector 43,B_to_A,5445,798,667,1.196,OK,
2026-07-28 09:30:09,2026-07-28,09:30:09,Tuesday,9,N,15,Sukhna Path: Golf Club ↔ Cycle Chowk,A_to_B,7421,1187,1083,1.096,OK,
2026-07-28 09:30:09,2026-07-28,09:30:09,Tuesday,9,N,15,Sukhna Path: Golf Club ↔ Cycle Chowk,B_to_A,9050,1640,1233,1.33,OK,
2026-07-28 09:30:09,2026-07-28,09:30:09,Tuesday,9,N,16,Sarovar Path: Sukhna Lake ↔ Burail Jail,A_to_B,9465,1403,1222,1.148,OK,
2026-07-28 09:30:09,2026-07-28,09:30:09,Tuesday,9,N,16,Sarovar Path: Sukhna Lake ↔ Burail Jail,B_to_A,11159,1915,1397,1.371,OK,
2026-07-28 09:30:10,2026-07-28,09:30:10,Tuesday,9,N,17,Himalaya Marg: Rock Garden ↔ ISBT 43,A_to_B,8803,1251,1097,1.14,OK,
2026-07-28 09:30:10,2026-07-28,09:30:10,Tuesday,9,N,17,Himalaya Marg: Rock Garden ↔ ISBT 43,B_to_A,8935,1814,1159,1.565,OK,
2026-07-28 09:30:10,2026-07-28,09:30:10,Tuesday,9,N,18,Jan Marg: High Court ↔ ISBT 17,A_to_B,3334,441,390,1.131,OK,
2026-07-28 09:30:10,2026-07-28,09:30:10,Tuesday,9,N,18,Jan Marg: High Court ↔ ISBT 17,B_to_A,3132,544,337,1.614,OK,
2026-07-28 09:30:11,2026-07-28,09:30:11,Tuesday,9,N,19,Jan Marg: ISBT 17 ↔ ISBT 43,A_to_B,4115,710,568,1.25,OK,
2026-07-28 09:30:11,2026-07-28,09:30:11,Tuesday,9,N,19,Jan Marg: ISBT 17 ↔ ISBT 43,B_to_A,4233,1231,579,2.126,OK,
2026-07-28 09:30:11,2026-07-28,09:30:11,Tuesday,9,N,20,Vidya Path: PGI Chowk ↔ Fountain Chowk,A_to_B,5475,868,714,1.216,OK,
2026-07-28 09:30:12,2026-07-28,09:30:12,Tuesday,9,N,20,Vidya Path: PGI Chowk ↔ Fountain Chowk,B_to_A,7032,1364,974,1.4,OK,
2026-07-28 09:30:12,2026-07-28,09:30:12,Tuesday,9,N,21,Purv Marg: Tansport Chowk  ↔ Tribune Chowk,A_to_B,2620,464,411,1.129,OK,
2026-07-28 09:30:12,2026-07-28,09:30:12,Tuesday,9,N,21,Purv Marg: Tansport Chowk  ↔ Tribune Chowk,B_to_A,2611,540,436,1.239,OK,
2026-07-28 09:30:12,2026-07-28,09:30:12,Tuesday,9,N,22,Chandi Path: Sabzi Mandi Chowk  ↔ GMCH 32,A_to_B,2939,530,414,1.28,OK,
2026-07-28 09:30:13,2026-07-28,09:30:13,Tuesday,9,N,22,Chandi Path: Sabzi Mandi Chowk  ↔ GMCH 32,B_to_A,4265,693,642,1.079,OK,
2026-07-28 09:30:13,2026-07-28,09:30:13,Tuesday,9,N,23,Udyan Path: Secretariat Chowk  ↔ Furniture Chowk,A_to_B,8432,1293,982,1.317,OK,
2026-07-28 09:30:13,2026-07-28,09:30:13,Tuesday,9,N,23,Udyan Path: Secretariat Chowk  ↔ Furniture Chowk,B_to_A,8845,1573,1035,1.52,OK,
2026-07-28 09:30:13,2026-07-28,09:30:13,Tuesday,9,N,24,Madhya Marg: Sector 17 ↔ Railway Station,A_to_B,8954,1613,1137,1.419,OK,
2026-07-28 09:30:14,2026-07-28,09:30:14,Tuesday,9,N,24,Madhya Marg: Sector 17 ↔ Railway Station,B_to_A,6585,1013,1085,0.934,OK,
2026-07-28 09:30:14,2026-07-28,09:30:14,Tuesday,9,N,25,Paschim Marg: Sector 25 ↔ Sector 56,A_to_B,4090,622,535,1.163,OK,
2026-07-28 09:30:14,2026-07-28,09:30:14,Tuesday,9,N,25,Paschim Marg: Sector 25 ↔ Sector 56,B_to_A,3940,680,493,1.379,OK,
2026-07-28 10:00:02,2026-07-28,10:00:02,Tuesday,10,N,1,Madhya Marg: PGI Chowk ↔ Housing Board lights,A_to_B,12547,2301,1516,1.518,OK,
2026-07-28 10:00:02,2026-07-28,10:00:02,Tuesday,10,N,1,Madhya Marg: PGI Chowk ↔ Housing Board lights,B_to_A,10841,1761,1338,1.316,OK,
2026-07-28 10:00:02,2026-07-28,10:00:02,Tuesday,10,N,2,Udyog Path: PU Chowk ↔ Elante Mall,A_to_B,8714,1506,1220,1.234,OK,
2026-07-28 10:00:02,2026-07-28,10:00:02,Tuesday,10,N,2,Udyog Path: PU Chowk ↔ Elante Mall,B_to_A,8333,1617,1364,1.185,OK,
2026-07-28 10:00:03,2026-07-28,10:00:03,Tuesday,10,N,3,Dakshin Marg: Daddu Majra ↔ Hallo Majra Lights,A_to_B,10008,2001,1568,1.276,OK,
2026-07-28 10:00:03,2026-07-28,10:00:03,Tuesday,10,N,3,Dakshin Marg: Daddu Majra ↔ Hallo Majra Lights,B_to_A,11482,2077,1637,1.269,OK,
2026-07-28 10:00:03,2026-07-28,10:00:03,Tuesday,10,N,4,Shanti Path: Sector 38W ↔ Sector 31 Lights,A_to_B,10127,1443,1263,1.143,OK,
2026-07-28 10:00:03,2026-07-28,10:00:03,Tuesday,10,N,4,Shanti Path: Sector 38W ↔ Sector 31 Lights,B_to_A,7590,1426,937,1.522,OK,
2026-07-28 10:00:04,2026-07-28,10:00:04,Tuesday,10,N,5,NH 5: Grain Market ↔ Sector 47 Chowk,A_to_B,7641,1166,1019,1.144,OK,
2026-07-28 10:00:04,2026-07-28,10:00:04,Tuesday,10,N,5,NH 5: Grain Market ↔ Sector 47 Chowk,B_to_A,7551,1091,972,1.122,OK,
2026-07-28 10:00:04,2026-07-28,10:00:04,Tuesday,10,N,6,Vigyan Path: PEC Chowk ↔ Golf Club,A_to_B,5284,723,595,1.215,OK,
2026-07-28 10:00:05,2026-07-28,10:00:05,Tuesday,10,N,6,Vigyan Path: PEC Chowk ↔ Golf Club,B_to_A,5410,743,690,1.077,OK,
2026-07-28 10:00:05,2026-07-28,10:00:05,Tuesday,10,N,7,Uttar Marg: Sector 2 Chowk ↔ Sukhna Lake,A_to_B,2481,359,274,1.31,OK,
2026-07-28 10:00:05,2026-07-28,10:00:05,Tuesday,10,N,7,Uttar Marg: Sector 2 Chowk ↔ Sukhna Lake,B_to_A,3144,389,423,0.92,OK,
2026-07-28 10:00:05,2026-07-28,10:00:05,Tuesday,10,N,8,Madhya Marg: Khudda Lahora ↔ Matka Chowk,A_to_B,4208,1340,600,2.233,OK,
2026-07-28 10:00:06,2026-07-28,10:00:06,Tuesday,10,N,8,Madhya Marg: Khudda Lahora ↔ Matka Chowk,B_to_A,6573,946,821,1.152,OK,
2026-07-28 10:00:06,2026-07-28,10:00:06,Tuesday,10,N,9,Madhya Marg: GMSH 16 ↔ Kalagram,A_to_B,5231,926,744,1.245,OK,
2026-07-28 10:00:06,2026-07-28,10:00:06,Tuesday,10,N,9,Madhya Marg: GMSH 16 ↔ Kalagram,B_to_A,7158,1242,822,1.511,OK,
2026-07-28 10:00:06,2026-07-28,10:00:06,Tuesday,10,N,10,Udyog Path: Dhanas ↔ ISBT Sector 17,A_to_B,4785,1668,737,2.263,OK,
2026-07-28 10:00:07,2026-07-28,10:00:07,Tuesday,10,N,10,Udyog Path: Dhanas ↔ ISBT Sector 17,B_to_A,6526,1849,1077,1.717,OK,
2026-07-28 10:00:07,2026-07-28,10:00:07,Tuesday,10,N,11,Udyog Path: ISBT Sector 17 ↔ Elante Mall,A_to_B,3274,654,383,1.708,OK,
2026-07-28 10:00:07,2026-07-28,10:00:07,Tuesday,10,N,11,Udyog Path: ISBT Sector 17 ↔ Elante Mall,B_to_A,4733,1479,762,1.941,OK,
2026-07-28 10:00:07,2026-07-28,10:00:07,Tuesday,10,N,12,Dakshin Marg: DLF Mullanpur ↔ Kisan Bhawan Chowk,A_to_B,7370,1354,984,1.376,OK,
2026-07-28 10:00:08,2026-07-28,10:00:08,Tuesday,10,N,12,Dakshin Marg: DLF Mullanpur ↔ Kisan Bhawan Chowk,B_to_A,8399,1205,1070,1.126,OK,
2026-07-28 10:00:08,2026-07-28,10:00:08,Tuesday,10,N,13,Dakshin Marg: Kisan Bhawan Chowk ↔ Airport Chowk,A_to_B,9047,1745,1401,1.246,OK,
2026-07-28 10:00:08,2026-07-28,10:00:08,Tuesday,10,N,13,Dakshin Marg: Kisan Bhawan Chowk ↔ Airport Chowk,B_to_A,9330,2211,1406,1.573,OK,
2026-07-28 10:00:08,2026-07-28,10:00:08,Tuesday,10,N,14,NH 5: Max Hospital ↔ ISBT Sector 43,A_to_B,4250,729,592,1.231,OK,
2026-07-28 10:00:09,2026-07-28,10:00:09,Tuesday,10,N,14,NH 5: Max Hospital ↔ ISBT Sector 43,B_to_A,5445,781,667,1.171,OK,
2026-07-28 10:00:09,2026-07-28,10:00:09,Tuesday,10,N,15,Sukhna Path: Golf Club ↔ Cycle Chowk,A_to_B,7421,1252,1083,1.156,OK,
2026-07-28 10:00:09,2026-07-28,10:00:09,Tuesday,10,N,15,Sukhna Path: Golf Club ↔ Cycle Chowk,B_to_A,8957,1623,1231,1.318,OK,
2026-07-28 10:00:09,2026-07-28,10:00:09,Tuesday,10,N,16,Sarovar Path: Sukhna Lake ↔ Burail Jail,A_to_B,7816,1461,1066,1.371,OK,
2026-07-28 10:00:10,2026-07-28,10:00:10,Tuesday,10,N,16,Sarovar Path: Sukhna Lake ↔ Burail Jail,B_to_A,11159,1817,1397,1.301,OK,
2026-07-28 10:00:10,2026-07-28,10:00:10,Tuesday,10,N,17,Himalaya Marg: Rock Garden ↔ ISBT 43,A_to_B,8803,1322,1097,1.205,OK,
2026-07-28 10:00:10,2026-07-28,10:00:10,Tuesday,10,N,17,Himalaya Marg: Rock Garden ↔ ISBT 43,B_to_A,11526,1778,1477,1.204,OK,
2026-07-28 10:00:11,2026-07-28,10:00:11,Tuesday,10,N,18,Jan Marg: High Court ↔ ISBT 17,A_to_B,3334,528,390,1.354,OK,
2026-07-28 10:00:11,2026-07-28,10:00:11,Tuesday,10,N,18,Jan Marg: High Court ↔ ISBT 17,B_to_A,3132,541,337,1.605,OK,
2026-07-28 10:00:11,2026-07-28,10:00:11,Tuesday,10,N,19,Jan Marg: ISBT 17 ↔ ISBT 43,A_to_B,4115,666,568,1.173,OK,
2026-07-28 10:00:11,2026-07-28,10:00:11,Tuesday,10,N,19,Jan Marg: ISBT 17 ↔ ISBT 43,B_to_A,4233,1257,579,2.171,OK,
2026-07-28 10:00:12,2026-07-28,10:00:12,Tuesday,10,N,20,Vidya Path: PGI Chowk ↔ Fountain Chowk,A_to_B,5475,794,714,1.112,OK,
2026-07-28 10:00:12,2026-07-28,10:00:12,Tuesday,10,N,20,Vidya Path: PGI Chowk ↔ Fountain Chowk,B_to_A,6991,1283,901,1.424,OK,
2026-07-28 10:00:12,2026-07-28,10:00:12,Tuesday,10,N,21,Purv Marg: Tansport Chowk  ↔ Tribune Chowk,A_to_B,2620,466,411,1.134,OK,
2026-07-28 10:00:12,2026-07-28,10:00:12,Tuesday,10,N,21,Purv Marg: Tansport Chowk  ↔ Tribune Chowk,B_to_A,2611,632,436,1.45,OK,
2026-07-28 10:00:13,2026-07-28,10:00:13,Tuesday,10,N,22,Chandi Path: Sabzi Mandi Chowk  ↔ GMCH 32,A_to_B,2939,731,414,1.766,OK,
2026-07-28 10:00:13,2026-07-28,10:00:13,Tuesday,10,N,22,Chandi Path: Sabzi Mandi Chowk  ↔ GMCH 32,B_to_A,4265,748,642,1.165,OK,
2026-07-28 10:00:13,2026-07-28,10:00:13,Tuesday,10,N,23,Udyan Path: Secretariat Chowk  ↔ Furniture Chowk,A_to_B,8363,1220,965,1.264,OK,
2026-07-28 10:00:13,2026-07-28,10:00:13,Tuesday,10,N,23,Udyan Path: Secretariat Chowk  ↔ Furniture Chowk,B_to_A,7940,1371,1043,1.314,OK,
2026-07-28 10:00:14,2026-07-28,10:00:14,Tuesday,10,N,24,Madhya Marg: Sector 17 ↔ Railway Station,A_to_B,8361,1509,1221,1.236,OK,
2026-07-28 10:00:14,2026-07-28,10:00:14,Tuesday,10,N,24,Madhya Marg: Sector 17 ↔ Railway Station,B_to_A,6568,1074,1029,1.044,OK,
2026-07-28 10:00:14,2026-07-28,10:00:14,Tuesday,10,N,25,Paschim Marg: Sector 25 ↔ Sector 56,A_to_B,4090,566,535,1.058,OK,
2026-07-28 10:00:14,2026-07-28,10:00:14,Tuesday,10,N,25,Paschim Marg: Sector 25 ↔ Sector 56,B_to_A,3940,747,493,1.515,OK,
2026-07-28 10:30:01,2026-07-28,10:30:01,Tuesday,10,N,1,Madhya Marg: PGI Chowk ↔ Housing Board lights,A_to_B,12550,1832,1470,1.246,OK,
2026-07-28 10:30:01,2026-07-28,10:30:01,Tuesday,10,N,1,Madhya Marg: PGI Chowk ↔ Housing Board lights,B_to_A,10841,1544,1338,1.154,OK,
2026-07-28 10:30:02,2026-07-28,10:30:02,Tuesday,10,N,2,Udyog Path: PU Chowk ↔ Elante Mall,A_to_B,7717,1619,1221,1.326,OK,
2026-07-28 10:30:02,2026-07-28,10:30:02,Tuesday,10,N,2,Udyog Path: PU Chowk ↔ Elante Mall,B_to_A,8051,1649,1091,1.511,OK,
2026-07-28 10:30:02,2026-07-28,10:30:02,Tuesday,10,N,3,Dakshin Marg: Daddu Majra ↔ Hallo Majra Lights,A_to_B,9850,2101,1515,1.387,OK,
2026-07-28 10:30:02,2026-07-28,10:30:02,Tuesday,10,N,3,Dakshin Marg: Daddu Majra ↔ Hallo Majra Lights,B_to_A,11482,1994,1637,1.218,OK,
2026-07-28 10:30:03,2026-07-28,10:30:03,Tuesday,10,N,4,Shanti Path: Sector 38W ↔ Sector 31 Lights,A_to_B,10325,1345,1300,1.035,OK,
2026-07-28 10:30:03,2026-07-28,10:30:03,Tuesday,10,N,4,Shanti Path: Sector 38W ↔ Sector 31 Lights,B_to_A,7590,1332,937,1.422,OK,
2026-07-28 10:30:03,2026-07-28,10:30:03,Tuesday,10,N,5,NH 5: Grain Market ↔ Sector 47 Chowk,A_to_B,7618,1136,972,1.169,OK,
2026-07-28 10:30:04,2026-07-28,10:30:04,Tuesday,10,N,5,NH 5: Grain Market ↔ Sector 47 Chowk,B_to_A,7569,1218,975,1.249,OK,
2026-07-28 10:30:04,2026-07-28,10:30:04,Tuesday,10,N,6,Vigyan Path: PEC Chowk ↔ Golf Club,A_to_B,5284,715,595,1.202,OK,
2026-07-28 10:30:04,2026-07-28,10:30:04,Tuesday,10,N,6,Vigyan Path: PEC Chowk ↔ Golf Club,B_to_A,4518,662,525,1.261,OK,
2026-07-28 10:30:04,2026-07-28,10:30:04,Tuesday,10,N,7,Uttar Marg: Sector 2 Chowk ↔ Sukhna Lake,A_to_B,2481,356,274,1.299,OK,
2026-07-28 10:30:05,2026-07-28,10:30:05,Tuesday,10,N,7,Uttar Marg: Sector 2 Chowk ↔ Sukhna Lake,B_to_A,3144,392,423,0.927,OK,
2026-07-28 10:30:05,2026-07-28,10:30:05,Tuesday,10,N,8,Madhya Marg: Khudda Lahora ↔ Matka Chowk,A_to_B,5823,1172,828,1.415,OK,
2026-07-28 10:30:05,2026-07-28,10:30:05,Tuesday,10,N,8,Madhya Marg: Khudda Lahora ↔ Matka Chowk,B_to_A,3931,588,529,1.112,OK,
2026-07-28 10:30:05,2026-07-28,10:30:05,Tuesday,10,N,9,Madhya Marg: GMSH 16 ↔ Kalagram,A_to_B,7186,971,836,1.161,OK,
2026-07-28 10:30:06,2026-07-28,10:30:06,Tuesday,10,N,9,Madhya Marg: GMSH 16 ↔ Kalagram,B_to_A,7158,1021,822,1.242,OK,
2026-07-28 10:30:06,2026-07-28,10:30:06,Tuesday,10,N,10,Udyog Path: Dhanas ↔ ISBT Sector 17,A_to_B,4785,1670,737,2.266,OK,
2026-07-28 10:30:06,2026-07-28,10:30:06,Tuesday,10,N,10,Udyog Path: Dhanas ↔ ISBT Sector 17,B_to_A,5507,1324,919,1.441,OK,
2026-07-28 10:30:06,2026-07-28,10:30:06,Tuesday,10,N,11,Udyog Path: ISBT Sector 17 ↔ Elante Mall,A_to_B,3274,511,383,1.334,OK,
2026-07-28 10:30:07,2026-07-28,10:30:07,Tuesday,10,N,11,Udyog Path: ISBT Sector 17 ↔ Elante Mall,B_to_A,3428,996,451,2.208,OK,
2026-07-28 10:30:07,2026-07-28,10:30:07,Tuesday,10,N,12,Dakshin Marg: DLF Mullanpur ↔ Kisan Bhawan Chowk,A_to_B,9448,1359,1138,1.194,OK,
2026-07-28 10:30:07,2026-07-28,10:30:07,Tuesday,10,N,12,Dakshin Marg: DLF Mullanpur ↔ Kisan Bhawan Chowk,B_to_A,7109,1047,950,1.102,OK,
2026-07-28 10:30:08,2026-07-28,10:30:08,Tuesday,10,N,13,Dakshin Marg: Kisan Bhawan Chowk ↔ Airport Chowk,A_to_B,8962,1850,1344,1.376,OK,
2026-07-28 10:30:08,2026-07-28,10:30:08,Tuesday,10,N,13,Dakshin Marg: Kisan Bhawan Chowk ↔ Airport Chowk,B_to_A,9330,1951,1406,1.388,OK,
2026-07-28 10:30:08,2026-07-28,10:30:08,Tuesday,10,N,14,NH 5: Max Hospital ↔ ISBT Sector 43,A_to_B,4228,692,545,1.27,OK,
2026-07-28 10:30:08,2026-07-28,10:30:08,Tuesday,10,N,14,NH 5: Max Hospital ↔ ISBT Sector 43,B_to_A,5573,739,791,0.934,OK,
2026-07-28 10:30:09,2026-07-28,10:30:09,Tuesday,10,N,15,Sukhna Path: Golf Club ↔ Cycle Chowk,A_to_B,7421,1142,1083,1.054,OK,
2026-07-28 10:30:09,2026-07-28,10:30:09,Tuesday,10,N,15,Sukhna Path: Golf Club ↔ Cycle Chowk,B_to_A,8975,1467,1176,1.247,OK,
2026-07-28 10:30:09,2026-07-28,10:30:09,Tuesday,10,N,16,Sarovar Path: Sukhna Lake ↔ Burail Jail,A_to_B,9471,1262,1194,1.057,OK,
2026-07-28 10:30:09,2026-07-28,10:30:09,Tuesday,10,N,16,Sarovar Path: Sukhna Lake ↔ Burail Jail,B_to_A,7928,1640,1084,1.513,OK,
2026-07-28 10:30:10,2026-07-28,10:30:10,Tuesday,10,N,17,Himalaya Marg: Rock Garden ↔ ISBT 43,A_to_B,8803,1304,1097,1.189,OK,
2026-07-28 10:30:10,2026-07-28,10:30:10,Tuesday,10,N,17,Himalaya Marg: Rock Garden ↔ ISBT 43,B_to_A,8818,1714,1166,1.47,OK,
2026-07-28 10:30:10,2026-07-28,10:30:10,Tuesday,10,N,18,Jan Marg: High Court ↔ ISBT 17,A_to_B,3334,498,390,1.277,OK,
2026-07-28 10:30:10,2026-07-28,10:30:10,Tuesday,10,N,18,Jan Marg: High Court ↔ ISBT 17,B_to_A,3132,506,337,1.501,OK,
2026-07-28 10:30:11,2026-07-28,10:30:11,Tuesday,10,N,19,Jan Marg: ISBT 17 ↔ ISBT 43,A_to_B,4115,710,568,1.25,OK,
2026-07-28 10:30:11,2026-07-28,10:30:11,Tuesday,10,N,19,Jan Marg: ISBT 17 ↔ ISBT 43,B_to_A,5828,1186,758,1.565,OK,
2026-07-28 10:30:11,2026-07-28,10:30:11,Tuesday,10,N,20,Vidya Path: PGI Chowk ↔ Fountain Chowk,A_to_B,5475,833,714,1.167,OK,
2026-07-28 10:30:11,2026-07-28,10:30:11,Tuesday,10,N,20,Vidya Path: PGI Chowk ↔ Fountain Chowk,B_to_A,6991,1258,901,1.396,OK,
2026-07-28 10:30:12,2026-07-28,10:30:12,Tuesday,10,N,21,Purv Marg: Tansport Chowk  ↔ Tribune Chowk,A_to_B,2620,483,411,1.175,OK,
2026-07-28 10:30:12,2026-07-28,10:30:12,Tuesday,10,N,21,Purv Marg: Tansport Chowk  ↔ Tribune Chowk,B_to_A,2611,607,436,1.392,OK,
2026-07-28 10:30:12,2026-07-28,10:30:12,Tuesday,10,N,22,Chandi Path: Sabzi Mandi Chowk  ↔ GMCH 32,A_to_B,2939,468,414,1.13,OK,
2026-07-28 10:30:12,2026-07-28,10:30:12,Tuesday,10,N,22,Chandi Path: Sabzi Mandi Chowk  ↔ GMCH 32,B_to_A,2756,428,361,1.186,OK,
2026-07-28 10:30:13,2026-07-28,10:30:13,Tuesday,10,N,23,Udyan Path: Secretariat Chowk  ↔ Furniture Chowk,A_to_B,7398,1079,883,1.222,OK,
2026-07-28 10:30:13,2026-07-28,10:30:13,Tuesday,10,N,23,Udyan Path: Secretariat Chowk  ↔ Furniture Chowk,B_to_A,8429,1283,1038,1.236,OK,
2026-07-28 10:30:13,2026-07-28,10:30:13,Tuesday,10,N,24,Madhya Marg: Sector 17 ↔ Railway Station,A_to_B,8934,1336,1080,1.237,OK,
2026-07-28 10:30:14,2026-07-28,10:30:14,Tuesday,10,N,24,Madhya Marg: Sector 17 ↔ Railway Station,B_to_A,7145,1109,1105,1.004,OK,
2026-07-28 10:30:14,2026-07-28,10:30:14,Tuesday,10,N,25,Paschim Marg: Sector 25 ↔ Sector 56,A_to_B,4090,592,535,1.107,OK,
2026-07-28 10:30:14,2026-07-28,10:30:14,Tuesday,10,N,25,Paschim Marg: Sector 25 ↔ Sector 56,B_to_A,3940,619,493,1.256,OK,
2026-07-28 11:00:01,2026-07-28,11:00:01,Tuesday,11,N,1,Madhya Marg: PGI Chowk ↔ Housing Board lights,A_to_B,11756,1857,1347,1.379,OK,
2026-07-28 11:00:02,2026-07-28,11:00:02,Tuesday,11,N,1,Madhya Marg: PGI Chowk ↔ Housing Board lights,B_to_A,10809,1552,1350,1.15,OK,
2026-07-28 11:00:02,2026-07-28,11:00:02,Tuesday,11,N,2,Udyog Path: PU Chowk ↔ Elante Mall,A_to_B,7214,1415,1080,1.31,OK,
2026-07-28 11:00:02,2026-07-28,11:00:02,Tuesday,11,N,2,Udyog Path: PU Chowk ↔ Elante Mall,B_to_A,8051,1298,1091,1.19,OK,
2026-07-28 11:00:03,2026-07-28,11:00:03,Tuesday,11,N,3,Dakshin Marg: Daddu Majra ↔ Hallo Majra Lights,A_to_B,9581,1745,1420,1.229,OK,
2026-07-28 11:00:03,2026-07-28,11:00:03,Tuesday,11,N,3,Dakshin Marg: Daddu Majra ↔ Hallo Majra Lights,B_to_A,11482,1823,1637,1.114,OK,
2026-07-28 11:00:03,2026-07-28,11:00:03,Tuesday,11,N,4,Shanti Path: Sector 38W ↔ Sector 31 Lights,A_to_B,7418,1297,881,1.472,OK,
2026-07-28 11:00:03,2026-07-28,11:00:03,Tuesday,11,N,4,Shanti Path: Sector 38W ↔ Sector 31 Lights,B_to_A,7590,1141,937,1.218,OK,
2026-07-28 11:00:04,2026-07-28,11:00:04,Tuesday,11,N,5,NH 5: Grain Market ↔ Sector 47 Chowk,A_to_B,7618,1218,972,1.253,OK,
2026-07-28 11:00:04,2026-07-28,11:00:04,Tuesday,11,N,5,NH 5: Grain Market ↔ Sector 47 Chowk,B_to_A,7569,1138,975,1.167,OK,
2026-07-28 11:00:04,2026-07-28,11:00:04,Tuesday,11,N,6,Vigyan Path: PEC Chowk ↔ Golf Club,A_to_B,4491,539,472,1.142,OK,
2026-07-28 11:00:04,2026-07-28,11:00:04,Tuesday,11,N,6,Vigyan Path: PEC Chowk ↔ Golf Club,B_to_A,4518,591,525,1.126,OK,
2026-07-28 11:00:05,2026-07-28,11:00:05,Tuesday,11,N,7,Uttar Marg: Sector 2 Chowk ↔ Sukhna Lake,A_to_B,2481,370,274,1.35,OK,
2026-07-28 11:00:05,2026-07-28,11:00:05,Tuesday,11,N,7,Uttar Marg: Sector 2 Chowk ↔ Sukhna Lake,B_to_A,3144,410,423,0.969,OK,
2026-07-28 11:00:05,2026-07-28,11:00:05,Tuesday,11,N,8,Madhya Marg: Khudda Lahora ↔ Matka Chowk,A_to_B,4208,1274,600,2.123,OK,
2026-07-28 11:00:05,2026-07-28,11:00:05,Tuesday,11,N,8,Madhya Marg: Khudda Lahora ↔ Matka Chowk,B_to_A,3931,566,529,1.07,OK,
2026-07-28 11:00:06,2026-07-28,11:00:06,Tuesday,11,N,9,Madhya Marg: GMSH 16 ↔ Kalagram,A_to_B,5231,945,744,1.27,OK,
2026-07-28 11:00:06,2026-07-28,11:00:06,Tuesday,11,N,9,Madhya Marg: GMSH 16 ↔ Kalagram,B_to_A,7158,903,822,1.099,OK,
2026-07-28 11:00:06,2026-07-28,11:00:06,Tuesday,11,N,10,Udyog Path: Dhanas ↔ ISBT Sector 17,A_to_B,10143,1683,1294,1.301,OK,
2026-07-28 11:00:07,2026-07-28,11:00:07,Tuesday,11,N,10,Udyog Path: Dhanas ↔ ISBT Sector 17,B_to_A,5507,1406,919,1.53,OK,
2026-07-28 11:00:07,2026-07-28,11:00:07,Tuesday,11,N,11,Udyog Path: ISBT Sector 17 ↔ Elante Mall,A_to_B,3274,406,383,1.06,OK,
2026-07-28 11:00:07,2026-07-28,11:00:07,Tuesday,11,N,11,Udyog Path: ISBT Sector 17 ↔ Elante Mall,B_to_A,3428,688,451,1.525,OK,
2026-07-28 11:00:07,2026-07-28,11:00:07,Tuesday,11,N,12,Dakshin Marg: DLF Mullanpur ↔ Kisan Bhawan Chowk,A_to_B,9492,1389,1144,1.214,OK,
2026-07-28 11:00:08,2026-07-28,11:00:08,Tuesday,11,N,12,Dakshin Marg: DLF Mullanpur ↔ Kisan Bhawan Chowk,B_to_A,7109,1028,950,1.082,OK,
2026-07-28 11:00:08,2026-07-28,11:00:08,Tuesday,11,N,13,Dakshin Marg: Kisan Bhawan Chowk ↔ Airport Chowk,A_to_B,8820,1622,1305,1.243,OK,
2026-07-28 11:00:08,2026-07-28,11:00:08,Tuesday,11,N,13,Dakshin Marg: Kisan Bhawan Chowk ↔ Airport Chowk,B_to_A,7973,1612,1122,1.437,OK,
2026-07-28 11:00:08,2026-07-28,11:00:08,Tuesday,11,N,14,NH 5: Max Hospital ↔ ISBT Sector 43,A_to_B,4228,792,545,1.453,OK,
2026-07-28 11:00:09,2026-07-28,11:00:09,Tuesday,11,N,14,NH 5: Max Hospital ↔ ISBT Sector 43,B_to_A,5573,768,791,0.971,OK,
2026-07-28 11:00:09,2026-07-28,11:00:09,Tuesday,11,N,15,Sukhna Path: Golf Club ↔ Cycle Chowk,A_to_B,7421,1095,1083,1.011,OK,
2026-07-28 11:00:09,2026-07-28,11:00:09,Tuesday,11,N,15,Sukhna Path: Golf Club ↔ Cycle Chowk,B_to_A,7321,1211,1080,1.121,OK,
2026-07-28 11:00:09,2026-07-28,11:00:09,Tuesday,11,N,16,Sarovar Path: Sukhna Lake ↔ Burail Jail,A_to_B,9471,1237,1194,1.036,OK,
2026-07-28 11:00:10,2026-07-28,11:00:10,Tuesday,11,N,16,Sarovar Path: Sukhna Lake ↔ Burail Jail,B_to_A,7928,1376,1084,1.269,OK,
2026-07-28 11:00:10,2026-07-28,11:00:10,Tuesday,11,N,17,Himalaya Marg: Rock Garden ↔ ISBT 43,A_to_B,8803,1188,1097,1.083,OK,
2026-07-28 11:00:10,2026-07-28,11:00:10,Tuesday,11,N,17,Himalaya Marg: Rock Garden ↔ ISBT 43,B_to_A,8795,1430,1189,1.203,OK,
2026-07-28 11:00:10,2026-07-28,11:00:10,Tuesday,11,N,18,Jan Marg: High Court ↔ ISBT 17,A_to_B,3334,478,390,1.226,OK,
2026-07-28 11:00:11,2026-07-28,11:00:11,Tuesday,11,N,18,Jan Marg: High Court ↔ ISBT 17,B_to_A,3450,506,424,1.193,OK,
2026-07-28 11:00:11,2026-07-28,11:00:11,Tuesday,11,N,19,Jan Marg: ISBT 17 ↔ ISBT 43,A_to_B,4115,583,568,1.026,OK,
2026-07-28 11:00:11,2026-07-28,11:00:11,Tuesday,11,N,19,Jan Marg: ISBT 17 ↔ ISBT 43,B_to_A,4233,829,579,1.432,OK,
2026-07-28 11:00:11,2026-07-28,11:00:11,Tuesday,11,N,20,Vidya Path: PGI Chowk ↔ Fountain Chowk,A_to_B,5475,867,714,1.214,OK,
2026-07-28 11:00:12,2026-07-28,11:00:12,Tuesday,11,N,20,Vidya Path: PGI Chowk ↔ Fountain Chowk,B_to_A,5474,1252,716,1.749,OK,
2026-07-28 11:00:12,2026-07-28,11:00:12,Tuesday,11,N,21,Purv Marg: Tansport Chowk  ↔ Tribune Chowk,A_to_B,2620,463,411,1.127,OK,
2026-07-28 11:00:12,2026-07-28,11:00:12,Tuesday,11,N,21,Purv Marg: Tansport Chowk  ↔ Tribune Chowk,B_to_A,2611,585,436,1.342,OK,
2026-07-28 11:00:12,2026-07-28,11:00:12,Tuesday,11,N,22,Chandi Path: Sabzi Mandi Chowk  ↔ GMCH 32,A_to_B,2939,448,414,1.082,OK,
2026-07-28 11:00:13,2026-07-28,11:00:13,Tuesday,11,N,22,Chandi Path: Sabzi Mandi Chowk  ↔ GMCH 32,B_to_A,2756,512,361,1.418,OK,
2026-07-28 11:00:13,2026-07-28,11:00:13,Tuesday,11,N,23,Udyan Path: Secretariat Chowk  ↔ Furniture Chowk,A_to_B,7398,1002,883,1.135,OK,
2026-07-28 11:00:13,2026-07-28,11:00:13,Tuesday,11,N,23,Udyan Path: Secretariat Chowk  ↔ Furniture Chowk,B_to_A,7940,1087,973,1.117,OK,
2026-07-28 11:00:13,2026-07-28,11:00:13,Tuesday,11,N,24,Madhya Marg: Sector 17 ↔ Railway Station,A_to_B,8934,1208,1080,1.119,OK,
2026-07-28 11:00:14,2026-07-28,11:00:14,Tuesday,11,N,24,Madhya Marg: Sector 17 ↔ Railway Station,B_to_A,6340,1050,982,1.069,OK,
2026-07-28 11:00:14,2026-07-28,11:00:14,Tuesday,11,N,25,Paschim Marg: Sector 25 ↔ Sector 56,A_to_B,5805,760,715,1.063,OK,
2026-07-28 11:00:14,2026-07-28,11:00:14,Tuesday,11,N,25,Paschim Marg: Sector 25 ↔ Sector 56,B_to_A,3940,615,493,1.247,OK,
2026-07-28 11:30:02,2026-07-28,11:30:02,Tuesday,11,N,1,Madhya Marg: PGI Chowk ↔ Housing Board lights,A_to_B,11756,1800,1347,1.336,OK,
2026-07-28 11:30:02,2026-07-28,11:30:02,Tuesday,11,N,1,Madhya Marg: PGI Chowk ↔ Housing Board lights,B_to_A,8853,1631,1223,1.334,OK,
2026-07-28 11:30:02,2026-07-28,11:30:02,Tuesday,11,N,2,Udyog Path: PU Chowk ↔ Elante Mall,A_to_B,7455,1174,1198,0.98,OK,
2026-07-28 11:30:03,2026-07-28,11:30:03,Tuesday,11,N,2,Udyog Path: PU Chowk ↔ Elante Mall,B_to_A,8051,1181,1091,1.082,OK,
2026-07-28 11:30:03,2026-07-28,11:30:03,Tuesday,11,N,3,Dakshin Marg: Daddu Majra ↔ Hallo Majra Lights,A_to_B,8610,1446,1261,1.147,OK,
2026-07-28 11:30:03,2026-07-28,11:30:03,Tuesday,11,N,3,Dakshin Marg: Daddu Majra ↔ Hallo Majra Lights,B_to_A,9083,1630,1481,1.101,OK,
2026-07-28 11:30:03,2026-07-28,11:30:03,Tuesday,11,N,4,Shanti Path: Sector 38W ↔ Sector 31 Lights,A_to_B,7418,1166,881,1.323,OK,
2026-07-28 11:30:04,2026-07-28,11:30:04,Tuesday,11,N,4,Shanti Path: Sector 38W ↔ Sector 31 Lights,B_to_A,7590,1120,937,1.195,OK,
2026-07-28 11:30:04,2026-07-28,11:30:04,Tuesday,11,N,5,NH 5: Grain Market ↔ Sector 47 Chowk,A_to_B,7618,1076,972,1.107,OK,
2026-07-28 11:30:04,2026-07-28,11:30:04,Tuesday,11,N,5,NH 5: Grain Market ↔ Sector 47 Chowk,B_to_A,7569,1238,975,1.27,OK,
2026-07-28 11:30:04,2026-07-28,11:30:04,Tuesday,11,N,6,Vigyan Path: PEC Chowk ↔ Golf Club,A_to_B,4491,513,472,1.087,OK,
2026-07-28 11:30:05,2026-07-28,11:30:05,Tuesday,11,N,6,Vigyan Path: PEC Chowk ↔ Golf Club,B_to_A,4518,568,525,1.082,OK,
2026-07-28 11:30:05,2026-07-28,11:30:05,Tuesday,11,N,7,Uttar Marg: Sector 2 Chowk ↔ Sukhna Lake,A_to_B,2481,292,274,1.066,OK,
2026-07-28 11:30:05,2026-07-28,11:30:05,Tuesday,11,N,7,Uttar Marg: Sector 2 Chowk ↔ Sukhna Lake,B_to_A,3144,412,423,0.974,OK,
2026-07-28 11:30:05,2026-07-28,11:30:05,Tuesday,11,N,8,Madhya Marg: Khudda Lahora ↔ Matka Chowk,A_to_B,4208,1222,600,2.037,OK,
2026-07-28 11:30:06,2026-07-28,11:30:06,Tuesday,11,N,8,Madhya Marg: Khudda Lahora ↔ Matka Chowk,B_to_A,3931,624,529,1.18,OK,
2026-07-28 11:30:06,2026-07-28,11:30:06,Tuesday,11,N,9,Madhya Marg: GMSH 16 ↔ Kalagram,A_to_B,7464,1005,842,1.194,OK,
2026-07-28 11:30:06,2026-07-28,11:30:06,Tuesday,11,N,9,Madhya Marg: GMSH 16 ↔ Kalagram,B_to_A,7158,827,822,1.006,OK,
2026-07-28 11:30:06,2026-07-28,11:30:06,Tuesday,11,N,10,Udyog Path: Dhanas ↔ ISBT Sector 17,A_to_B,4785,1548,737,2.1,OK,
2026-07-28 11:30:07,2026-07-28,11:30:07,Tuesday,11,N,10,Udyog Path: Dhanas ↔ ISBT Sector 17,B_to_A,5507,1713,919,1.864,OK,
2026-07-28 11:30:07,2026-07-28,11:30:07,Tuesday,11,N,11,Udyog Path: ISBT Sector 17 ↔ Elante Mall,A_to_B,3274,419,383,1.094,OK,
2026-07-28 11:30:07,2026-07-28,11:30:07,Tuesday,11,N,11,Udyog Path: ISBT Sector 17 ↔ Elante Mall,B_to_A,3428,553,451,1.226,OK,
2026-07-28 11:30:08,2026-07-28,11:30:08,Tuesday,11,N,12,Dakshin Marg: DLF Mullanpur ↔ Kisan Bhawan Chowk,A_to_B,6720,1352,894,1.512,OK,
2026-07-28 11:30:08,2026-07-28,11:30:08,Tuesday,11,N,12,Dakshin Marg: DLF Mullanpur ↔ Kisan Bhawan Chowk,B_to_A,7109,1004,950,1.057,OK,
2026-07-28 11:30:08,2026-07-28,11:30:08,Tuesday,11,N,13,Dakshin Marg: Kisan Bhawan Chowk ↔ Airport Chowk,A_to_B,7722,1217,1090,1.117,OK,
2026-07-28 11:30:08,2026-07-28,11:30:08,Tuesday,11,N,13,Dakshin Marg: Kisan Bhawan Chowk ↔ Airport Chowk,B_to_A,7973,1425,1122,1.27,OK,
2026-07-28 11:30:09,2026-07-28,11:30:09,Tuesday,11,N,14,NH 5: Max Hospital ↔ ISBT Sector 43,A_to_B,4228,648,545,1.189,OK,
2026-07-28 11:30:09,2026-07-28,11:30:09,Tuesday,11,N,14,NH 5: Max Hospital ↔ ISBT Sector 43,B_to_A,5573,765,791,0.967,OK,
2026-07-28 11:30:09,2026-07-28,11:30:09,Tuesday,11,N,15,Sukhna Path: Golf Club ↔ Cycle Chowk,A_to_B,7421,1090,1083,1.006,OK,
2026-07-28 11:30:09,2026-07-28,11:30:09,Tuesday,11,N,15,Sukhna Path: Golf Club ↔ Cycle Chowk,B_to_A,7321,1157,1080,1.071,OK,
2026-07-28 11:30:10,2026-07-28,11:30:10,Tuesday,11,N,16,Sarovar Path: Sukhna Lake ↔ Burail Jail,A_to_B,7816,1157,1066,1.085,OK,
2026-07-28 11:30:10,2026-07-28,11:30:10,Tuesday,11,N,16,Sarovar Path: Sukhna Lake ↔ Burail Jail,B_to_A,7928,1343,1084,1.239,OK,
2026-07-28 11:30:10,2026-07-28,11:30:10,Tuesday,11,N,17,Himalaya Marg: Rock Garden ↔ ISBT 43,A_to_B,8803,1144,1097,1.043,OK,
2026-07-28 11:30:10,2026-07-28,11:30:10,Tuesday,11,N,17,Himalaya Marg: Rock Garden ↔ ISBT 43,B_to_A,8947,1366,1132,1.207,OK,
2026-07-28 11:30:11,2026-07-28,11:30:11,Tuesday,11,N,18,Jan Marg: High Court ↔ ISBT 17,A_to_B,3334,423,390,1.085,OK,
2026-07-28 11:30:11,2026-07-28,11:30:11,Tuesday,11,N,18,Jan Marg: High Court ↔ ISBT 17,B_to_A,3132,391,337,1.16,OK,
2026-07-28 11:30:11,2026-07-28,11:30:11,Tuesday,11,N,19,Jan Marg: ISBT 17 ↔ ISBT 43,A_to_B,4115,589,568,1.037,OK,
2026-07-28 11:30:12,2026-07-28,11:30:12,Tuesday,11,N,19,Jan Marg: ISBT 17 ↔ ISBT 43,B_to_A,4233,748,579,1.292,OK,
2026-07-28 11:30:12,2026-07-28,11:30:12,Tuesday,11,N,20,Vidya Path: PGI Chowk ↔ Fountain Chowk,A_to_B,5475,830,714,1.162,OK,
2026-07-28 11:30:12,2026-07-28,11:30:12,Tuesday,11,N,20,Vidya Path: PGI Chowk ↔ Fountain Chowk,B_to_A,6838,1164,823,1.414,OK,
2026-07-28 11:30:12,2026-07-28,11:30:12,Tuesday,11,N,21,Purv Marg: Tansport Chowk  ↔ Tribune Chowk,A_to_B,2620,478,411,1.163,OK,
2026-07-28 11:30:13,2026-07-28,11:30:13,Tuesday,11,N,21,Purv Marg: Tansport Chowk  ↔ Tribune Chowk,B_to_A,2611,542,436,1.243,OK,
2026-07-28 11:30:13,2026-07-28,11:30:13,Tuesday,11,N,22,Chandi Path: Sabzi Mandi Chowk  ↔ GMCH 32,A_to_B,2939,433,414,1.046,OK,
2026-07-28 11:30:13,2026-07-28,11:30:13,Tuesday,11,N,22,Chandi Path: Sabzi Mandi Chowk  ↔ GMCH 32,B_to_A,2756,462,361,1.28,OK,
2026-07-28 11:30:13,2026-07-28,11:30:13,Tuesday,11,N,23,Udyan Path: Secretariat Chowk  ↔ Furniture Chowk,A_to_B,7398,990,883,1.121,OK,
2026-07-28 11:30:14,2026-07-28,11:30:14,Tuesday,11,N,23,Udyan Path: Secretariat Chowk  ↔ Furniture Chowk,B_to_A,7219,963,830,1.16,OK,
2026-07-28 11:30:14,2026-07-28,11:30:14,Tuesday,11,N,24,Madhya Marg: Sector 17 ↔ Railway Station,A_to_B,7206,1267,945,1.341,OK,
2026-07-28 11:30:14,2026-07-28,11:30:14,Tuesday,11,N,24,Madhya Marg: Sector 17 ↔ Railway Station,B_to_A,7747,1078,1031,1.046,OK,
2026-07-28 11:30:14,2026-07-28,11:30:14,Tuesday,11,N,25,Paschim Marg: Sector 25 ↔ Sector 56,A_to_B,4090,576,535,1.077,OK,
2026-07-28 11:30:15,2026-07-28,11:30:15,Tuesday,11,N,25,Paschim Marg: Sector 25 ↔ Sector 56,B_to_A,3940,597,493,1.211,OK,
2026-07-28 12:00:01,2026-07-28,12:00:01,Tuesday,12,N,1,Madhya Marg: PGI Chowk ↔ Housing Board lights,A_to_B,11756,1906,1347,1.415,OK,
2026-07-28 12:00:01,2026-07-28,12:00:01,Tuesday,12,N,1,Madhya Marg: PGI Chowk ↔ Housing Board lights,B_to_A,10809,1588,1350,1.176,OK,
2026-07-28 12:00:02,2026-07-28,12:00:02,Tuesday,12,N,2,Udyog Path: PU Chowk ↔ Elante Mall,A_to_B,8563,1227,1092,1.124,OK,
2026-07-28 12:00:02,2026-07-28,12:00:02,Tuesday,12,N,2,Udyog Path: PU Chowk ↔ Elante Mall,B_to_A,8051,1175,1091,1.077,OK,
2026-07-28 12:00:02,2026-07-28,12:00:02,Tuesday,12,N,3,Dakshin Marg: Daddu Majra ↔ Hallo Majra Lights,A_to_B,8610,1374,1261,1.09,OK,
2026-07-28 12:00:03,2026-07-28,12:00:03,Tuesday,12,N,3,Dakshin Marg: Daddu Majra ↔ Hallo Majra Lights,B_to_A,9083,1607,1481,1.085,OK,
2026-07-28 12:00:03,2026-07-28,12:00:03,Tuesday,12,N,4,Shanti Path: Sector 38W ↔ Sector 31 Lights,A_to_B,7418,1018,881,1.156,OK,
2026-07-28 12:00:03,2026-07-28,12:00:03,Tuesday,12,N,4,Shanti Path: Sector 38W ↔ Sector 31 Lights,B_to_A,7590,1082,937,1.155,OK,
2026-07-28 12:00:03,2026-07-28,12:00:03,Tuesday,12,N,5,NH 5: Grain Market ↔ Sector 47 Chowk,A_to_B,7596,986,930,1.06,OK,
2026-07-28 12:00:04,2026-07-28,12:00:04,Tuesday,12,N,5,NH 5: Grain Market ↔ Sector 47 Chowk,B_to_A,7551,918,972,0.944,OK,
2026-07-28 12:00:04,2026-07-28,12:00:04,Tuesday,12,N,6,Vigyan Path: PEC Chowk ↔ Golf Club,A_to_B,4491,535,472,1.133,OK,
2026-07-28 12:00:04,2026-07-28,12:00:04,Tuesday,12,N,6,Vigyan Path: PEC Chowk ↔ Golf Club,B_to_A,4518,564,525,1.074,OK,
2026-07-28 12:00:04,2026-07-28,12:00:04,Tuesday,12,N,7,Uttar Marg: Sector 2 Chowk ↔ Sukhna Lake,A_to_B,2481,286,274,1.044,OK,
2026-07-28 12:00:05,2026-07-28,12:00:05,Tuesday,12,N,7,Uttar Marg: Sector 2 Chowk ↔ Sukhna Lake,B_to_A,3144,409,423,0.967,OK,
2026-07-28 12:00:05,2026-07-28,12:00:05,Tuesday,12,N,8,Madhya Marg: Khudda Lahora ↔ Matka Chowk,A_to_B,6998,1031,949,1.086,OK,
2026-07-28 12:00:05,2026-07-28,12:00:05,Tuesday,12,N,8,Madhya Marg: Khudda Lahora ↔ Matka Chowk,B_to_A,3931,629,529,1.189,OK,
2026-07-28 12:00:05,2026-07-28,12:00:05,Tuesday,12,N,9,Madhya Marg: GMSH 16 ↔ Kalagram,A_to_B,5231,877,744,1.179,OK,
2026-07-28 12:00:06,2026-07-28,12:00:06,Tuesday,12,N,9,Madhya Marg: GMSH 16 ↔ Kalagram,B_to_A,7158,814,822,0.99,OK,
2026-07-28 12:00:06,2026-07-28,12:00:06,Tuesday,12,N,10,Udyog Path: Dhanas ↔ ISBT Sector 17,A_to_B,4785,899,737,1.22,OK,
2026-07-28 12:00:06,2026-07-28,12:00:06,Tuesday,12,N,10,Udyog Path: Dhanas ↔ ISBT Sector 17,B_to_A,5507,1343,919,1.461,OK,
2026-07-28 12:00:07,2026-07-28,12:00:07,Tuesday,12,N,11,Udyog Path: ISBT Sector 17 ↔ Elante Mall,A_to_B,3274,392,383,1.023,OK,
2026-07-28 12:00:07,2026-07-28,12:00:07,Tuesday,12,N,11,Udyog Path: ISBT Sector 17 ↔ Elante Mall,B_to_A,3428,549,451,1.217,OK,
2026-07-28 12:00:07,2026-07-28,12:00:07,Tuesday,12,N,12,Dakshin Marg: DLF Mullanpur ↔ Kisan Bhawan Chowk,A_to_B,7370,1068,984,1.085,OK,
2026-07-28 12:00:07,2026-07-28,12:00:07,Tuesday,12,N,12,Dakshin Marg: DLF Mullanpur ↔ Kisan Bhawan Chowk,B_to_A,7109,1028,950,1.082,OK,
2026-07-28 12:00:08,2026-07-28,12:00:08,Tuesday,12,N,13,Dakshin Marg: Kisan Bhawan Chowk ↔ Airport Chowk,A_to_B,7722,1161,1090,1.065,OK,
2026-07-28 12:00:08,2026-07-28,12:00:08,Tuesday,12,N,13,Dakshin Marg: Kisan Bhawan Chowk ↔ Airport Chowk,B_to_A,7973,1285,1122,1.145,OK,
2026-07-28 12:00:08,2026-07-28,12:00:08,Tuesday,12,N,14,NH 5: Max Hospital ↔ ISBT Sector 43,A_to_B,4206,544,503,1.082,OK,
2026-07-28 12:00:08,2026-07-28,12:00:08,Tuesday,12,N,14,NH 5: Max Hospital ↔ ISBT Sector 43,B_to_A,5445,629,667,0.943,OK,
2026-07-28 12:00:09,2026-07-28,12:00:09,Tuesday,12,N,15,Sukhna Path: Golf Club ↔ Cycle Chowk,A_to_B,7421,1081,1083,0.998,OK,
2026-07-28 12:00:09,2026-07-28,12:00:09,Tuesday,12,N,15,Sukhna Path: Golf Club ↔ Cycle Chowk,B_to_A,7321,1161,1080,1.075,OK,
2026-07-28 12:00:09,2026-07-28,12:00:09,Tuesday,12,N,16,Sarovar Path: Sukhna Lake ↔ Burail Jail,A_to_B,7816,1125,1066,1.055,OK,
2026-07-28 12:00:09,2026-07-28,12:00:09,Tuesday,12,N,16,Sarovar Path: Sukhna Lake ↔ Burail Jail,B_to_A,7928,1250,1084,1.153,OK,
2026-07-28 12:00:10,2026-07-28,12:00:10,Tuesday,12,N,17,Himalaya Marg: Rock Garden ↔ ISBT 43,A_to_B,8803,1168,1097,1.065,OK,
2026-07-28 12:00:10,2026-07-28,12:00:10,Tuesday,12,N,17,Himalaya Marg: Rock Garden ↔ ISBT 43,B_to_A,8947,1337,1132,1.181,OK,
2026-07-28 12:00:10,2026-07-28,12:00:10,Tuesday,12,N,18,Jan Marg: High Court ↔ ISBT 17,A_to_B,3334,409,390,1.049,OK,
2026-07-28 12:00:11,2026-07-28,12:00:11,Tuesday,12,N,18,Jan Marg: High Court ↔ ISBT 17,B_to_A,3132,355,337,1.053,OK,
2026-07-28 12:00:11,2026-07-28,12:00:11,Tuesday,12,N,19,Jan Marg: ISBT 17 ↔ ISBT 43,A_to_B,4115,609,568,1.072,OK,
2026-07-28 12:00:11,2026-07-28,12:00:11,Tuesday,12,N,19,Jan Marg: ISBT 17 ↔ ISBT 43,B_to_A,4233,746,579,1.288,OK,
2026-07-28 12:00:11,2026-07-28,12:00:11,Tuesday,12,N,20,Vidya Path: PGI Chowk ↔ Fountain Chowk,A_to_B,5475,735,714,1.029,OK,
2026-07-28 12:00:12,2026-07-28,12:00:12,Tuesday,12,N,20,Vidya Path: PGI Chowk ↔ Fountain Chowk,B_to_A,5474,878,716,1.226,OK,
2026-07-28 12:00:12,2026-07-28,12:00:12,Tuesday,12,N,21,Purv Marg: Tansport Chowk  ↔ Tribune Chowk,A_to_B,2620,454,411,1.105,OK,
2026-07-28 12:00:12,2026-07-28,12:00:12,Tuesday,12,N,21,Purv Marg: Tansport Chowk  ↔ Tribune Chowk,B_to_A,2611,511,436,1.172,OK,
2026-07-28 12:00:12,2026-07-28,12:00:12,Tuesday,12,N,22,Chandi Path: Sabzi Mandi Chowk  ↔ GMCH 32,A_to_B,2939,432,414,1.043,OK,
2026-07-28 12:00:13,2026-07-28,12:00:13,Tuesday,12,N,22,Chandi Path: Sabzi Mandi Chowk  ↔ GMCH 32,B_to_A,2756,442,361,1.224,OK,
2026-07-28 12:00:13,2026-07-28,12:00:13,Tuesday,12,N,23,Udyan Path: Secretariat Chowk  ↔ Furniture Chowk,A_to_B,7398,986,883,1.117,OK,
2026-07-28 12:00:13,2026-07-28,12:00:13,Tuesday,12,N,23,Udyan Path: Secretariat Chowk  ↔ Furniture Chowk,B_to_A,7219,1001,830,1.206,OK,
2026-07-28 12:00:13,2026-07-28,12:00:13,Tuesday,12,N,24,Madhya Marg: Sector 17 ↔ Railway Station,A_to_B,7206,1055,945,1.116,OK,
2026-07-28 12:00:14,2026-07-28,12:00:14,Tuesday,12,N,24,Madhya Marg: Sector 17 ↔ Railway Station,B_to_A,7747,985,1031,0.955,OK,
2026-07-28 12:00:14,2026-07-28,12:00:14,Tuesday,12,N,25,Paschim Marg: Sector 25 ↔ Sector 56,A_to_B,4090,547,535,1.022,OK,
2026-07-28 12:00:14,2026-07-28,12:00:14,Tuesday,12,N,25,Paschim Marg: Sector 25 ↔ Sector 56,B_to_A,3940,586,493,1.189,OK,
2026-07-28 12:30:02,2026-07-28,12:30:02,Tuesday,12,N,1,Madhya Marg: PGI Chowk ↔ Housing Board lights,A_to_B,11756,1493,1347,1.108,OK,
2026-07-28 12:30:02,2026-07-28,12:30:02,Tuesday,12,N,1,Madhya Marg: PGI Chowk ↔ Housing Board lights,B_to_A,8853,1394,1223,1.14,OK,
2026-07-28 12:30:02,2026-07-28,12:30:02,Tuesday,12,N,2,Udyog Path: PU Chowk ↔ Elante Mall,A_to_B,7173,1164,1033,1.127,OK,
2026-07-28 12:30:03,2026-07-28,12:30:03,Tuesday,12,N,2,Udyog Path: PU Chowk ↔ Elante Mall,B_to_A,8051,1181,1091,1.082,OK,
2026-07-28 12:30:03,2026-07-28,12:30:03,Tuesday,12,N,3,Dakshin Marg: Daddu Majra ↔ Hallo Majra Lights,A_to_B,10961,1548,1403,1.103,OK,
2026-07-28 12:30:03,2026-07-28,12:30:03,Tuesday,12,N,3,Dakshin Marg: Daddu Majra ↔ Hallo Majra Lights,B_to_A,9083,1618,1481,1.093,OK,
2026-07-28 12:30:03,2026-07-28,12:30:03,Tuesday,12,N,4,Shanti Path: Sector 38W ↔ Sector 31 Lights,A_to_B,7418,963,881,1.093,OK,
2026-07-28 12:30:04,2026-07-28,12:30:04,Tuesday,12,N,4,Shanti Path: Sector 38W ↔ Sector 31 Lights,B_to_A,7590,1102,937,1.176,OK,
2026-07-28 12:30:04,2026-07-28,12:30:04,Tuesday,12,N,5,NH 5: Grain Market ↔ Sector 47 Chowk,A_to_B,7596,948,930,1.019,OK,
2026-07-28 12:30:04,2026-07-28,12:30:04,Tuesday,12,N,5,NH 5: Grain Market ↔ Sector 47 Chowk,B_to_A,7551,928,972,0.955,OK,
2026-07-28 12:30:05,2026-07-28,12:30:05,Tuesday,12,N,6,Vigyan Path: PEC Chowk ↔ Golf Club,A_to_B,4491,546,472,1.157,OK,
2026-07-28 12:30:05,2026-07-28,12:30:05,Tuesday,12,N,6,Vigyan Path: PEC Chowk ↔ Golf Club,B_to_A,4518,554,525,1.055,OK,
2026-07-28 12:30:05,2026-07-28,12:30:05,Tuesday,12,N,7,Uttar Marg: Sector 2 Chowk ↔ Sukhna Lake,A_to_B,2481,304,274,1.109,OK,
2026-07-28 12:30:05,2026-07-28,12:30:05,Tuesday,12,N,7,Uttar Marg: Sector 2 Chowk ↔ Sukhna Lake,B_to_A,3144,409,423,0.967,OK,
2026-07-28 12:30:06,2026-07-28,12:30:06,Tuesday,12,N,8,Madhya Marg: Khudda Lahora ↔ Matka Chowk,A_to_B,4208,776,600,1.293,OK,
2026-07-28 12:30:06,2026-07-28,12:30:06,Tuesday,12,N,8,Madhya Marg: Khudda Lahora ↔ Matka Chowk,B_to_A,3931,623,529,1.178,OK,
2026-07-28 12:30:06,2026-07-28,12:30:06,Tuesday,12,N,9,Madhya Marg: GMSH 16 ↔ Kalagram,A_to_B,5231,885,744,1.19,OK,
2026-07-28 12:30:06,2026-07-28,12:30:06,Tuesday,12,N,9,Madhya Marg: GMSH 16 ↔ Kalagram,B_to_A,7158,847,822,1.03,OK,
2026-07-28 12:30:07,2026-07-28,12:30:07,Tuesday,12,N,10,Udyog Path: Dhanas ↔ ISBT Sector 17,A_to_B,4785,825,737,1.119,OK,
2026-07-28 12:30:07,2026-07-28,12:30:07,Tuesday,12,N,10,Udyog Path: Dhanas ↔ ISBT Sector 17,B_to_A,5507,1270,919,1.382,OK,
2026-07-28 12:30:07,2026-07-28,12:30:07,Tuesday,12,N,11,Udyog Path: ISBT Sector 17 ↔ Elante Mall,A_to_B,3274,420,383,1.097,OK,
2026-07-28 12:30:08,2026-07-28,12:30:08,Tuesday,12,N,11,Udyog Path: ISBT Sector 17 ↔ Elante Mall,B_to_A,3428,569,451,1.262,OK,
2026-07-28 12:30:08,2026-07-28,12:30:08,Tuesday,12,N,12,Dakshin Marg: DLF Mullanpur ↔ Kisan Bhawan Chowk,A_to_B,6720,987,894,1.104,OK,
2026-07-28 12:30:08,2026-07-28,12:30:08,Tuesday,12,N,12,Dakshin Marg: DLF Mullanpur ↔ Kisan Bhawan Chowk,B_to_A,7109,982,950,1.034,OK,
2026-07-28 12:30:08,2026-07-28,12:30:08,Tuesday,12,N,13,Dakshin Marg: Kisan Bhawan Chowk ↔ Airport Chowk,A_to_B,7722,1235,1090,1.133,OK,
2026-07-28 12:30:09,2026-07-28,12:30:09,Tuesday,12,N,13,Dakshin Marg: Kisan Bhawan Chowk ↔ Airport Chowk,B_to_A,7973,1325,1122,1.181,OK,
2026-07-28 12:30:09,2026-07-28,12:30:09,Tuesday,12,N,14,NH 5: Max Hospital ↔ ISBT Sector 43,A_to_B,4206,527,503,1.048,OK,
2026-07-28 12:30:09,2026-07-28,12:30:09,Tuesday,12,N,14,NH 5: Max Hospital ↔ ISBT Sector 43,B_to_A,5445,636,667,0.954,OK,
2026-07-28 12:30:10,2026-07-28,12:30:10,Tuesday,12,N,15,Sukhna Path: Golf Club ↔ Cycle Chowk,A_to_B,7421,1100,1083,1.016,OK,
2026-07-28 12:30:10,2026-07-28,12:30:10,Tuesday,12,N,15,Sukhna Path: Golf Club ↔ Cycle Chowk,B_to_A,7321,1127,1080,1.044,OK,
2026-07-28 12:30:10,2026-07-28,12:30:10,Tuesday,12,N,16,Sarovar Path: Sukhna Lake ↔ Burail Jail,A_to_B,7816,1143,1066,1.072,OK,
2026-07-28 12:30:10,2026-07-28,12:30:10,Tuesday,12,N,16,Sarovar Path: Sukhna Lake ↔ Burail Jail,B_to_A,7928,1244,1084,1.148,OK,
2026-07-28 12:30:11,2026-07-28,12:30:11,Tuesday,12,N,17,Himalaya Marg: Rock Garden ↔ ISBT 43,A_to_B,8803,1303,1097,1.188,OK,
2026-07-28 12:30:11,2026-07-28,12:30:11,Tuesday,12,N,17,Himalaya Marg: Rock Garden ↔ ISBT 43,B_to_A,8806,1301,1181,1.102,OK,
2026-07-28 12:30:11,2026-07-28,12:30:11,Tuesday,12,N,18,Jan Marg: High Court ↔ ISBT 17,A_to_B,3334,515,390,1.321,OK,
2026-07-28 12:30:11,2026-07-28,12:30:11,Tuesday,12,N,18,Jan Marg: High Court ↔ ISBT 17,B_to_A,3132,394,337,1.169,OK,
2026-07-28 12:30:12,2026-07-28,12:30:12,Tuesday,12,N,19,Jan Marg: ISBT 17 ↔ ISBT 43,A_to_B,4115,660,568,1.162,OK,
2026-07-28 12:30:12,2026-07-28,12:30:12,Tuesday,12,N,19,Jan Marg: ISBT 17 ↔ ISBT 43,B_to_A,4233,715,579,1.235,OK,
2026-07-28 12:30:12,2026-07-28,12:30:12,Tuesday,12,N,20,Vidya Path: PGI Chowk ↔ Fountain Chowk,A_to_B,5475,747,714,1.046,OK,
2026-07-28 12:30:13,2026-07-28,12:30:13,Tuesday,12,N,20,Vidya Path: PGI Chowk ↔ Fountain Chowk,B_to_A,5474,752,716,1.05,OK,
2026-07-28 12:30:13,2026-07-28,12:30:13,Tuesday,12,N,21,Purv Marg: Tansport Chowk  ↔ Tribune Chowk,A_to_B,2620,467,411,1.136,OK,
2026-07-28 12:30:13,2026-07-28,12:30:13,Tuesday,12,N,21,Purv Marg: Tansport Chowk  ↔ Tribune Chowk,B_to_A,2611,518,436,1.188,OK,
2026-07-28 12:30:13,2026-07-28,12:30:13,Tuesday,12,N,22,Chandi Path: Sabzi Mandi Chowk  ↔ GMCH 32,A_to_B,2939,436,414,1.053,OK,
2026-07-28 12:30:14,2026-07-28,12:30:14,Tuesday,12,N,22,Chandi Path: Sabzi Mandi Chowk  ↔ GMCH 32,B_to_A,2754,430,360,1.194,OK,
2026-07-28 12:30:14,2026-07-28,12:30:14,Tuesday,12,N,23,Udyan Path: Secretariat Chowk  ↔ Furniture Chowk,A_to_B,7398,983,883,1.113,OK,
2026-07-28 12:30:14,2026-07-28,12:30:14,Tuesday,12,N,23,Udyan Path: Secretariat Chowk  ↔ Furniture Chowk,B_to_A,7220,908,830,1.094,OK,
2026-07-28 12:30:15,2026-07-28,12:30:15,Tuesday,12,N,24,Madhya Marg: Sector 17 ↔ Railway Station,A_to_B,7206,1091,945,1.154,OK,
2026-07-28 12:30:15,2026-07-28,12:30:15,Tuesday,12,N,24,Madhya Marg: Sector 17 ↔ Railway Station,B_to_A,6568,987,1029,0.959,OK,
2026-07-28 12:30:15,2026-07-28,12:30:15,Tuesday,12,N,25,Paschim Marg: Sector 25 ↔ Sector 56,A_to_B,4090,701,535,1.31,OK,
2026-07-28 12:30:15,2026-07-28,12:30:15,Tuesday,12,N,25,Paschim Marg: Sector 25 ↔ Sector 56,B_to_A,3940,518,493,1.051,OK,
2026-07-28 13:00:02,2026-07-28,13:00:02,Tuesday,13,N,1,Madhya Marg: PGI Chowk ↔ Housing Board lights,A_to_B,11756,1457,1347,1.082,OK,
2026-07-28 13:00:02,2026-07-28,13:00:02,Tuesday,13,N,1,Madhya Marg: PGI Chowk ↔ Housing Board lights,B_to_A,10809,1407,1350,1.042,OK,
2026-07-28 13:00:02,2026-07-28,13:00:02,Tuesday,13,N,2,Udyog Path: PU Chowk ↔ Elante Mall,A_to_B,7173,1215,1033,1.176,OK,
2026-07-28 13:00:03,2026-07-28,13:00:03,Tuesday,13,N,2,Udyog Path: PU Chowk ↔ Elante Mall,B_to_A,8051,1138,1091,1.043,OK,
2026-07-28 13:00:03,2026-07-28,13:00:03,Tuesday,13,N,3,Dakshin Marg: Daddu Majra ↔ Hallo Majra Lights,A_to_B,8610,1465,1261,1.162,OK,
2026-07-28 13:00:03,2026-07-28,13:00:03,Tuesday,13,N,3,Dakshin Marg: Daddu Majra ↔ Hallo Majra Lights,B_to_A,9083,1619,1481,1.093,OK,
2026-07-28 13:00:04,2026-07-28,13:00:04,Tuesday,13,N,4,Shanti Path: Sector 38W ↔ Sector 31 Lights,A_to_B,7418,989,881,1.123,OK,
2026-07-28 13:00:04,2026-07-28,13:00:04,Tuesday,13,N,4,Shanti Path: Sector 38W ↔ Sector 31 Lights,B_to_A,7590,1130,937,1.206,OK,
2026-07-28 13:00:04,2026-07-28,13:00:04,Tuesday,13,N,5,NH 5: Grain Market ↔ Sector 47 Chowk,A_to_B,7596,953,930,1.025,OK,
2026-07-28 13:00:04,2026-07-28,13:00:04,Tuesday,13,N,5,NH 5: Grain Market ↔ Sector 47 Chowk,B_to_A,7551,945,972,0.972,OK,
2026-07-28 13:00:05,2026-07-28,13:00:05,Tuesday,13,N,6,Vigyan Path: PEC Chowk ↔ Golf Club,A_to_B,4491,543,472,1.15,OK,
2026-07-28 13:00:05,2026-07-28,13:00:05,Tuesday,13,N,6,Vigyan Path: PEC Chowk ↔ Golf Club,B_to_A,4518,566,525,1.078,OK,
2026-07-28 13:00:05,2026-07-28,13:00:05,Tuesday,13,N,7,Uttar Marg: Sector 2 Chowk ↔ Sukhna Lake,A_to_B,2481,301,274,1.099,OK,
2026-07-28 13:00:05,2026-07-28,13:00:05,Tuesday,13,N,7,Uttar Marg: Sector 2 Chowk ↔ Sukhna Lake,B_to_A,3144,428,423,1.012,OK,
2026-07-28 13:00:06,2026-07-28,13:00:06,Tuesday,13,N,8,Madhya Marg: Khudda Lahora ↔ Matka Chowk,A_to_B,4208,662,600,1.103,OK,
2026-07-28 13:00:06,2026-07-28,13:00:06,Tuesday,13,N,8,Madhya Marg: Khudda Lahora ↔ Matka Chowk,B_to_A,3931,692,529,1.308,OK,
2026-07-28 13:00:06,2026-07-28,13:00:06,Tuesday,13,N,9,Madhya Marg: GMSH 16 ↔ Kalagram,A_to_B,5231,957,744,1.286,OK,
2026-07-28 13:00:07,2026-07-28,13:00:07,Tuesday,13,N,9,Madhya Marg: GMSH 16 ↔ Kalagram,B_to_A,7158,799,822,0.972,OK,
2026-07-28 13:00:07,2026-07-28,13:00:07,Tuesday,13,N,10,Udyog Path: Dhanas ↔ ISBT Sector 17,A_to_B,4785,870,737,1.18,OK,
2026-07-28 13:00:07,2026-07-28,13:00:07,Tuesday,13,N,10,Udyog Path: Dhanas ↔ ISBT Sector 17,B_to_A,5507,1227,919,1.335,OK,
2026-07-28 13:00:07,2026-07-28,13:00:07,Tuesday,13,N,11,Udyog Path: ISBT Sector 17 ↔ Elante Mall,A_to_B,3274,423,383,1.104,OK,
2026-07-28 13:00:08,2026-07-28,13:00:08,Tuesday,13,N,11,Udyog Path: ISBT Sector 17 ↔ Elante Mall,B_to_A,3428,515,451,1.142,OK,
2026-07-28 13:00:08,2026-07-28,13:00:08,Tuesday,13,N,12,Dakshin Marg: DLF Mullanpur ↔ Kisan Bhawan Chowk,A_to_B,6720,958,894,1.072,OK,
2026-07-28 13:00:08,2026-07-28,13:00:08,Tuesday,13,N,12,Dakshin Marg: DLF Mullanpur ↔ Kisan Bhawan Chowk,B_to_A,7109,1010,950,1.063,OK,
2026-07-28 13:00:08,2026-07-28,13:00:08,Tuesday,13,N,13,Dakshin Marg: Kisan Bhawan Chowk ↔ Airport Chowk,A_to_B,7722,1265,1090,1.161,OK,
2026-07-28 13:00:09,2026-07-28,13:00:09,Tuesday,13,N,13,Dakshin Marg: Kisan Bhawan Chowk ↔ Airport Chowk,B_to_A,7973,1312,1122,1.169,OK,
2026-07-28 13:00:09,2026-07-28,13:00:09,Tuesday,13,N,14,NH 5: Max Hospital ↔ ISBT Sector 43,A_to_B,4206,531,503,1.056,OK,
2026-07-28 13:00:09,2026-07-28,13:00:09,Tuesday,13,N,14,NH 5: Max Hospital ↔ ISBT Sector 43,B_to_A,5445,648,667,0.972,OK,
2026-07-28 13:00:09,2026-07-28,13:00:09,Tuesday,13,N,15,Sukhna Path: Golf Club ↔ Cycle Chowk,A_to_B,7421,1137,1083,1.05,OK,
2026-07-28 13:00:10,2026-07-28,13:00:10,Tuesday,13,N,15,Sukhna Path: Golf Club ↔ Cycle Chowk,B_to_A,7321,1149,1080,1.064,OK,
2026-07-28 13:00:10,2026-07-28,13:00:10,Tuesday,13,N,16,Sarovar Path: Sukhna Lake ↔ Burail Jail,A_to_B,7816,1175,1066,1.102,OK,
2026-07-28 13:00:10,2026-07-28,13:00:10,Tuesday,13,N,16,Sarovar Path: Sukhna Lake ↔ Burail Jail,B_to_A,7928,1260,1084,1.162,OK,
2026-07-28 13:00:11,2026-07-28,13:00:11,Tuesday,13,N,17,Himalaya Marg: Rock Garden ↔ ISBT 43,A_to_B,8803,1216,1097,1.108,OK,
2026-07-28 13:00:11,2026-07-28,13:00:11,Tuesday,13,N,17,Himalaya Marg: Rock Garden ↔ ISBT 43,B_to_A,8947,1199,1132,1.059,OK,
2026-07-28 13:00:11,2026-07-28,13:00:11,Tuesday,13,N,18,Jan Marg: High Court ↔ ISBT 17,A_to_B,3334,428,390,1.097,OK,
2026-07-28 13:00:11,2026-07-28,13:00:11,Tuesday,13,N,18,Jan Marg: High Court ↔ ISBT 17,B_to_A,3132,340,337,1.009,OK,
2026-07-28 13:00:12,2026-07-28,13:00:12,Tuesday,13,N,19,Jan Marg: ISBT 17 ↔ ISBT 43,A_to_B,4115,633,568,1.114,OK,
2026-07-28 13:00:12,2026-07-28,13:00:12,Tuesday,13,N,19,Jan Marg: ISBT 17 ↔ ISBT 43,B_to_A,4233,611,579,1.055,OK,
2026-07-28 13:00:12,2026-07-28,13:00:12,Tuesday,13,N,20,Vidya Path: PGI Chowk ↔ Fountain Chowk,A_to_B,5475,846,714,1.185,OK,
2026-07-28 13:00:13,2026-07-28,13:00:13,Tuesday,13,N,20,Vidya Path: PGI Chowk ↔ Fountain Chowk,B_to_A,5474,753,716,1.052,OK,
2026-07-28 13:00:13,2026-07-28,13:00:13,Tuesday,13,N,21,Purv Marg: Tansport Chowk  ↔ Tribune Chowk,A_to_B,2620,470,411,1.144,OK,
2026-07-28 13:00:13,2026-07-28,13:00:13,Tuesday,13,N,21,Purv Marg: Tansport Chowk  ↔ Tribune Chowk,B_to_A,2611,517,436,1.186,OK,
2026-07-28 13:00:13,2026-07-28,13:00:13,Tuesday,13,N,22,Chandi Path: Sabzi Mandi Chowk  ↔ GMCH 32,A_to_B,2939,425,414,1.027,OK,
2026-07-28 13:00:14,2026-07-28,13:00:14,Tuesday,13,N,22,Chandi Path: Sabzi Mandi Chowk  ↔ GMCH 32,B_to_A,2756,387,361,1.072,OK,
2026-07-28 13:00:14,2026-07-28,13:00:14,Tuesday,13,N,23,Udyan Path: Secretariat Chowk  ↔ Furniture Chowk,A_to_B,7398,1023,883,1.159,OK,
2026-07-28 13:00:14,2026-07-28,13:00:14,Tuesday,13,N,23,Udyan Path: Secretariat Chowk  ↔ Furniture Chowk,B_to_A,7219,899,830,1.083,OK,
2026-07-28 13:00:14,2026-07-28,13:00:14,Tuesday,13,N,24,Madhya Marg: Sector 17 ↔ Railway Station,A_to_B,7206,1127,945,1.193,OK,
2026-07-28 13:00:15,2026-07-28,13:00:15,Tuesday,13,N,24,Madhya Marg: Sector 17 ↔ Railway Station,B_to_A,8105,1010,1082,0.933,OK,
2026-07-28 13:00:15,2026-07-28,13:00:15,Tuesday,13,N,25,Paschim Marg: Sector 25 ↔ Sector 56,A_to_B,5742,777,743,1.046,OK,
2026-07-28 13:00:15,2026-07-28,13:00:15,Tuesday,13,N,25,Paschim Marg: Sector 25 ↔ Sector 56,B_to_A,3940,508,493,1.03,OK,
2026-07-28 13:30:02,2026-07-28,13:30:02,Tuesday,13,N,1,Madhya Marg: PGI Chowk ↔ Housing Board lights,A_to_B,11756,1490,1347,1.106,OK,
2026-07-28 13:30:02,2026-07-28,13:30:02,Tuesday,13,N,1,Madhya Marg: PGI Chowk ↔ Housing Board lights,B_to_A,8853,1361,1223,1.113,OK,
2026-07-28 13:30:02,2026-07-28,13:30:02,Tuesday,13,N,2,Udyog Path: PU Chowk ↔ Elante Mall,A_to_B,7173,1168,1033,1.131,OK,
2026-07-28 13:30:03,2026-07-28,13:30:03,Tuesday,13,N,2,Udyog Path: PU Chowk ↔ Elante Mall,B_to_A,8051,1167,1091,1.07,OK,
2026-07-28 13:30:03,2026-07-28,13:30:03,Tuesday,13,N,3,Dakshin Marg: Daddu Majra ↔ Hallo Majra Lights,A_to_B,8610,1462,1261,1.159,OK,
2026-07-28 13:30:03,2026-07-28,13:30:03,Tuesday,13,N,3,Dakshin Marg: Daddu Majra ↔ Hallo Majra Lights,B_to_A,9083,1670,1481,1.128,OK,
2026-07-28 13:30:04,2026-07-28,13:30:04,Tuesday,13,N,4,Shanti Path: Sector 38W ↔ Sector 31 Lights,A_to_B,7418,1101,881,1.25,OK,
2026-07-28 13:30:04,2026-07-28,13:30:04,Tuesday,13,N,4,Shanti Path: Sector 38W ↔ Sector 31 Lights,B_to_A,7590,1241,937,1.324,OK,
2026-07-28 13:30:04,2026-07-28,13:30:04,Tuesday,13,N,5,NH 5: Grain Market ↔ Sector 47 Chowk,A_to_B,7596,951,930,1.023,OK,
2026-07-28 13:30:04,2026-07-28,13:30:04,Tuesday,13,N,5,NH 5: Grain Market ↔ Sector 47 Chowk,B_to_A,7551,923,972,0.95,OK,
2026-07-28 13:30:05,2026-07-28,13:30:05,Tuesday,13,N,6,Vigyan Path: PEC Chowk ↔ Golf Club,A_to_B,4491,553,472,1.172,OK,
2026-07-28 13:30:05,2026-07-28,13:30:05,Tuesday,13,N,6,Vigyan Path: PEC Chowk ↔ Golf Club,B_to_A,4518,547,525,1.042,OK,
2026-07-28 13:30:05,2026-07-28,13:30:05,Tuesday,13,N,7,Uttar Marg: Sector 2 Chowk ↔ Sukhna Lake,A_to_B,2481,294,274,1.073,OK,
2026-07-28 13:30:05,2026-07-28,13:30:05,Tuesday,13,N,7,Uttar Marg: Sector 2 Chowk ↔ Sukhna Lake,B_to_A,3144,416,423,0.983,OK,
2026-07-28 13:30:06,2026-07-28,13:30:06,Tuesday,13,N,8,Madhya Marg: Khudda Lahora ↔ Matka Chowk,A_to_B,4208,709,600,1.182,OK,
2026-07-28 13:30:06,2026-07-28,13:30:06,Tuesday,13,N,8,Madhya Marg: Khudda Lahora ↔ Matka Chowk,B_to_A,3931,647,529,1.223,OK,
2026-07-28 13:30:06,2026-07-28,13:30:06,Tuesday,13,N,9,Madhya Marg: GMSH 16 ↔ Kalagram,A_to_B,5231,944,744,1.269,OK,
2026-07-28 13:30:07,2026-07-28,13:30:07,Tuesday,13,N,9,Madhya Marg: GMSH 16 ↔ Kalagram,B_to_A,7158,796,822,0.968,OK,
2026-07-28 13:30:07,2026-07-28,13:30:07,Tuesday,13,N,10,Udyog Path: Dhanas ↔ ISBT Sector 17,A_to_B,4785,823,737,1.117,OK,
2026-07-28 13:30:07,2026-07-28,13:30:07,Tuesday,13,N,10,Udyog Path: Dhanas ↔ ISBT Sector 17,B_to_A,5507,1066,919,1.16,OK,
2026-07-28 13:30:07,2026-07-28,13:30:07,Tuesday,13,N,11,Udyog Path: ISBT Sector 17 ↔ Elante Mall,A_to_B,3274,421,383,1.099,OK,
2026-07-28 13:30:08,2026-07-28,13:30:08,Tuesday,13,N,11,Udyog Path: ISBT Sector 17 ↔ Elante Mall,B_to_A,3428,519,451,1.151,OK,
2026-07-28 13:30:08,2026-07-28,13:30:08,Tuesday,13,N,12,Dakshin Marg: DLF Mullanpur ↔ Kisan Bhawan Chowk,A_to_B,6720,1085,894,1.214,OK,
2026-07-28 13:30:08,2026-07-28,13:30:08,Tuesday,13,N,12,Dakshin Marg: DLF Mullanpur ↔ Kisan Bhawan Chowk,B_to_A,7109,998,950,1.051,OK,
2026-07-28 13:30:09,2026-07-28,13:30:09,Tuesday,13,N,13,Dakshin Marg: Kisan Bhawan Chowk ↔ Airport Chowk,A_to_B,7722,1261,1090,1.157,OK,
2026-07-28 13:30:09,2026-07-28,13:30:09,Tuesday,13,N,13,Dakshin Marg: Kisan Bhawan Chowk ↔ Airport Chowk,B_to_A,7973,1307,1122,1.165,OK,
2026-07-28 13:30:09,2026-07-28,13:30:09,Tuesday,13,N,14,NH 5: Max Hospital ↔ ISBT Sector 43,A_to_B,4206,528,503,1.05,OK,
2026-07-28 13:30:09,2026-07-28,13:30:09,Tuesday,13,N,14,NH 5: Max Hospital ↔ ISBT Sector 43,B_to_A,5445,648,667,0.972,OK,
2026-07-28 13:30:10,2026-07-28,13:30:10,Tuesday,13,N,15,Sukhna Path: Golf Club ↔ Cycle Chowk,A_to_B,7421,1111,1083,1.026,OK,
2026-07-28 13:30:10,2026-07-28,13:30:10,Tuesday,13,N,15,Sukhna Path: Golf Club ↔ Cycle Chowk,B_to_A,7321,1145,1080,1.06,OK,
2026-07-28 13:30:10,2026-07-28,13:30:10,Tuesday,13,N,16,Sarovar Path: Sukhna Lake ↔ Burail Jail,A_to_B,7816,1174,1066,1.101,OK,
2026-07-28 13:30:11,2026-07-28,13:30:11,Tuesday,13,N,16,Sarovar Path: Sukhna Lake ↔ Burail Jail,B_to_A,7928,1233,1084,1.137,OK,
2026-07-28 13:30:11,2026-07-28,13:30:11,Tuesday,13,N,17,Himalaya Marg: Rock Garden ↔ ISBT 43,A_to_B,8803,1230,1097,1.121,OK,
2026-07-28 13:30:11,2026-07-28,13:30:11,Tuesday,13,N,17,Himalaya Marg: Rock Garden ↔ ISBT 43,B_to_A,8947,1218,1132,1.076,OK,
2026-07-28 13:30:11,2026-07-28,13:30:11,Tuesday,13,N,18,Jan Marg: High Court ↔ ISBT 17,A_to_B,3334,430,390,1.103,OK,
2026-07-28 13:30:12,2026-07-28,13:30:12,Tuesday,13,N,18,Jan Marg: High Court ↔ ISBT 17,B_to_A,3132,377,337,1.119,OK,
2026-07-28 13:30:12,2026-07-28,13:30:12,Tuesday,13,N,19,Jan Marg: ISBT 17 ↔ ISBT 43,A_to_B,4115,629,568,1.107,OK,
2026-07-28 13:30:12,2026-07-28,13:30:12,Tuesday,13,N,19,Jan Marg: ISBT 17 ↔ ISBT 43,B_to_A,4233,617,579,1.066,OK,
2026-07-28 13:30:13,2026-07-28,13:30:13,Tuesday,13,N,20,Vidya Path: PGI Chowk ↔ Fountain Chowk,A_to_B,5475,831,714,1.164,OK,
2026-07-28 13:30:13,2026-07-28,13:30:13,Tuesday,13,N,20,Vidya Path: PGI Chowk ↔ Fountain Chowk,B_to_A,5474,766,716,1.07,OK,
2026-07-28 13:30:13,2026-07-28,13:30:13,Tuesday,13,N,21,Purv Marg: Tansport Chowk  ↔ Tribune Chowk,A_to_B,2620,447,411,1.088,OK,
2026-07-28 13:30:13,2026-07-28,13:30:13,Tuesday,13,N,21,Purv Marg: Tansport Chowk  ↔ Tribune Chowk,B_to_A,2611,508,436,1.165,OK,
2026-07-28 13:30:14,2026-07-28,13:30:14,Tuesday,13,N,22,Chandi Path: Sabzi Mandi Chowk  ↔ GMCH 32,A_to_B,2939,422,414,1.019,OK,
2026-07-28 13:30:14,2026-07-28,13:30:14,Tuesday,13,N,22,Chandi Path: Sabzi Mandi Chowk  ↔ GMCH 32,B_to_A,2756,431,361,1.194,OK,
2026-07-28 13:30:14,2026-07-28,13:30:14,Tuesday,13,N,23,Udyan Path: Secretariat Chowk  ↔ Furniture Chowk,A_to_B,7398,975,883,1.104,OK,
2026-07-28 13:30:15,2026-07-28,13:30:15,Tuesday,13,N,23,Udyan Path: Secretariat Chowk  ↔ Furniture Chowk,B_to_A,7219,887,830,1.069,OK,
2026-07-28 13:30:15,2026-07-28,13:30:15,Tuesday,13,N,24,Madhya Marg: Sector 17 ↔ Railway Station,A_to_B,7206,1091,945,1.154,OK,
2026-07-28 13:30:15,2026-07-28,13:30:15,Tuesday,13,N,24,Madhya Marg: Sector 17 ↔ Railway Station,B_to_A,7747,1000,1031,0.97,OK,
2026-07-28 13:30:15,2026-07-28,13:30:15,Tuesday,13,N,25,Paschim Marg: Sector 25 ↔ Sector 56,A_to_B,4090,675,535,1.262,OK,
2026-07-28 13:30:16,2026-07-28,13:30:16,Tuesday,13,N,25,Paschim Marg: Sector 25 ↔ Sector 56,B_to_A,3940,520,493,1.055,OK,
2026-07-28 14:00:01,2026-07-28,14:00:01,Tuesday,14,N,1,Madhya Marg: PGI Chowk ↔ Housing Board lights,A_to_B,11756,1483,1347,1.101,OK,
2026-07-28 14:00:02,2026-07-28,14:00:02,Tuesday,14,N,1,Madhya Marg: PGI Chowk ↔ Housing Board lights,B_to_A,10872,1384,1360,1.018,OK,
2026-07-28 14:00:02,2026-07-28,14:00:02,Tuesday,14,N,2,Udyog Path: PU Chowk ↔ Elante Mall,A_to_B,7111,1123,991,1.133,OK,
2026-07-28 14:00:02,2026-07-28,14:00:02,Tuesday,14,N,2,Udyog Path: PU Chowk ↔ Elante Mall,B_to_A,8051,1197,1091,1.097,OK,
2026-07-28 14:00:03,2026-07-28,14:00:03,Tuesday,14,N,3,Dakshin Marg: Daddu Majra ↔ Hallo Majra Lights,A_to_B,8621,1520,1296,1.173,OK,
2026-07-28 14:00:03,2026-07-28,14:00:03,Tuesday,14,N,3,Dakshin Marg: Daddu Majra ↔ Hallo Majra Lights,B_to_A,9083,1710,1481,1.155,OK,
2026-07-28 14:00:03,2026-07-28,14:00:03,Tuesday,14,N,4,Shanti Path: Sector 38W ↔ Sector 31 Lights,A_to_B,7418,1159,881,1.316,OK,
2026-07-28 14:00:03,2026-07-28,14:00:03,Tuesday,14,N,4,Shanti Path: Sector 38W ↔ Sector 31 Lights,B_to_A,7590,1155,937,1.233,OK,
2026-07-28 14:00:04,2026-07-28,14:00:04,Tuesday,14,N,5,NH 5: Grain Market ↔ Sector 47 Chowk,A_to_B,7596,952,930,1.024,OK,
2026-07-28 14:00:04,2026-07-28,14:00:04,Tuesday,14,N,5,NH 5: Grain Market ↔ Sector 47 Chowk,B_to_A,7551,959,972,0.987,OK,
2026-07-28 14:00:04,2026-07-28,14:00:04,Tuesday,14,N,6,Vigyan Path: PEC Chowk ↔ Golf Club,A_to_B,4491,545,472,1.155,OK,
2026-07-28 14:00:05,2026-07-28,14:00:05,Tuesday,14,N,6,Vigyan Path: PEC Chowk ↔ Golf Club,B_to_A,4518,560,525,1.067,OK,
2026-07-28 14:00:05,2026-07-28,14:00:05,Tuesday,14,N,7,Uttar Marg: Sector 2 Chowk ↔ Sukhna Lake,A_to_B,2481,296,274,1.08,OK,
2026-07-28 14:00:05,2026-07-28,14:00:05,Tuesday,14,N,7,Uttar Marg: Sector 2 Chowk ↔ Sukhna Lake,B_to_A,3144,419,423,0.991,OK,
2026-07-28 14:00:05,2026-07-28,14:00:05,Tuesday,14,N,8,Madhya Marg: Khudda Lahora ↔ Matka Chowk,A_to_B,4208,762,600,1.27,OK,
2026-07-28 14:00:06,2026-07-28,14:00:06,Tuesday,14,N,8,Madhya Marg: Khudda Lahora ↔ Matka Chowk,B_to_A,3931,623,529,1.178,OK,
2026-07-28 14:00:06,2026-07-28,14:00:06,Tuesday,14,N,9,Madhya Marg: GMSH 16 ↔ Kalagram,A_to_B,7180,1013,830,1.22,OK,
2026-07-28 14:00:06,2026-07-28,14:00:06,Tuesday,14,N,9,Madhya Marg: GMSH 16 ↔ Kalagram,B_to_A,7158,785,822,0.955,OK,
2026-07-28 14:00:07,2026-07-28,14:00:07,Tuesday,14,N,10,Udyog Path: Dhanas ↔ ISBT Sector 17,A_to_B,4785,795,737,1.079,OK,
2026-07-28 14:00:07,2026-07-28,14:00:07,Tuesday,14,N,10,Udyog Path: Dhanas ↔ ISBT Sector 17,B_to_A,5507,1002,919,1.09,OK,
2026-07-28 14:00:07,2026-07-28,14:00:07,Tuesday,14,N,11,Udyog Path: ISBT Sector 17 ↔ Elante Mall,A_to_B,3274,479,383,1.251,OK,
2026-07-28 14:00:08,2026-07-28,14:00:08,Tuesday,14,N,11,Udyog Path: ISBT Sector 17 ↔ Elante Mall,B_to_A,3428,514,451,1.14,OK,
2026-07-28 14:00:08,2026-07-28,14:00:08,Tuesday,14,N,12,Dakshin Marg: DLF Mullanpur ↔ Kisan Bhawan Chowk,A_to_B,6720,1032,894,1.154,OK,
2026-07-28 14:00:08,2026-07-28,14:00:08,Tuesday,14,N,12,Dakshin Marg: DLF Mullanpur ↔ Kisan Bhawan Chowk,B_to_A,7109,1022,950,1.076,OK,
2026-07-28 14:00:08,2026-07-28,14:00:08,Tuesday,14,N,13,Dakshin Marg: Kisan Bhawan Chowk ↔ Airport Chowk,A_to_B,7733,1316,1126,1.169,OK,
2026-07-28 14:00:09,2026-07-28,14:00:09,Tuesday,14,N,13,Dakshin Marg: Kisan Bhawan Chowk ↔ Airport Chowk,B_to_A,7973,1346,1122,1.2,OK,
2026-07-28 14:00:09,2026-07-28,14:00:09,Tuesday,14,N,14,NH 5: Max Hospital ↔ ISBT Sector 43,A_to_B,4206,526,503,1.046,OK,
2026-07-28 14:00:09,2026-07-28,14:00:09,Tuesday,14,N,14,NH 5: Max Hospital ↔ ISBT Sector 43,B_to_A,5445,659,667,0.988,OK,
2026-07-28 14:00:10,2026-07-28,14:00:10,Tuesday,14,N,15,Sukhna Path: Golf Club ↔ Cycle Chowk,A_to_B,8924,1184,1149,1.03,OK,
2026-07-28 14:00:10,2026-07-28,14:00:10,Tuesday,14,N,15,Sukhna Path: Golf Club ↔ Cycle Chowk,B_to_A,7321,1196,1080,1.107,OK,
2026-07-28 14:00:10,2026-07-28,14:00:10,Tuesday,14,N,16,Sarovar Path: Sukhna Lake ↔ Burail Jail,A_to_B,7816,1241,1066,1.164,OK,
2026-07-28 14:00:10,2026-07-28,14:00:10,Tuesday,14,N,16,Sarovar Path: Sukhna Lake ↔ Burail Jail,B_to_A,9522,1357,1245,1.09,OK,
2026-07-28 14:00:11,2026-07-28,14:00:11,Tuesday,14,N,17,Himalaya Marg: Rock Garden ↔ ISBT 43,A_to_B,8803,1215,1097,1.108,OK,
2026-07-28 14:00:11,2026-07-28,14:00:11,Tuesday,14,N,17,Himalaya Marg: Rock Garden ↔ ISBT 43,B_to_A,8947,1200,1132,1.06,OK,
2026-07-28 14:00:11,2026-07-28,14:00:11,Tuesday,14,N,18,Jan Marg: High Court ↔ ISBT 17,A_to_B,3334,431,390,1.105,OK,
2026-07-28 14:00:12,2026-07-28,14:00:12,Tuesday,14,N,18,Jan Marg: High Court ↔ ISBT 17,B_to_A,3132,378,337,1.122,OK,
2026-07-28 14:00:12,2026-07-28,14:00:12,Tuesday,14,N,19,Jan Marg: ISBT 17 ↔ ISBT 43,A_to_B,4115,636,568,1.12,OK,
2026-07-28 14:00:12,2026-07-28,14:00:12,Tuesday,14,N,19,Jan Marg: ISBT 17 ↔ ISBT 43,B_to_A,4233,595,579,1.028,OK,
2026-07-28 14:00:12,2026-07-28,14:00:12,Tuesday,14,N,20,Vidya Path: PGI Chowk ↔ Fountain Chowk,A_to_B,5475,783,714,1.097,OK,
2026-07-28 14:00:13,2026-07-28,14:00:13,Tuesday,14,N,20,Vidya Path: PGI Chowk ↔ Fountain Chowk,B_to_A,5474,767,716,1.071,OK,
2026-07-28 14:00:13,2026-07-28,14:00:13,Tuesday,14,N,21,Purv Marg: Tansport Chowk  ↔ Tribune Chowk,A_to_B,2620,450,411,1.095,OK,
2026-07-28 14:00:13,2026-07-28,14:00:13,Tuesday,14,N,21,Purv Marg: Tansport Chowk  ↔ Tribune Chowk,B_to_A,2611,492,436,1.128,OK,
2026-07-28 14:00:14,2026-07-28,14:00:14,Tuesday,14,N,22,Chandi Path: Sabzi Mandi Chowk  ↔ GMCH 32,A_to_B,2939,437,414,1.056,OK,
2026-07-28 14:00:14,2026-07-28,14:00:14,Tuesday,14,N,22,Chandi Path: Sabzi Mandi Chowk  ↔ GMCH 32,B_to_A,2756,415,361,1.15,OK,
2026-07-28 14:00:14,2026-07-28,14:00:14,Tuesday,14,N,23,Udyan Path: Secretariat Chowk  ↔ Furniture Chowk,A_to_B,7398,1139,883,1.29,OK,
2026-07-28 14:00:14,2026-07-28,14:00:14,Tuesday,14,N,23,Udyan Path: Secretariat Chowk  ↔ Furniture Chowk,B_to_A,7219,910,830,1.096,OK,
2026-07-28 14:00:15,2026-07-28,14:00:15,Tuesday,14,N,24,Madhya Marg: Sector 17 ↔ Railway Station,A_to_B,8934,1127,1080,1.044,OK,
2026-07-28 14:00:15,2026-07-28,14:00:15,Tuesday,14,N,24,Madhya Marg: Sector 17 ↔ Railway Station,B_to_A,7747,1055,1031,1.023,OK,
2026-07-28 14:00:15,2026-07-28,14:00:15,Tuesday,14,N,25,Paschim Marg: Sector 25 ↔ Sector 56,A_to_B,4090,561,535,1.049,OK,
2026-07-28 14:00:16,2026-07-28,14:00:16,Tuesday,14,N,25,Paschim Marg: Sector 25 ↔ Sector 56,B_to_A,3940,570,493,1.156,OK,
2026-07-28 14:30:01,2026-07-28,14:30:01,Tuesday,14,N,1,Madhya Marg: PGI Chowk ↔ Housing Board lights,A_to_B,11756,1609,1347,1.195,OK,
2026-07-28 14:30:01,2026-07-28,14:30:01,Tuesday,14,N,1,Madhya Marg: PGI Chowk ↔ Housing Board lights,B_to_A,8853,1337,1223,1.093,OK,
2026-07-28 14:30:02,2026-07-28,14:30:02,Tuesday,14,N,2,Udyog Path: PU Chowk ↔ Elante Mall,A_to_B,7173,1156,1033,1.119,OK,
2026-07-28 14:30:02,2026-07-28,14:30:02,Tuesday,14,N,2,Udyog Path: PU Chowk ↔ Elante Mall,B_to_A,8051,1237,1091,1.134,OK,
2026-07-28 14:30:02,2026-07-28,14:30:02,Tuesday,14,N,3,Dakshin Marg: Daddu Majra ↔ Hallo Majra Lights,A_to_B,8621,1681,1296,1.297,OK,
2026-07-28 14:30:03,2026-07-28,14:30:03,Tuesday,14,N,3,Dakshin Marg: Daddu Majra ↔ Hallo Majra Lights,B_to_A,9083,1712,1481,1.156,OK,
2026-07-28 14:30:03,2026-07-28,14:30:03,Tuesday,14,N,4,Shanti Path: Sector 38W ↔ Sector 31 Lights,A_to_B,7418,1017,881,1.154,OK,
2026-07-28 14:30:03,2026-07-28,14:30:03,Tuesday,14,N,4,Shanti Path: Sector 38W ↔ Sector 31 Lights,B_to_A,7590,1232,937,1.315,OK,
2026-07-28 14:30:03,2026-07-28,14:30:03,Tuesday,14,N,5,NH 5: Grain Market ↔ Sector 47 Chowk,A_to_B,7596,938,930,1.009,OK,
2026-07-28 14:30:04,2026-07-28,14:30:04,Tuesday,14,N,5,NH 5: Grain Market ↔ Sector 47 Chowk,B_to_A,7551,957,972,0.985,OK,
2026-07-28 14:30:04,2026-07-28,14:30:04,Tuesday,14,N,6,Vigyan Path: PEC Chowk ↔ Golf Club,A_to_B,4491,703,472,1.489,OK,
2026-07-28 14:30:04,2026-07-28,14:30:04,Tuesday,14,N,6,Vigyan Path: PEC Chowk ↔ Golf Club,B_to_A,4518,644,525,1.227,OK,
2026-07-28 14:30:05,2026-07-28,14:30:05,Tuesday,14,N,7,Uttar Marg: Sector 2 Chowk ↔ Sukhna Lake,A_to_B,2481,287,274,1.047,OK,
2026-07-28 14:30:05,2026-07-28,14:30:05,Tuesday,14,N,7,Uttar Marg: Sector 2 Chowk ↔ Sukhna Lake,B_to_A,3144,412,423,0.974,OK,
2026-07-28 14:30:05,2026-07-28,14:30:05,Tuesday,14,N,8,Madhya Marg: Khudda Lahora ↔ Matka Chowk,A_to_B,4208,699,600,1.165,OK,
2026-07-28 14:30:05,2026-07-28,14:30:05,Tuesday,14,N,8,Madhya Marg: Khudda Lahora ↔ Matka Chowk,B_to_A,3931,677,529,1.28,OK,
2026-07-28 14:30:06,2026-07-28,14:30:06,Tuesday,14,N,9,Madhya Marg: GMSH 16 ↔ Kalagram,A_to_B,5749,953,832,1.145,OK,
2026-07-28 14:30:06,2026-07-28,14:30:06,Tuesday,14,N,9,Madhya Marg: GMSH 16 ↔ Kalagram,B_to_A,7158,866,822,1.054,OK,
2026-07-28 14:30:06,2026-07-28,14:30:06,Tuesday,14,N,10,Udyog Path: Dhanas ↔ ISBT Sector 17,A_to_B,4785,844,737,1.145,OK,
2026-07-28 14:30:07,2026-07-28,14:30:07,Tuesday,14,N,10,Udyog Path: Dhanas ↔ ISBT Sector 17,B_to_A,5507,1022,919,1.112,OK,
2026-07-28 14:30:07,2026-07-28,14:30:07,Tuesday,14,N,11,Udyog Path: ISBT Sector 17 ↔ Elante Mall,A_to_B,3274,459,383,1.198,OK,
2026-07-28 14:30:07,2026-07-28,14:30:07,Tuesday,14,N,11,Udyog Path: ISBT Sector 17 ↔ Elante Mall,B_to_A,3428,557,451,1.235,OK,
2026-07-28 14:30:07,2026-07-28,14:30:07,Tuesday,14,N,12,Dakshin Marg: DLF Mullanpur ↔ Kisan Bhawan Chowk,A_to_B,6720,1034,894,1.157,OK,
2026-07-28 14:30:08,2026-07-28,14:30:08,Tuesday,14,N,12,Dakshin Marg: DLF Mullanpur ↔ Kisan Bhawan Chowk,B_to_A,7109,1002,950,1.055,OK,
2026-07-28 14:30:08,2026-07-28,14:30:08,Tuesday,14,N,13,Dakshin Marg: Kisan Bhawan Chowk ↔ Airport Chowk,A_to_B,7733,1505,1126,1.337,OK,
2026-07-28 14:30:08,2026-07-28,14:30:08,Tuesday,14,N,13,Dakshin Marg: Kisan Bhawan Chowk ↔ Airport Chowk,B_to_A,7973,1329,1122,1.184,OK,
2026-07-28 14:30:09,2026-07-28,14:30:09,Tuesday,14,N,14,NH 5: Max Hospital ↔ ISBT Sector 43,A_to_B,4206,510,503,1.014,OK,
2026-07-28 14:30:09,2026-07-28,14:30:09,Tuesday,14,N,14,NH 5: Max Hospital ↔ ISBT Sector 43,B_to_A,5445,657,667,0.985,OK,
2026-07-28 14:30:09,2026-07-28,14:30:09,Tuesday,14,N,15,Sukhna Path: Golf Club ↔ Cycle Chowk,A_to_B,8924,1277,1149,1.111,OK,
2026-07-28 14:30:10,2026-07-28,14:30:10,Tuesday,14,N,15,Sukhna Path: Golf Club ↔ Cycle Chowk,B_to_A,8975,1357,1176,1.154,OK,
2026-07-28 14:30:10,2026-07-28,14:30:10,Tuesday,14,N,16,Sarovar Path: Sukhna Lake ↔ Burail Jail,A_to_B,7816,1255,1066,1.177,OK,
2026-07-28 14:30:10,2026-07-28,14:30:10,Tuesday,14,N,16,Sarovar Path: Sukhna Lake ↔ Burail Jail,B_to_A,7928,1271,1084,1.173,OK,
2026-07-28 14:30:10,2026-07-28,14:30:10,Tuesday,14,N,17,Himalaya Marg: Rock Garden ↔ ISBT 43,A_to_B,8803,1214,1097,1.107,OK,
2026-07-28 14:30:11,2026-07-28,14:30:11,Tuesday,14,N,17,Himalaya Marg: Rock Garden ↔ ISBT 43,B_to_A,8947,1235,1132,1.091,OK,
2026-07-28 14:30:11,2026-07-28,14:30:11,Tuesday,14,N,18,Jan Marg: High Court ↔ ISBT 17,A_to_B,3334,418,390,1.072,OK,
2026-07-28 14:30:11,2026-07-28,14:30:11,Tuesday,14,N,18,Jan Marg: High Court ↔ ISBT 17,B_to_A,3132,356,337,1.056,OK,
2026-07-28 14:30:11,2026-07-28,14:30:11,Tuesday,14,N,19,Jan Marg: ISBT 17 ↔ ISBT 43,A_to_B,4115,680,568,1.197,OK,
2026-07-28 14:30:12,2026-07-28,14:30:12,Tuesday,14,N,19,Jan Marg: ISBT 17 ↔ ISBT 43,B_to_A,4233,652,579,1.126,OK,
2026-07-28 14:30:12,2026-07-28,14:30:12,Tuesday,14,N,20,Vidya Path: PGI Chowk ↔ Fountain Chowk,A_to_B,5475,847,714,1.186,OK,
2026-07-28 14:30:12,2026-07-28,14:30:12,Tuesday,14,N,20,Vidya Path: PGI Chowk ↔ Fountain Chowk,B_to_A,5474,805,716,1.124,OK,
2026-07-28 14:30:13,2026-07-28,14:30:13,Tuesday,14,N,21,Purv Marg: Tansport Chowk  ↔ Tribune Chowk,A_to_B,2620,459,411,1.117,OK,
2026-07-28 14:30:13,2026-07-28,14:30:13,Tuesday,14,N,21,Purv Marg: Tansport Chowk  ↔ Tribune Chowk,B_to_A,2611,523,436,1.2,OK,
2026-07-28 14:30:13,2026-07-28,14:30:13,Tuesday,14,N,22,Chandi Path: Sabzi Mandi Chowk  ↔ GMCH 32,A_to_B,2939,428,414,1.034,OK,
2026-07-28 14:30:13,2026-07-28,14:30:13,Tuesday,14,N,22,Chandi Path: Sabzi Mandi Chowk  ↔ GMCH 32,B_to_A,2756,440,361,1.219,OK,
2026-07-28 14:30:14,2026-07-28,14:30:14,Tuesday,14,N,23,Udyan Path: Secretariat Chowk  ↔ Furniture Chowk,A_to_B,7398,1091,883,1.236,OK,
2026-07-28 14:30:14,2026-07-28,14:30:14,Tuesday,14,N,23,Udyan Path: Secretariat Chowk  ↔ Furniture Chowk,B_to_A,7219,901,830,1.086,OK,
2026-07-28 14:30:14,2026-07-28,14:30:14,Tuesday,14,N,24,Madhya Marg: Sector 17 ↔ Railway Station,A_to_B,7206,1037,945,1.097,OK,
2026-07-28 14:30:15,2026-07-28,14:30:15,Tuesday,14,N,24,Madhya Marg: Sector 17 ↔ Railway Station,B_to_A,7183,1171,1108,1.057,OK,
2026-07-28 14:30:15,2026-07-28,14:30:15,Tuesday,14,N,25,Paschim Marg: Sector 25 ↔ Sector 56,A_to_B,4089,668,535,1.249,OK,
2026-07-28 14:30:15,2026-07-28,14:30:15,Tuesday,14,N,25,Paschim Marg: Sector 25 ↔ Sector 56,B_to_A,3940,528,493,1.071,OK,
2026-07-28 15:00:02,2026-07-28,15:00:02,Tuesday,15,N,1,Madhya Marg: PGI Chowk ↔ Housing Board lights,A_to_B,11771,1616,1356,1.192,OK,
2026-07-28 15:00:02,2026-07-28,15:00:02,Tuesday,15,N,1,Madhya Marg: PGI Chowk ↔ Housing Board lights,B_to_A,8853,1303,1223,1.065,OK,
2026-07-28 15:00:02,2026-07-28,15:00:02,Tuesday,15,N,2,Udyog Path: PU Chowk ↔ Elante Mall,A_to_B,7173,1224,1033,1.185,OK,
2026-07-28 15:00:03,2026-07-28,15:00:03,Tuesday,15,N,2,Udyog Path: PU Chowk ↔ Elante Mall,B_to_A,8051,1209,1091,1.108,OK,
2026-07-28 15:00:03,2026-07-28,15:00:03,Tuesday,15,N,3,Dakshin Marg: Daddu Majra ↔ Hallo Majra Lights,A_to_B,8627,1669,1273,1.311,OK,
2026-07-28 15:00:03,2026-07-28,15:00:03,Tuesday,15,N,3,Dakshin Marg: Daddu Majra ↔ Hallo Majra Lights,B_to_A,9083,1549,1481,1.046,OK,
2026-07-28 15:00:04,2026-07-28,15:00:04,Tuesday,15,N,4,Shanti Path: Sector 38W ↔ Sector 31 Lights,A_to_B,7418,965,881,1.095,OK,
2026-07-28 15:00:04,2026-07-28,15:00:04,Tuesday,15,N,4,Shanti Path: Sector 38W ↔ Sector 31 Lights,B_to_A,7590,1083,937,1.156,OK,
2026-07-28 15:00:04,2026-07-28,15:00:04,Tuesday,15,N,5,NH 5: Grain Market ↔ Sector 47 Chowk,A_to_B,7596,919,930,0.988,OK,
2026-07-28 15:00:04,2026-07-28,15:00:04,Tuesday,15,N,5,NH 5: Grain Market ↔ Sector 47 Chowk,B_to_A,8682,1003,1055,0.951,OK,
2026-07-28 15:00:05,2026-07-28,15:00:05,Tuesday,15,N,6,Vigyan Path: PEC Chowk ↔ Golf Club,A_to_B,4491,629,472,1.333,OK,
2026-07-28 15:00:05,2026-07-28,15:00:05,Tuesday,15,N,6,Vigyan Path: PEC Chowk ↔ Golf Club,B_to_A,4518,616,525,1.173,OK,
2026-07-28 15:00:05,2026-07-28,15:00:05,Tuesday,15,N,7,Uttar Marg: Sector 2 Chowk ↔ Sukhna Lake,A_to_B,2481,303,274,1.106,OK,
2026-07-28 15:00:05,2026-07-28,15:00:05,Tuesday,15,N,7,Uttar Marg: Sector 2 Chowk ↔ Sukhna Lake,B_to_A,3144,417,423,0.986,OK,
2026-07-28 15:00:06,2026-07-28,15:00:06,Tuesday,15,N,8,Madhya Marg: Khudda Lahora ↔ Matka Chowk,A_to_B,4208,647,600,1.078,OK,
2026-07-28 15:00:06,2026-07-28,15:00:06,Tuesday,15,N,8,Madhya Marg: Khudda Lahora ↔ Matka Chowk,B_to_A,3931,591,529,1.117,OK,
2026-07-28 15:00:06,2026-07-28,15:00:06,Tuesday,15,N,9,Madhya Marg: GMSH 16 ↔ Kalagram,A_to_B,5749,1013,832,1.218,OK,
2026-07-28 15:00:07,2026-07-28,15:00:07,Tuesday,15,N,9,Madhya Marg: GMSH 16 ↔ Kalagram,B_to_A,7158,918,822,1.117,OK,
2026-07-28 15:00:07,2026-07-28,15:00:07,Tuesday,15,N,10,Udyog Path: Dhanas ↔ ISBT Sector 17,A_to_B,4785,788,737,1.069,OK,
2026-07-28 15:00:07,2026-07-28,15:00:07,Tuesday,15,N,10,Udyog Path: Dhanas ↔ ISBT Sector 17,B_to_A,5507,947,919,1.03,OK,
2026-07-28 15:00:07,2026-07-28,15:00:07,Tuesday,15,N,11,Udyog Path: ISBT Sector 17 ↔ Elante Mall,A_to_B,3274,594,383,1.551,OK,
2026-07-28 15:00:08,2026-07-28,15:00:08,Tuesday,15,N,11,Udyog Path: ISBT Sector 17 ↔ Elante Mall,B_to_A,3428,559,451,1.239,OK,
2026-07-28 15:00:08,2026-07-28,15:00:08,Tuesday,15,N,12,Dakshin Marg: DLF Mullanpur ↔ Kisan Bhawan Chowk,A_to_B,6720,992,894,1.11,OK,
2026-07-28 15:00:08,2026-07-28,15:00:08,Tuesday,15,N,12,Dakshin Marg: DLF Mullanpur ↔ Kisan Bhawan Chowk,B_to_A,7109,993,950,1.045,OK,
2026-07-28 15:00:09,2026-07-28,15:00:09,Tuesday,15,N,13,Dakshin Marg: Kisan Bhawan Chowk ↔ Airport Chowk,A_to_B,7739,1546,1103,1.402,OK,
2026-07-28 15:00:09,2026-07-28,15:00:09,Tuesday,15,N,13,Dakshin Marg: Kisan Bhawan Chowk ↔ Airport Chowk,B_to_A,7973,1233,1122,1.099,OK,
2026-07-28 15:00:09,2026-07-28,15:00:09,Tuesday,15,N,14,NH 5: Max Hospital ↔ ISBT Sector 43,A_to_B,4206,506,503,1.006,OK,
2026-07-28 15:00:09,2026-07-28,15:00:09,Tuesday,15,N,14,NH 5: Max Hospital ↔ ISBT Sector 43,B_to_A,5445,659,667,0.988,OK,
2026-07-28 15:00:10,2026-07-28,15:00:10,Tuesday,15,N,15,Sukhna Path: Golf Club ↔ Cycle Chowk,A_to_B,7421,1160,1083,1.071,OK,
2026-07-28 15:00:10,2026-07-28,15:00:10,Tuesday,15,N,15,Sukhna Path: Golf Club ↔ Cycle Chowk,B_to_A,7321,1142,1080,1.057,OK,
2026-07-28 15:00:10,2026-07-28,15:00:10,Tuesday,15,N,16,Sarovar Path: Sukhna Lake ↔ Burail Jail,A_to_B,7816,1256,1066,1.178,OK,
2026-07-28 15:00:11,2026-07-28,15:00:11,Tuesday,15,N,16,Sarovar Path: Sukhna Lake ↔ Burail Jail,B_to_A,7928,1238,1084,1.142,OK,
2026-07-28 15:00:11,2026-07-28,15:00:11,Tuesday,15,N,17,Himalaya Marg: Rock Garden ↔ ISBT 43,A_to_B,8803,1187,1097,1.082,OK,
2026-07-28 15:00:11,2026-07-28,15:00:11,Tuesday,15,N,17,Himalaya Marg: Rock Garden ↔ ISBT 43,B_to_A,8947,1213,1132,1.072,OK,
2026-07-28 15:00:11,2026-07-28,15:00:11,Tuesday,15,N,18,Jan Marg: High Court ↔ ISBT 17,A_to_B,3334,441,390,1.131,OK,
2026-07-28 15:00:12,2026-07-28,15:00:12,Tuesday,15,N,18,Jan Marg: High Court ↔ ISBT 17,B_to_A,3132,334,337,0.991,OK,
2026-07-28 15:00:12,2026-07-28,15:00:12,Tuesday,15,N,19,Jan Marg: ISBT 17 ↔ ISBT 43,A_to_B,4115,628,568,1.106,OK,
2026-07-28 15:00:12,2026-07-28,15:00:12,Tuesday,15,N,19,Jan Marg: ISBT 17 ↔ ISBT 43,B_to_A,4233,624,579,1.078,OK,
2026-07-28 15:00:13,2026-07-28,15:00:13,Tuesday,15,N,20,Vidya Path: PGI Chowk ↔ Fountain Chowk,A_to_B,5475,815,714,1.141,OK,
2026-07-28 15:00:13,2026-07-28,15:00:13,Tuesday,15,N,20,Vidya Path: PGI Chowk ↔ Fountain Chowk,B_to_A,5474,751,716,1.049,OK,
2026-07-28 15:00:13,2026-07-28,15:00:13,Tuesday,15,N,21,Purv Marg: Tansport Chowk  ↔ Tribune Chowk,A_to_B,2620,448,411,1.09,OK,
2026-07-28 15:00:13,2026-07-28,15:00:13,Tuesday,15,N,21,Purv Marg: Tansport Chowk  ↔ Tribune Chowk,B_to_A,2611,565,436,1.296,OK,
2026-07-28 15:00:14,2026-07-28,15:00:14,Tuesday,15,N,22,Chandi Path: Sabzi Mandi Chowk  ↔ GMCH 32,A_to_B,2939,421,414,1.017,OK,
2026-07-28 15:00:14,2026-07-28,15:00:14,Tuesday,15,N,22,Chandi Path: Sabzi Mandi Chowk  ↔ GMCH 32,B_to_A,2756,408,361,1.13,OK,
2026-07-28 15:00:14,2026-07-28,15:00:14,Tuesday,15,N,23,Udyan Path: Secretariat Chowk  ↔ Furniture Chowk,A_to_B,7398,1018,883,1.153,OK,
2026-07-28 15:00:14,2026-07-28,15:00:14,Tuesday,15,N,23,Udyan Path: Secretariat Chowk  ↔ Furniture Chowk,B_to_A,7219,888,830,1.07,OK,
2026-07-28 15:00:15,2026-07-28,15:00:15,Tuesday,15,N,24,Madhya Marg: Sector 17 ↔ Railway Station,A_to_B,7206,1051,945,1.112,OK,
2026-07-28 15:00:15,2026-07-28,15:00:15,Tuesday,15,N,24,Madhya Marg: Sector 17 ↔ Railway Station,B_to_A,6858,1035,1071,0.966,OK,
2026-07-28 15:00:15,2026-07-28,15:00:15,Tuesday,15,N,25,Paschim Marg: Sector 25 ↔ Sector 56,A_to_B,5834,791,696,1.136,OK,
2026-07-28 15:00:15,2026-07-28,15:00:15,Tuesday,15,N,25,Paschim Marg: Sector 25 ↔ Sector 56,B_to_A,3940,528,493,1.071,OK,
2026-07-28 15:30:01,2026-07-28,15:30:01,Tuesday,15,N,1,Madhya Marg: PGI Chowk ↔ Housing Board lights,A_to_B,11805,1527,1387,1.101,OK,
2026-07-28 15:30:01,2026-07-28,15:30:01,Tuesday,15,N,1,Madhya Marg: PGI Chowk ↔ Housing Board lights,B_to_A,8853,1309,1223,1.07,OK,
2026-07-28 15:30:02,2026-07-28,15:30:02,Tuesday,15,N,2,Udyog Path: PU Chowk ↔ Elante Mall,A_to_B,7173,1117,1033,1.081,OK,
2026-07-28 15:30:02,2026-07-28,15:30:02,Tuesday,15,N,2,Udyog Path: PU Chowk ↔ Elante Mall,B_to_A,8051,1131,1091,1.037,OK,
2026-07-28 15:30:02,2026-07-28,15:30:02,Tuesday,15,N,3,Dakshin Marg: Daddu Majra ↔ Hallo Majra Lights,A_to_B,8610,1579,1261,1.252,OK,
2026-07-28 15:30:03,2026-07-28,15:30:03,Tuesday,15,N,3,Dakshin Marg: Daddu Majra ↔ Hallo Majra Lights,B_to_A,9077,1521,1438,1.058,OK,
2026-07-28 15:30:03,2026-07-28,15:30:03,Tuesday,15,N,4,Shanti Path: Sector 38W ↔ Sector 31 Lights,A_to_B,7418,949,881,1.077,OK,
2026-07-28 15:30:03,2026-07-28,15:30:03,Tuesday,15,N,4,Shanti Path: Sector 38W ↔ Sector 31 Lights,B_to_A,7590,1101,937,1.175,OK,
2026-07-28 15:30:04,2026-07-28,15:30:04,Tuesday,15,N,5,NH 5: Grain Market ↔ Sector 47 Chowk,A_to_B,7596,924,930,0.994,OK,
2026-07-28 15:30:04,2026-07-28,15:30:04,Tuesday,15,N,5,NH 5: Grain Market ↔ Sector 47 Chowk,B_to_A,8682,1014,1055,0.961,OK,
2026-07-28 15:30:04,2026-07-28,15:30:04,Tuesday,15,N,6,Vigyan Path: PEC Chowk ↔ Golf Club,A_to_B,4491,628,472,1.331,OK,
2026-07-28 15:30:04,2026-07-28,15:30:04,Tuesday,15,N,6,Vigyan Path: PEC Chowk ↔ Golf Club,B_to_A,4518,563,525,1.072,OK,
2026-07-28 15:30:05,2026-07-28,15:30:05,Tuesday,15,N,7,Uttar Marg: Sector 2 Chowk ↔ Sukhna Lake,A_to_B,2481,310,274,1.131,OK,
2026-07-28 15:30:05,2026-07-28,15:30:05,Tuesday,15,N,7,Uttar Marg: Sector 2 Chowk ↔ Sukhna Lake,B_to_A,3144,494,423,1.168,OK,
2026-07-28 15:30:05,2026-07-28,15:30:05,Tuesday,15,N,8,Madhya Marg: Khudda Lahora ↔ Matka Chowk,A_to_B,4208,633,600,1.055,OK,
2026-07-28 15:30:06,2026-07-28,15:30:06,Tuesday,15,N,8,Madhya Marg: Khudda Lahora ↔ Matka Chowk,B_to_A,3931,621,529,1.174,OK,
2026-07-28 15:30:06,2026-07-28,15:30:06,Tuesday,15,N,9,Madhya Marg: GMSH 16 ↔ Kalagram,A_to_B,5749,895,832,1.076,OK,
2026-07-28 15:30:06,2026-07-28,15:30:06,Tuesday,15,N,9,Madhya Marg: GMSH 16 ↔ Kalagram,B_to_A,5517,854,772,1.106,OK,
2026-07-28 15:30:06,2026-07-28,15:30:06,Tuesday,15,N,10,Udyog Path: Dhanas ↔ ISBT Sector 17,A_to_B,4785,761,737,1.033,OK,
2026-07-28 15:30:07,2026-07-28,15:30:07,Tuesday,15,N,10,Udyog Path: Dhanas ↔ ISBT Sector 17,B_to_A,5507,896,919,0.975,OK,
2026-07-28 15:30:07,2026-07-28,15:30:07,Tuesday,15,N,11,Udyog Path: ISBT Sector 17 ↔ Elante Mall,A_to_B,3274,418,383,1.091,OK,
2026-07-28 15:30:07,2026-07-28,15:30:07,Tuesday,15,N,11,Udyog Path: ISBT Sector 17 ↔ Elante Mall,B_to_A,3428,507,451,1.124,OK,
2026-07-28 15:30:08,2026-07-28,15:30:08,Tuesday,15,N,12,Dakshin Marg: DLF Mullanpur ↔ Kisan Bhawan Chowk,A_to_B,6720,886,894,0.991,OK,
2026-07-28 15:30:08,2026-07-28,15:30:08,Tuesday,15,N,12,Dakshin Marg: DLF Mullanpur ↔ Kisan Bhawan Chowk,B_to_A,8423,1050,1051,0.999,OK,
2026-07-28 15:30:08,2026-07-28,15:30:08,Tuesday,15,N,13,Dakshin Marg: Kisan Bhawan Chowk ↔ Airport Chowk,A_to_B,7722,1476,1090,1.354,OK,
2026-07-28 15:30:08,2026-07-28,15:30:08,Tuesday,15,N,13,Dakshin Marg: Kisan Bhawan Chowk ↔ Airport Chowk,B_to_A,7967,1187,1138,1.043,OK,
2026-07-28 15:30:09,2026-07-28,15:30:09,Tuesday,15,N,14,NH 5: Max Hospital ↔ ISBT Sector 43,A_to_B,4206,504,503,1.002,OK,
2026-07-28 15:30:09,2026-07-28,15:30:09,Tuesday,15,N,14,NH 5: Max Hospital ↔ ISBT Sector 43,B_to_A,5445,648,667,0.972,OK,
2026-07-28 15:30:09,2026-07-28,15:30:09,Tuesday,15,N,15,Sukhna Path: Golf Club ↔ Cycle Chowk,A_to_B,8924,1165,1149,1.014,OK,
2026-07-28 15:30:10,2026-07-28,15:30:10,Tuesday,15,N,15,Sukhna Path: Golf Club ↔ Cycle Chowk,B_to_A,7321,1074,1080,0.994,OK,
2026-07-28 15:30:10,2026-07-28,15:30:10,Tuesday,15,N,16,Sarovar Path: Sukhna Lake ↔ Burail Jail,A_to_B,7816,1164,1066,1.092,OK,
2026-07-28 15:30:10,2026-07-28,15:30:10,Tuesday,15,N,16,Sarovar Path: Sukhna Lake ↔ Burail Jail,B_to_A,7928,1194,1084,1.101,OK,
2026-07-28 15:30:10,2026-07-28,15:30:10,Tuesday,15,N,17,Himalaya Marg: Rock Garden ↔ ISBT 43,A_to_B,8803,1289,1097,1.175,OK,
2026-07-28 15:30:11,2026-07-28,15:30:11,Tuesday,15,N,17,Himalaya Marg: Rock Garden ↔ ISBT 43,B_to_A,8981,1199,1161,1.033,OK,
2026-07-28 15:30:11,2026-07-28,15:30:11,Tuesday,15,N,18,Jan Marg: High Court ↔ ISBT 17,A_to_B,3334,541,390,1.387,OK,
2026-07-28 15:30:11,2026-07-28,15:30:11,Tuesday,15,N,18,Jan Marg: High Court ↔ ISBT 17,B_to_A,3132,399,337,1.184,OK,
2026-07-28 15:30:12,2026-07-28,15:30:12,Tuesday,15,N,19,Jan Marg: ISBT 17 ↔ ISBT 43,A_to_B,4115,616,568,1.085,OK,
2026-07-28 15:30:12,2026-07-28,15:30:12,Tuesday,15,N,19,Jan Marg: ISBT 17 ↔ ISBT 43,B_to_A,4233,589,579,1.017,OK,
2026-07-28 15:30:12,2026-07-28,15:30:12,Tuesday,15,N,20,Vidya Path: PGI Chowk ↔ Fountain Chowk,A_to_B,5475,828,714,1.16,OK,
2026-07-28 15:30:12,2026-07-28,15:30:12,Tuesday,15,N,20,Vidya Path: PGI Chowk ↔ Fountain Chowk,B_to_A,5474,740,716,1.034,OK,
2026-07-28 15:30:13,2026-07-28,15:30:13,Tuesday,15,N,21,Purv Marg: Tansport Chowk  ↔ Tribune Chowk,A_to_B,2620,454,411,1.105,OK,
2026-07-28 15:30:13,2026-07-28,15:30:13,Tuesday,15,N,21,Purv Marg: Tansport Chowk  ↔ Tribune Chowk,B_to_A,2611,529,436,1.213,OK,
2026-07-28 15:30:13,2026-07-28,15:30:13,Tuesday,15,N,22,Chandi Path: Sabzi Mandi Chowk  ↔ GMCH 32,A_to_B,2939,436,414,1.053,OK,
2026-07-28 15:30:14,2026-07-28,15:30:14,Tuesday,15,N,22,Chandi Path: Sabzi Mandi Chowk  ↔ GMCH 32,B_to_A,2756,402,361,1.114,OK,
2026-07-28 15:30:14,2026-07-28,15:30:14,Tuesday,15,N,23,Udyan Path: Secretariat Chowk  ↔ Furniture Chowk,A_to_B,7398,1043,883,1.181,OK,
2026-07-28 15:30:14,2026-07-28,15:30:14,Tuesday,15,N,23,Udyan Path: Secretariat Chowk  ↔ Furniture Chowk,B_to_A,7219,849,830,1.023,OK,
2026-07-28 15:30:14,2026-07-28,15:30:14,Tuesday,15,N,24,Madhya Marg: Sector 17 ↔ Railway Station,A_to_B,7206,1080,945,1.143,OK,
2026-07-28 15:30:15,2026-07-28,15:30:15,Tuesday,15,N,24,Madhya Marg: Sector 17 ↔ Railway Station,B_to_A,7877,988,1036,0.954,OK,
2026-07-28 15:30:15,2026-07-28,15:30:15,Tuesday,15,N,25,Paschim Marg: Sector 25 ↔ Sector 56,A_to_B,4090,606,535,1.133,OK,
2026-07-28 15:30:15,2026-07-28,15:30:15,Tuesday,15,N,25,Paschim Marg: Sector 25 ↔ Sector 56,B_to_A,3940,498,493,1.01,OK,
2026-07-28 16:00:02,2026-07-28,16:00:02,Tuesday,16,N,1,Madhya Marg: PGI Chowk ↔ Housing Board lights,A_to_B,11756,1456,1347,1.081,OK,
2026-07-28 16:00:02,2026-07-28,16:00:02,Tuesday,16,N,1,Madhya Marg: PGI Chowk ↔ Housing Board lights,B_to_A,8853,1299,1223,1.062,OK,
2026-07-28 16:00:02,2026-07-28,16:00:02,Tuesday,16,N,2,Udyog Path: PU Chowk ↔ Elante Mall,A_to_B,7173,1083,1033,1.048,OK,
2026-07-28 16:00:03,2026-07-28,16:00:03,Tuesday,16,N,2,Udyog Path: PU Chowk ↔ Elante Mall,B_to_A,8051,1104,1091,1.012,OK,
2026-07-28 16:00:03,2026-07-28,16:00:03,Tuesday,16,N,3,Dakshin Marg: Daddu Majra ↔ Hallo Majra Lights,A_to_B,8627,1483,1273,1.165,OK,
2026-07-28 16:00:03,2026-07-28,16:00:03,Tuesday,16,N,3,Dakshin Marg: Daddu Majra ↔ Hallo Majra Lights,B_to_A,9042,1453,1445,1.006,OK,
2026-07-28 16:00:03,2026-07-28,16:00:03,Tuesday,16,N,4,Shanti Path: Sector 38W ↔ Sector 31 Lights,A_to_B,7418,925,881,1.05,OK,
2026-07-28 16:00:04,2026-07-28,16:00:04,Tuesday,16,N,4,Shanti Path: Sector 38W ↔ Sector 31 Lights,B_to_A,7590,1066,937,1.138,OK,
2026-07-28 16:00:04,2026-07-28,16:00:04,Tuesday,16,N,5,NH 5: Grain Market ↔ Sector 47 Chowk,A_to_B,7596,931,930,1.001,OK,
2026-07-28 16:00:04,2026-07-28,16:00:04,Tuesday,16,N,5,NH 5: Grain Market ↔ Sector 47 Chowk,B_to_A,7551,950,972,0.977,OK,
2026-07-28 16:00:05,2026-07-28,16:00:05,Tuesday,16,N,6,Vigyan Path: PEC Chowk ↔ Golf Club,A_to_B,4491,511,472,1.083,OK,
2026-07-28 16:00:05,2026-07-28,16:00:05,Tuesday,16,N,6,Vigyan Path: PEC Chowk ↔ Golf Club,B_to_A,4518,533,525,1.015,OK,
2026-07-28 16:00:05,2026-07-28,16:00:05,Tuesday,16,N,7,Uttar Marg: Sector 2 Chowk ↔ Sukhna Lake,A_to_B,2481,309,274,1.128,OK,
2026-07-28 16:00:06,2026-07-28,16:00:06,Tuesday,16,N,7,Uttar Marg: Sector 2 Chowk ↔ Sukhna Lake,B_to_A,3144,430,423,1.017,OK,
2026-07-28 16:00:06,2026-07-28,16:00:06,Tuesday,16,N,8,Madhya Marg: Khudda Lahora ↔ Matka Chowk,A_to_B,4208,597,600,0.995,OK,
2026-07-28 16:00:06,2026-07-28,16:00:06,Tuesday,16,N,8,Madhya Marg: Khudda Lahora ↔ Matka Chowk,B_to_A,3931,592,529,1.119,OK,
2026-07-28 16:00:06,2026-07-28,16:00:06,Tuesday,16,N,9,Madhya Marg: GMSH 16 ↔ Kalagram,A_to_B,5749,851,832,1.023,OK,
2026-07-28 16:00:07,2026-07-28,16:00:07,Tuesday,16,N,9,Madhya Marg: GMSH 16 ↔ Kalagram,B_to_A,7158,809,822,0.984,OK,
2026-07-28 16:00:07,2026-07-28,16:00:07,Tuesday,16,N,10,Udyog Path: Dhanas ↔ ISBT Sector 17,A_to_B,4785,747,737,1.014,OK,
2026-07-28 16:00:07,2026-07-28,16:00:07,Tuesday,16,N,10,Udyog Path: Dhanas ↔ ISBT Sector 17,B_to_A,5507,879,919,0.956,OK,
2026-07-28 16:00:08,2026-07-28,16:00:08,Tuesday,16,N,11,Udyog Path: ISBT Sector 17 ↔ Elante Mall,A_to_B,3274,405,383,1.057,OK,
2026-07-28 16:00:08,2026-07-28,16:00:08,Tuesday,16,N,11,Udyog Path: ISBT Sector 17 ↔ Elante Mall,B_to_A,3428,493,451,1.093,OK,
2026-07-28 16:00:08,2026-07-28,16:00:08,Tuesday,16,N,12,Dakshin Marg: DLF Mullanpur ↔ Kisan Bhawan Chowk,A_to_B,6720,894,894,1.0,OK,
2026-07-28 16:00:08,2026-07-28,16:00:08,Tuesday,16,N,12,Dakshin Marg: DLF Mullanpur ↔ Kisan Bhawan Chowk,B_to_A,7109,985,950,1.037,OK,
2026-07-28 16:00:09,2026-07-28,16:00:09,Tuesday,16,N,13,Dakshin Marg: Kisan Bhawan Chowk ↔ Airport Chowk,A_to_B,7739,1353,1103,1.227,OK,
2026-07-28 16:00:09,2026-07-28,16:00:09,Tuesday,16,N,13,Dakshin Marg: Kisan Bhawan Chowk ↔ Airport Chowk,B_to_A,7931,1156,1144,1.01,OK,
2026-07-28 16:00:09,2026-07-28,16:00:09,Tuesday,16,N,14,NH 5: Max Hospital ↔ ISBT Sector 43,A_to_B,4206,517,503,1.028,OK,
2026-07-28 16:00:09,2026-07-28,16:00:09,Tuesday,16,N,14,NH 5: Max Hospital ↔ ISBT Sector 43,B_to_A,5445,646,667,0.969,OK,
2026-07-28 16:00:10,2026-07-28,16:00:10,Tuesday,16,N,15,Sukhna Path: Golf Club ↔ Cycle Chowk,A_to_B,8924,1119,1149,0.974,OK,
2026-07-28 16:00:10,2026-07-28,16:00:10,Tuesday,16,N,15,Sukhna Path: Golf Club ↔ Cycle Chowk,B_to_A,7321,1090,1080,1.009,OK,
2026-07-28 16:00:10,2026-07-28,16:00:10,Tuesday,16,N,16,Sarovar Path: Sukhna Lake ↔ Burail Jail,A_to_B,7816,1141,1066,1.07,OK,
2026-07-28 16:00:11,2026-07-28,16:00:11,Tuesday,16,N,16,Sarovar Path: Sukhna Lake ↔ Burail Jail,B_to_A,7928,1213,1084,1.119,OK,
2026-07-28 16:00:11,2026-07-28,16:00:11,Tuesday,16,N,17,Himalaya Marg: Rock Garden ↔ ISBT 43,A_to_B,8803,1191,1097,1.086,OK,
2026-07-28 16:00:11,2026-07-28,16:00:11,Tuesday,16,N,17,Himalaya Marg: Rock Garden ↔ ISBT 43,B_to_A,8947,1135,1132,1.003,OK,
2026-07-28 16:00:11,2026-07-28,16:00:11,Tuesday,16,N,18,Jan Marg: High Court ↔ ISBT 17,A_to_B,3334,409,390,1.049,OK,
2026-07-28 16:00:12,2026-07-28,16:00:12,Tuesday,16,N,18,Jan Marg: High Court ↔ ISBT 17,B_to_A,3132,320,337,0.95,OK,
2026-07-28 16:00:12,2026-07-28,16:00:12,Tuesday,16,N,19,Jan Marg: ISBT 17 ↔ ISBT 43,A_to_B,4115,638,568,1.123,OK,
2026-07-28 16:00:12,2026-07-28,16:00:12,Tuesday,16,N,19,Jan Marg: ISBT 17 ↔ ISBT 43,B_to_A,4233,577,579,0.997,OK,
2026-07-28 16:00:12,2026-07-28,16:00:12,Tuesday,16,N,20,Vidya Path: PGI Chowk ↔ Fountain Chowk,A_to_B,5475,764,714,1.07,OK,
2026-07-28 16:00:13,2026-07-28,16:00:13,Tuesday,16,N,20,Vidya Path: PGI Chowk ↔ Fountain Chowk,B_to_A,5474,736,716,1.028,OK,
2026-07-28 16:00:13,2026-07-28,16:00:13,Tuesday,16,N,21,Purv Marg: Tansport Chowk  ↔ Tribune Chowk,A_to_B,2620,623,411,1.516,OK,
2026-07-28 16:00:13,2026-07-28,16:00:13,Tuesday,16,N,21,Purv Marg: Tansport Chowk  ↔ Tribune Chowk,B_to_A,2611,511,436,1.172,OK,
2026-07-28 16:00:14,2026-07-28,16:00:14,Tuesday,16,N,22,Chandi Path: Sabzi Mandi Chowk  ↔ GMCH 32,A_to_B,2939,420,414,1.014,OK,
2026-07-28 16:00:14,2026-07-28,16:00:14,Tuesday,16,N,22,Chandi Path: Sabzi Mandi Chowk  ↔ GMCH 32,B_to_A,2756,392,361,1.086,OK,
2026-07-28 16:00:14,2026-07-28,16:00:14,Tuesday,16,N,23,Udyan Path: Secretariat Chowk  ↔ Furniture Chowk,A_to_B,7398,1028,883,1.164,OK,
2026-07-28 16:00:14,2026-07-28,16:00:14,Tuesday,16,N,23,Udyan Path: Secretariat Chowk  ↔ Furniture Chowk,B_to_A,7219,883,830,1.064,OK,
2026-07-28 16:00:15,2026-07-28,16:00:15,Tuesday,16,N,24,Madhya Marg: Sector 17 ↔ Railway Station,A_to_B,7206,1064,945,1.126,OK,
2026-07-28 16:00:15,2026-07-28,16:00:15,Tuesday,16,N,24,Madhya Marg: Sector 17 ↔ Railway Station,B_to_A,7877,940,1036,0.907,OK,
2026-07-28 16:00:15,2026-07-28,16:00:15,Tuesday,16,N,25,Paschim Marg: Sector 25 ↔ Sector 56,A_to_B,5834,732,696,1.052,OK,
2026-07-28 16:00:16,2026-07-28,16:00:16,Tuesday,16,N,25,Paschim Marg: Sector 25 ↔ Sector 56,B_to_A,3940,509,493,1.032,OK,
2026-07-28 16:30:01,2026-07-28,16:30:01,Tuesday,16,N,1,Madhya Marg: PGI Chowk ↔ Housing Board lights,A_to_B,11771,1483,1356,1.094,OK,
2026-07-28 16:30:01,2026-07-28,16:30:01,Tuesday,16,N,1,Madhya Marg: PGI Chowk ↔ Housing Board lights,B_to_A,8853,1304,1223,1.066,OK,
2026-07-28 16:30:02,2026-07-28,16:30:02,Tuesday,16,N,2,Udyog Path: PU Chowk ↔ Elante Mall,A_to_B,7173,1096,1033,1.061,OK,
2026-07-28 16:30:02,2026-07-28,16:30:02,Tuesday,16,N,2,Udyog Path: PU Chowk ↔ Elante Mall,B_to_A,8051,1127,1091,1.033,OK,
2026-07-28 16:30:02,2026-07-28,16:30:02,Tuesday,16,N,3,Dakshin Marg: Daddu Majra ↔ Hallo Majra Lights,A_to_B,8610,1584,1261,1.256,OK,
2026-07-28 16:30:03,2026-07-28,16:30:03,Tuesday,16,N,3,Dakshin Marg: Daddu Majra ↔ Hallo Majra Lights,B_to_A,9042,1478,1445,1.023,OK,
2026-07-28 16:30:03,2026-07-28,16:30:03,Tuesday,16,N,4,Shanti Path: Sector 38W ↔ Sector 31 Lights,A_to_B,7418,941,881,1.068,OK,
2026-07-28 16:30:03,2026-07-28,16:30:03,Tuesday,16,N,4,Shanti Path: Sector 38W ↔ Sector 31 Lights,B_to_A,7590,1085,937,1.158,OK,
2026-07-28 16:30:03,2026-07-28,16:30:03,Tuesday,16,N,5,NH 5: Grain Market ↔ Sector 47 Chowk,A_to_B,7596,925,930,0.995,OK,
2026-07-28 16:30:04,2026-07-28,16:30:04,Tuesday,16,N,5,NH 5: Grain Market ↔ Sector 47 Chowk,B_to_A,7551,939,972,0.966,OK,
2026-07-28 16:30:04,2026-07-28,16:30:04,Tuesday,16,N,6,Vigyan Path: PEC Chowk ↔ Golf Club,A_to_B,4491,549,472,1.163,OK,
2026-07-28 16:30:04,2026-07-28,16:30:04,Tuesday,16,N,6,Vigyan Path: PEC Chowk ↔ Golf Club,B_to_A,4518,542,525,1.032,OK,
2026-07-28 16:30:04,2026-07-28,16:30:04,Tuesday,16,N,7,Uttar Marg: Sector 2 Chowk ↔ Sukhna Lake,A_to_B,2481,302,274,1.102,OK,
2026-07-28 16:30:05,2026-07-28,16:30:05,Tuesday,16,N,7,Uttar Marg: Sector 2 Chowk ↔ Sukhna Lake,B_to_A,3144,448,423,1.059,OK,
2026-07-28 16:30:05,2026-07-28,16:30:05,Tuesday,16,N,8,Madhya Marg: Khudda Lahora ↔ Matka Chowk,A_to_B,4208,597,600,0.995,OK,
2026-07-28 16:30:05,2026-07-28,16:30:05,Tuesday,16,N,8,Madhya Marg: Khudda Lahora ↔ Matka Chowk,B_to_A,3931,554,529,1.047,OK,
2026-07-28 16:30:06,2026-07-28,16:30:06,Tuesday,16,N,9,Madhya Marg: GMSH 16 ↔ Kalagram,A_to_B,5749,899,832,1.081,OK,
2026-07-28 16:30:06,2026-07-28,16:30:06,Tuesday,16,N,9,Madhya Marg: GMSH 16 ↔ Kalagram,B_to_A,7158,829,822,1.009,OK,
2026-07-28 16:30:06,2026-07-28,16:30:06,Tuesday,16,N,10,Udyog Path: Dhanas ↔ ISBT Sector 17,A_to_B,4785,772,737,1.047,OK,
2026-07-28 16:30:06,2026-07-28,16:30:06,Tuesday,16,N,10,Udyog Path: Dhanas ↔ ISBT Sector 17,B_to_A,5507,969,919,1.054,OK,
2026-07-28 16:30:07,2026-07-28,16:30:07,Tuesday,16,N,11,Udyog Path: ISBT Sector 17 ↔ Elante Mall,A_to_B,3274,440,383,1.149,OK,
2026-07-28 16:30:07,2026-07-28,16:30:07,Tuesday,16,N,11,Udyog Path: ISBT Sector 17 ↔ Elante Mall,B_to_A,3428,490,451,1.086,OK,
2026-07-28 16:30:07,2026-07-28,16:30:07,Tuesday,16,N,12,Dakshin Marg: DLF Mullanpur ↔ Kisan Bhawan Chowk,A_to_B,6720,923,894,1.032,OK,
2026-07-28 16:30:08,2026-07-28,16:30:08,Tuesday,16,N,12,Dakshin Marg: DLF Mullanpur ↔ Kisan Bhawan Chowk,B_to_A,7109,978,950,1.029,OK,
2026-07-28 16:30:08,2026-07-28,16:30:08,Tuesday,16,N,13,Dakshin Marg: Kisan Bhawan Chowk ↔ Airport Chowk,A_to_B,8787,1441,1315,1.096,OK,
2026-07-28 16:30:08,2026-07-28,16:30:08,Tuesday,16,N,13,Dakshin Marg: Kisan Bhawan Chowk ↔ Airport Chowk,B_to_A,7931,1193,1144,1.043,OK,
2026-07-28 16:30:08,2026-07-28,16:30:08,Tuesday,16,N,14,NH 5: Max Hospital ↔ ISBT Sector 43,A_to_B,4206,500,503,0.994,OK,
2026-07-28 16:30:09,2026-07-28,16:30:09,Tuesday,16,N,14,NH 5: Max Hospital ↔ ISBT Sector 43,B_to_A,5445,647,667,0.97,OK,
2026-07-28 16:30:09,2026-07-28,16:30:09,Tuesday,16,N,15,Sukhna Path: Golf Club ↔ Cycle Chowk,A_to_B,8924,1147,1149,0.998,OK,
2026-07-28 16:30:09,2026-07-28,16:30:09,Tuesday,16,N,15,Sukhna Path: Golf Club ↔ Cycle Chowk,B_to_A,7321,1142,1080,1.057,OK,
2026-07-28 16:30:09,2026-07-28,16:30:09,Tuesday,16,N,16,Sarovar Path: Sukhna Lake ↔ Burail Jail,A_to_B,7816,1163,1066,1.091,OK,
2026-07-28 16:30:10,2026-07-28,16:30:10,Tuesday,16,N,16,Sarovar Path: Sukhna Lake ↔ Burail Jail,B_to_A,7928,1251,1084,1.154,OK,
2026-07-28 16:30:10,2026-07-28,16:30:10,Tuesday,16,N,17,Himalaya Marg: Rock Garden ↔ ISBT 43,A_to_B,8803,1188,1097,1.083,OK,
2026-07-28 16:30:10,2026-07-28,16:30:10,Tuesday,16,N,17,Himalaya Marg: Rock Garden ↔ ISBT 43,B_to_A,8947,1190,1132,1.051,OK,
2026-07-28 16:30:10,2026-07-28,16:30:10,Tuesday,16,N,18,Jan Marg: High Court ↔ ISBT 17,A_to_B,3334,415,390,1.064,OK,
2026-07-28 16:30:11,2026-07-28,16:30:11,Tuesday,16,N,18,Jan Marg: High Court ↔ ISBT 17,B_to_A,3132,330,337,0.979,OK,
2026-07-28 16:30:11,2026-07-28,16:30:11,Tuesday,16,N,19,Jan Marg: ISBT 17 ↔ ISBT 43,A_to_B,4115,618,568,1.088,OK,
2026-07-28 16:30:11,2026-07-28,16:30:11,Tuesday,16,N,19,Jan Marg: ISBT 17 ↔ ISBT 43,B_to_A,4233,611,579,1.055,OK,
2026-07-28 16:30:12,2026-07-28,16:30:12,Tuesday,16,N,20,Vidya Path: PGI Chowk ↔ Fountain Chowk,A_to_B,5475,800,714,1.12,OK,
2026-07-28 16:30:12,2026-07-28,16:30:12,Tuesday,16,N,20,Vidya Path: PGI Chowk ↔ Fountain Chowk,B_to_A,5474,728,716,1.017,OK,
2026-07-28 16:30:12,2026-07-28,16:30:12,Tuesday,16,N,21,Purv Marg: Tansport Chowk  ↔ Tribune Chowk,A_to_B,2620,532,411,1.294,OK,
2026-07-28 16:30:12,2026-07-28,16:30:12,Tuesday,16,N,21,Purv Marg: Tansport Chowk  ↔ Tribune Chowk,B_to_A,2611,514,436,1.179,OK,
2026-07-28 16:30:13,2026-07-28,16:30:13,Tuesday,16,N,22,Chandi Path: Sabzi Mandi Chowk  ↔ GMCH 32,A_to_B,2939,447,414,1.08,OK,
2026-07-28 16:30:13,2026-07-28,16:30:13,Tuesday,16,N,22,Chandi Path: Sabzi Mandi Chowk  ↔ GMCH 32,B_to_A,2756,409,361,1.133,OK,
2026-07-28 16:30:13,2026-07-28,16:30:13,Tuesday,16,N,23,Udyan Path: Secretariat Chowk  ↔ Furniture Chowk,A_to_B,7398,963,883,1.091,OK,
2026-07-28 16:30:13,2026-07-28,16:30:13,Tuesday,16,N,23,Udyan Path: Secretariat Chowk  ↔ Furniture Chowk,B_to_A,7219,850,830,1.024,OK,
2026-07-28 16:30:14,2026-07-28,16:30:14,Tuesday,16,N,24,Madhya Marg: Sector 17 ↔ Railway Station,A_to_B,7206,1066,945,1.128,OK,
2026-07-28 16:30:14,2026-07-28,16:30:14,Tuesday,16,N,24,Madhya Marg: Sector 17 ↔ Railway Station,B_to_A,6858,937,1071,0.875,OK,
2026-07-28 16:30:14,2026-07-28,16:30:14,Tuesday,16,N,25,Paschim Marg: Sector 25 ↔ Sector 56,A_to_B,5834,766,696,1.101,OK,
2026-07-28 16:30:14,2026-07-28,16:30:14,Tuesday,16,N,25,Paschim Marg: Sector 25 ↔ Sector 56,B_to_A,3940,506,493,1.026,OK,
2026-07-28 17:00:01,2026-07-28,17:00:01,Tuesday,17,N,1,Madhya Marg: PGI Chowk ↔ Housing Board lights,A_to_B,11756,1564,1347,1.161,OK,
2026-07-28 17:00:01,2026-07-28,17:00:01,Tuesday,17,N,1,Madhya Marg: PGI Chowk ↔ Housing Board lights,B_to_A,8853,1365,1223,1.116,OK,
2026-07-28 17:00:01,2026-07-28,17:00:01,Tuesday,17,N,2,Udyog Path: PU Chowk ↔ Elante Mall,A_to_B,7173,1180,1033,1.142,OK,
2026-07-28 17:00:02,2026-07-28,17:00:02,Tuesday,17,N,2,Udyog Path: PU Chowk ↔ Elante Mall,B_to_A,8051,1158,1091,1.061,OK,
2026-07-28 17:00:02,2026-07-28,17:00:02,Tuesday,17,N,3,Dakshin Marg: Daddu Majra ↔ Hallo Majra Lights,A_to_B,8621,1605,1296,1.238,OK,
2026-07-28 17:00:02,2026-07-28,17:00:02,Tuesday,17,N,3,Dakshin Marg: Daddu Majra ↔ Hallo Majra Lights,B_to_A,9083,1548,1481,1.045,OK,
2026-07-28 17:00:03,2026-07-28,17:00:03,Tuesday,17,N,4,Shanti Path: Sector 38W ↔ Sector 31 Lights,A_to_B,7418,1026,881,1.165,OK,
2026-07-28 17:00:03,2026-07-28,17:00:03,Tuesday,17,N,4,Shanti Path: Sector 38W ↔ Sector 31 Lights,B_to_A,7590,1178,937,1.257,OK,
2026-07-28 17:00:03,2026-07-28,17:00:03,Tuesday,17,N,5,NH 5: Grain Market ↔ Sector 47 Chowk,A_to_B,7596,978,930,1.052,OK,
2026-07-28 17:00:03,2026-07-28,17:00:03,Tuesday,17,N,5,NH 5: Grain Market ↔ Sector 47 Chowk,B_to_A,7551,972,972,1.0,OK,
2026-07-28 17:00:04,2026-07-28,17:00:04,Tuesday,17,N,6,Vigyan Path: PEC Chowk ↔ Golf Club,A_to_B,4491,627,472,1.328,OK,
2026-07-28 17:00:04,2026-07-28,17:00:04,Tuesday,17,N,6,Vigyan Path: PEC Chowk ↔ Golf Club,B_to_A,4518,595,525,1.133,OK,
2026-07-28 17:00:04,2026-07-28,17:00:04,Tuesday,17,N,7,Uttar Marg: Sector 2 Chowk ↔ Sukhna Lake,A_to_B,2481,324,274,1.182,OK,
2026-07-28 17:00:05,2026-07-28,17:00:05,Tuesday,17,N,7,Uttar Marg: Sector 2 Chowk ↔ Sukhna Lake,B_to_A,3144,465,423,1.099,OK,
2026-07-28 17:00:05,2026-07-28,17:00:05,Tuesday,17,N,8,Madhya Marg: Khudda Lahora ↔ Matka Chowk,A_to_B,4208,673,600,1.122,OK,
2026-07-28 17:00:05,2026-07-28,17:00:05,Tuesday,17,N,8,Madhya Marg: Khudda Lahora ↔ Matka Chowk,B_to_A,3931,556,529,1.051,OK,
2026-07-28 17:00:05,2026-07-28,17:00:05,Tuesday,17,N,9,Madhya Marg: GMSH 16 ↔ Kalagram,A_to_B,5231,956,744,1.285,OK,
2026-07-28 17:00:06,2026-07-28,17:00:06,Tuesday,17,N,9,Madhya Marg: GMSH 16 ↔ Kalagram,B_to_A,7158,898,822,1.092,OK,
2026-07-28 17:00:06,2026-07-28,17:00:06,Tuesday,17,N,10,Udyog Path: Dhanas ↔ ISBT Sector 17,A_to_B,4785,818,737,1.11,OK,
2026-07-28 17:00:06,2026-07-28,17:00:06,Tuesday,17,N,10,Udyog Path: Dhanas ↔ ISBT Sector 17,B_to_A,5507,949,919,1.033,OK,
2026-07-28 17:00:06,2026-07-28,17:00:06,Tuesday,17,N,11,Udyog Path: ISBT Sector 17 ↔ Elante Mall,A_to_B,3274,434,383,1.133,OK,
2026-07-28 17:00:07,2026-07-28,17:00:07,Tuesday,17,N,11,Udyog Path: ISBT Sector 17 ↔ Elante Mall,B_to_A,3428,508,451,1.126,OK,
2026-07-28 17:00:07,2026-07-28,17:00:07,Tuesday,17,N,12,Dakshin Marg: DLF Mullanpur ↔ Kisan Bhawan Chowk,A_to_B,6720,989,894,1.106,OK,
2026-07-28 17:00:07,2026-07-28,17:00:07,Tuesday,17,N,12,Dakshin Marg: DLF Mullanpur ↔ Kisan Bhawan Chowk,B_to_A,7109,1016,950,1.069,OK,
2026-07-28 17:00:07,2026-07-28,17:00:07,Tuesday,17,N,13,Dakshin Marg: Kisan Bhawan Chowk ↔ Airport Chowk,A_to_B,7733,1476,1126,1.311,OK,
2026-07-28 17:00:08,2026-07-28,17:00:08,Tuesday,17,N,13,Dakshin Marg: Kisan Bhawan Chowk ↔ Airport Chowk,B_to_A,7973,1232,1122,1.098,OK,
2026-07-28 17:00:08,2026-07-28,17:00:08,Tuesday,17,N,14,NH 5: Max Hospital ↔ ISBT Sector 43,A_to_B,4206,519,503,1.032,OK,
2026-07-28 17:00:08,2026-07-28,17:00:08,Tuesday,17,N,14,NH 5: Max Hospital ↔ ISBT Sector 43,B_to_A,5445,634,667,0.951,OK,
2026-07-28 17:00:09,2026-07-28,17:00:09,Tuesday,17,N,15,Sukhna Path: Golf Club ↔ Cycle Chowk,A_to_B,7421,1114,1083,1.029,OK,
2026-07-28 17:00:09,2026-07-28,17:00:09,Tuesday,17,N,15,Sukhna Path: Golf Club ↔ Cycle Chowk,B_to_A,7321,1164,1080,1.078,OK,
2026-07-28 17:00:09,2026-07-28,17:00:09,Tuesday,17,N,16,Sarovar Path: Sukhna Lake ↔ Burail Jail,A_to_B,7816,1234,1066,1.158,OK,
2026-07-28 17:00:09,2026-07-28,17:00:09,Tuesday,17,N,16,Sarovar Path: Sukhna Lake ↔ Burail Jail,B_to_A,7928,1272,1084,1.173,OK,
2026-07-28 17:00:10,2026-07-28,17:00:10,Tuesday,17,N,17,Himalaya Marg: Rock Garden ↔ ISBT 43,A_to_B,8803,1263,1097,1.151,OK,
2026-07-28 17:00:10,2026-07-28,17:00:10,Tuesday,17,N,17,Himalaya Marg: Rock Garden ↔ ISBT 43,B_to_A,8976,1259,1138,1.106,OK,
2026-07-28 17:00:10,2026-07-28,17:00:10,Tuesday,17,N,18,Jan Marg: High Court ↔ ISBT 17,A_to_B,3334,456,390,1.169,OK,
2026-07-28 17:00:10,2026-07-28,17:00:10,Tuesday,17,N,18,Jan Marg: High Court ↔ ISBT 17,B_to_A,3132,382,337,1.134,OK,
2026-07-28 17:00:11,2026-07-28,17:00:11,Tuesday,17,N,19,Jan Marg: ISBT 17 ↔ ISBT 43,A_to_B,4115,650,568,1.144,OK,
2026-07-28 17:00:11,2026-07-28,17:00:11,Tuesday,17,N,19,Jan Marg: ISBT 17 ↔ ISBT 43,B_to_A,4233,675,579,1.166,OK,
2026-07-28 17:00:11,2026-07-28,17:00:11,Tuesday,17,N,20,Vidya Path: PGI Chowk ↔ Fountain Chowk,A_to_B,5475,894,714,1.252,OK,
2026-07-28 17:00:12,2026-07-28,17:00:12,Tuesday,17,N,20,Vidya Path: PGI Chowk ↔ Fountain Chowk,B_to_A,5474,782,716,1.092,OK,
2026-07-28 17:00:12,2026-07-28,17:00:12,Tuesday,17,N,21,Purv Marg: Tansport Chowk  ↔ Tribune Chowk,A_to_B,2620,485,411,1.18,OK,
2026-07-28 17:00:12,2026-07-28,17:00:12,Tuesday,17,N,21,Purv Marg: Tansport Chowk  ↔ Tribune Chowk,B_to_A,2611,507,436,1.163,OK,
2026-07-28 17:00:12,2026-07-28,17:00:12,Tuesday,17,N,22,Chandi Path: Sabzi Mandi Chowk  ↔ GMCH 32,A_to_B,2938,448,414,1.082,OK,
2026-07-28 17:00:13,2026-07-28,17:00:13,Tuesday,17,N,22,Chandi Path: Sabzi Mandi Chowk  ↔ GMCH 32,B_to_A,2756,407,361,1.127,OK,
2026-07-28 17:00:13,2026-07-28,17:00:13,Tuesday,17,N,23,Udyan Path: Secretariat Chowk  ↔ Furniture Chowk,A_to_B,7398,1046,883,1.185,OK,
2026-07-28 17:00:13,2026-07-28,17:00:13,Tuesday,17,N,23,Udyan Path: Secretariat Chowk  ↔ Furniture Chowk,B_to_A,7219,866,830,1.043,OK,
2026-07-28 17:00:13,2026-07-28,17:00:13,Tuesday,17,N,24,Madhya Marg: Sector 17 ↔ Railway Station,A_to_B,7206,1189,945,1.258,OK,
2026-07-28 17:00:14,2026-07-28,17:00:14,Tuesday,17,N,24,Madhya Marg: Sector 17 ↔ Railway Station,B_to_A,6568,1016,1029,0.987,OK,
2026-07-28 17:00:14,2026-07-28,17:00:14,Tuesday,17,N,25,Paschim Marg: Sector 25 ↔ Sector 56,A_to_B,5742,784,743,1.055,OK,
2026-07-28 17:00:14,2026-07-28,17:00:14,Tuesday,17,N,25,Paschim Marg: Sector 25 ↔ Sector 56,B_to_A,3940,520,493,1.055,OK,
2026-07-28 17:30:02,2026-07-28,17:30:02,Tuesday,17,N,1,Madhya Marg: PGI Chowk ↔ Housing Board lights,A_to_B,11756,1528,1347,1.134,OK,
2026-07-28 17:30:02,2026-07-28,17:30:02,Tuesday,17,N,1,Madhya Marg: PGI Chowk ↔ Housing Board lights,B_to_A,10809,1461,1350,1.082,OK,
2026-07-28 17:30:02,2026-07-28,17:30:02,Tuesday,17,N,2,Udyog Path: PU Chowk ↔ Elante Mall,A_to_B,7214,1291,1080,1.195,OK,
2026-07-28 17:30:03,2026-07-28,17:30:03,Tuesday,17,N,2,Udyog Path: PU Chowk ↔ Elante Mall,B_to_A,8051,1481,1091,1.357,OK,
2026-07-28 17:30:03,2026-07-28,17:30:03,Tuesday,17,N,3,Dakshin Marg: Daddu Majra ↔ Hallo Majra Lights,A_to_B,8610,1731,1261,1.373,OK,
2026-07-28 17:30:03,2026-07-28,17:30:03,Tuesday,17,N,3,Dakshin Marg: Daddu Majra ↔ Hallo Majra Lights,B_to_A,9099,1943,1505,1.291,OK,
2026-07-28 17:30:04,2026-07-28,17:30:04,Tuesday,17,N,4,Shanti Path: Sector 38W ↔ Sector 31 Lights,A_to_B,7418,1183,881,1.343,OK,
2026-07-28 17:30:04,2026-07-28,17:30:04,Tuesday,17,N,4,Shanti Path: Sector 38W ↔ Sector 31 Lights,B_to_A,7590,1296,937,1.383,OK,
2026-07-28 17:30:04,2026-07-28,17:30:04,Tuesday,17,N,5,NH 5: Grain Market ↔ Sector 47 Chowk,A_to_B,7596,987,930,1.061,OK,
2026-07-28 17:30:04,2026-07-28,17:30:04,Tuesday,17,N,5,NH 5: Grain Market ↔ Sector 47 Chowk,B_to_A,7551,1002,972,1.031,OK,
2026-07-28 17:30:05,2026-07-28,17:30:05,Tuesday,17,N,6,Vigyan Path: PEC Chowk ↔ Golf Club,A_to_B,4491,610,472,1.292,OK,
2026-07-28 17:30:05,2026-07-28,17:30:05,Tuesday,17,N,6,Vigyan Path: PEC Chowk ↔ Golf Club,B_to_A,4518,591,525,1.126,OK,
2026-07-28 17:30:05,2026-07-28,17:30:05,Tuesday,17,N,7,Uttar Marg: Sector 2 Chowk ↔ Sukhna Lake,A_to_B,2481,318,274,1.161,OK,
2026-07-28 17:30:05,2026-07-28,17:30:05,Tuesday,17,N,7,Uttar Marg: Sector 2 Chowk ↔ Sukhna Lake,B_to_A,3144,485,423,1.147,OK,
2026-07-28 17:30:06,2026-07-28,17:30:06,Tuesday,17,N,8,Madhya Marg: Khudda Lahora ↔ Matka Chowk,A_to_B,4208,676,600,1.127,OK,
2026-07-28 17:30:06,2026-07-28,17:30:06,Tuesday,17,N,8,Madhya Marg: Khudda Lahora ↔ Matka Chowk,B_to_A,3931,597,529,1.129,OK,
2026-07-28 17:30:06,2026-07-28,17:30:06,Tuesday,17,N,9,Madhya Marg: GMSH 16 ↔ Kalagram,A_to_B,5231,1074,744,1.444,OK,
2026-07-28 17:30:06,2026-07-28,17:30:06,Tuesday,17,N,9,Madhya Marg: GMSH 16 ↔ Kalagram,B_to_A,7158,937,822,1.14,OK,
2026-07-28 17:30:07,2026-07-28,17:30:07,Tuesday,17,N,10,Udyog Path: Dhanas ↔ ISBT Sector 17,A_to_B,4785,874,737,1.186,OK,
2026-07-28 17:30:07,2026-07-28,17:30:07,Tuesday,17,N,10,Udyog Path: Dhanas ↔ ISBT Sector 17,B_to_A,6599,1176,1107,1.062,OK,
2026-07-28 17:30:07,2026-07-28,17:30:07,Tuesday,17,N,11,Udyog Path: ISBT Sector 17 ↔ Elante Mall,A_to_B,3274,556,383,1.452,OK,
2026-07-28 17:30:08,2026-07-28,17:30:08,Tuesday,17,N,11,Udyog Path: ISBT Sector 17 ↔ Elante Mall,B_to_A,3428,548,451,1.215,OK,
2026-07-28 17:30:08,2026-07-28,17:30:08,Tuesday,17,N,12,Dakshin Marg: DLF Mullanpur ↔ Kisan Bhawan Chowk,A_to_B,6720,1112,894,1.244,OK,
2026-07-28 17:30:08,2026-07-28,17:30:08,Tuesday,17,N,12,Dakshin Marg: DLF Mullanpur ↔ Kisan Bhawan Chowk,B_to_A,7125,1155,974,1.186,OK,
2026-07-28 17:30:08,2026-07-28,17:30:08,Tuesday,17,N,13,Dakshin Marg: Kisan Bhawan Chowk ↔ Airport Chowk,A_to_B,7722,1511,1090,1.386,OK,
2026-07-28 17:30:09,2026-07-28,17:30:09,Tuesday,17,N,13,Dakshin Marg: Kisan Bhawan Chowk ↔ Airport Chowk,B_to_A,7973,1430,1122,1.275,OK,
2026-07-28 17:30:09,2026-07-28,17:30:09,Tuesday,17,N,14,NH 5: Max Hospital ↔ ISBT Sector 43,A_to_B,4206,533,503,1.06,OK,
2026-07-28 17:30:09,2026-07-28,17:30:09,Tuesday,17,N,14,NH 5: Max Hospital ↔ ISBT Sector 43,B_to_A,5445,734,667,1.1,OK,
2026-07-28 17:30:09,2026-07-28,17:30:09,Tuesday,17,N,15,Sukhna Path: Golf Club ↔ Cycle Chowk,A_to_B,7421,1140,1083,1.053,OK,
2026-07-28 17:30:10,2026-07-28,17:30:10,Tuesday,17,N,15,Sukhna Path: Golf Club ↔ Cycle Chowk,B_to_A,7321,1175,1080,1.088,OK,
2026-07-28 17:30:10,2026-07-28,17:30:10,Tuesday,17,N,16,Sarovar Path: Sukhna Lake ↔ Burail Jail,A_to_B,9423,1365,1306,1.045,OK,
2026-07-28 17:30:10,2026-07-28,17:30:10,Tuesday,17,N,16,Sarovar Path: Sukhna Lake ↔ Burail Jail,B_to_A,7928,1288,1084,1.188,OK,
2026-07-28 17:30:11,2026-07-28,17:30:11,Tuesday,17,N,17,Himalaya Marg: Rock Garden ↔ ISBT 43,A_to_B,10511,1451,1241,1.169,OK,
2026-07-28 17:30:11,2026-07-28,17:30:11,Tuesday,17,N,17,Himalaya Marg: Rock Garden ↔ ISBT 43,B_to_A,8926,1349,1203,1.121,OK,
2026-07-28 17:30:11,2026-07-28,17:30:11,Tuesday,17,N,18,Jan Marg: High Court ↔ ISBT 17,A_to_B,3348,616,419,1.47,OK,
2026-07-28 17:30:11,2026-07-28,17:30:11,Tuesday,17,N,18,Jan Marg: High Court ↔ ISBT 17,B_to_A,3132,386,337,1.145,OK,
2026-07-28 17:30:12,2026-07-28,17:30:12,Tuesday,17,N,19,Jan Marg: ISBT 17 ↔ ISBT 43,A_to_B,4115,841,568,1.481,OK,
2026-07-28 17:30:12,2026-07-28,17:30:12,Tuesday,17,N,19,Jan Marg: ISBT 17 ↔ ISBT 43,B_to_A,5155,802,716,1.12,OK,
2026-07-28 17:30:12,2026-07-28,17:30:12,Tuesday,17,N,20,Vidya Path: PGI Chowk ↔ Fountain Chowk,A_to_B,5475,933,714,1.307,OK,
2026-07-28 17:30:12,2026-07-28,17:30:12,Tuesday,17,N,20,Vidya Path: PGI Chowk ↔ Fountain Chowk,B_to_A,5474,821,716,1.147,OK,
2026-07-28 17:30:13,2026-07-28,17:30:13,Tuesday,17,N,21,Purv Marg: Tansport Chowk  ↔ Tribune Chowk,A_to_B,2620,507,411,1.234,OK,
2026-07-28 17:30:13,2026-07-28,17:30:13,Tuesday,17,N,21,Purv Marg: Tansport Chowk  ↔ Tribune Chowk,B_to_A,2611,508,436,1.165,OK,
2026-07-28 17:30:13,2026-07-28,17:30:13,Tuesday,17,N,22,Chandi Path: Sabzi Mandi Chowk  ↔ GMCH 32,A_to_B,2939,499,414,1.205,OK,
2026-07-28 17:30:13,2026-07-28,17:30:13,Tuesday,17,N,22,Chandi Path: Sabzi Mandi Chowk  ↔ GMCH 32,B_to_A,2756,416,361,1.152,OK,
2026-07-28 17:30:14,2026-07-28,17:30:14,Tuesday,17,N,23,Udyan Path: Secretariat Chowk  ↔ Furniture Chowk,A_to_B,7398,1182,883,1.339,OK,
2026-07-28 17:30:14,2026-07-28,17:30:14,Tuesday,17,N,23,Udyan Path: Secretariat Chowk  ↔ Furniture Chowk,B_to_A,7219,1050,830,1.265,OK,
2026-07-28 17:30:14,2026-07-28,17:30:14,Tuesday,17,N,24,Madhya Marg: Sector 17 ↔ Railway Station,A_to_B,7206,1292,945,1.367,OK,
2026-07-28 17:30:15,2026-07-28,17:30:15,Tuesday,17,N,24,Madhya Marg: Sector 17 ↔ Railway Station,B_to_A,7877,1089,1036,1.051,OK,
2026-07-28 17:30:15,2026-07-28,17:30:15,Tuesday,17,N,25,Paschim Marg: Sector 25 ↔ Sector 56,A_to_B,5805,842,715,1.178,OK,
2026-07-28 17:30:15,2026-07-28,17:30:15,Tuesday,17,N,25,Paschim Marg: Sector 25 ↔ Sector 56,B_to_A,4659,647,622,1.04,OK,
2026-07-28 18:00:01,2026-07-28,18:00:01,Tuesday,18,N,1,Madhya Marg: PGI Chowk ↔ Housing Board lights,A_to_B,11756,1524,1347,1.131,OK,
2026-07-28 18:00:02,2026-07-28,18:00:02,Tuesday,18,N,1,Madhya Marg: PGI Chowk ↔ Housing Board lights,B_to_A,8853,1459,1223,1.193,OK,
2026-07-28 18:00:02,2026-07-28,18:00:02,Tuesday,18,N,2,Udyog Path: PU Chowk ↔ Elante Mall,A_to_B,7111,1206,991,1.217,OK,
2026-07-28 18:00:02,2026-07-28,18:00:02,Tuesday,18,N,2,Udyog Path: PU Chowk ↔ Elante Mall,B_to_A,8051,1321,1091,1.211,OK,
2026-07-28 18:00:03,2026-07-28,18:00:03,Tuesday,18,N,3,Dakshin Marg: Daddu Majra ↔ Hallo Majra Lights,A_to_B,8610,1786,1261,1.416,OK,
2026-07-28 18:00:03,2026-07-28,18:00:03,Tuesday,18,N,3,Dakshin Marg: Daddu Majra ↔ Hallo Majra Lights,B_to_A,9092,1938,1530,1.267,OK,
2026-07-28 18:00:03,2026-07-28,18:00:03,Tuesday,18,N,4,Shanti Path: Sector 38W ↔ Sector 31 Lights,A_to_B,7418,1150,881,1.305,OK,
2026-07-28 18:00:03,2026-07-28,18:00:03,Tuesday,18,N,4,Shanti Path: Sector 38W ↔ Sector 31 Lights,B_to_A,7590,1315,937,1.403,OK,
2026-07-28 18:00:04,2026-07-28,18:00:04,Tuesday,18,N,5,NH 5: Grain Market ↔ Sector 47 Chowk,A_to_B,7596,1020,930,1.097,OK,
2026-07-28 18:00:04,2026-07-28,18:00:04,Tuesday,18,N,5,NH 5: Grain Market ↔ Sector 47 Chowk,B_to_A,7551,1054,972,1.084,OK,
2026-07-28 18:00:04,2026-07-28,18:00:04,Tuesday,18,N,6,Vigyan Path: PEC Chowk ↔ Golf Club,A_to_B,4491,602,472,1.275,OK,
2026-07-28 18:00:04,2026-07-28,18:00:04,Tuesday,18,N,6,Vigyan Path: PEC Chowk ↔ Golf Club,B_to_A,4518,579,525,1.103,OK,
2026-07-28 18:00:05,2026-07-28,18:00:05,Tuesday,18,N,7,Uttar Marg: Sector 2 Chowk ↔ Sukhna Lake,A_to_B,2481,309,274,1.128,OK,
2026-07-28 18:00:05,2026-07-28,18:00:05,Tuesday,18,N,7,Uttar Marg: Sector 2 Chowk ↔ Sukhna Lake,B_to_A,3144,469,423,1.109,OK,
2026-07-28 18:00:05,2026-07-28,18:00:05,Tuesday,18,N,8,Madhya Marg: Khudda Lahora ↔ Matka Chowk,A_to_B,4208,647,600,1.078,OK,
2026-07-28 18:00:06,2026-07-28,18:00:06,Tuesday,18,N,8,Madhya Marg: Khudda Lahora ↔ Matka Chowk,B_to_A,3931,572,529,1.081,OK,
2026-07-28 18:00:06,2026-07-28,18:00:06,Tuesday,18,N,9,Madhya Marg: GMSH 16 ↔ Kalagram,A_to_B,5231,1024,744,1.376,OK,
2026-07-28 18:00:06,2026-07-28,18:00:06,Tuesday,18,N,9,Madhya Marg: GMSH 16 ↔ Kalagram,B_to_A,7158,916,822,1.114,OK,
2026-07-28 18:00:06,2026-07-28,18:00:06,Tuesday,18,N,10,Udyog Path: Dhanas ↔ ISBT Sector 17,A_to_B,4785,836,737,1.134,OK,
2026-07-28 18:00:07,2026-07-28,18:00:07,Tuesday,18,N,10,Udyog Path: Dhanas ↔ ISBT Sector 17,B_to_A,5507,1110,919,1.208,OK,
2026-07-28 18:00:07,2026-07-28,18:00:07,Tuesday,18,N,11,Udyog Path: ISBT Sector 17 ↔ Elante Mall,A_to_B,3274,538,383,1.405,OK,
2026-07-28 18:00:07,2026-07-28,18:00:07,Tuesday,18,N,11,Udyog Path: ISBT Sector 17 ↔ Elante Mall,B_to_A,3428,550,451,1.22,OK,
2026-07-28 18:00:07,2026-07-28,18:00:07,Tuesday,18,N,12,Dakshin Marg: DLF Mullanpur ↔ Kisan Bhawan Chowk,A_to_B,6720,1104,894,1.235,OK,
2026-07-28 18:00:08,2026-07-28,18:00:08,Tuesday,18,N,12,Dakshin Marg: DLF Mullanpur ↔ Kisan Bhawan Chowk,B_to_A,8238,1247,1066,1.17,OK,
2026-07-28 18:00:08,2026-07-28,18:00:08,Tuesday,18,N,13,Dakshin Marg: Kisan Bhawan Chowk ↔ Airport Chowk,A_to_B,7722,1538,1090,1.411,OK,
2026-07-28 18:00:08,2026-07-28,18:00:08,Tuesday,18,N,13,Dakshin Marg: Kisan Bhawan Chowk ↔ Airport Chowk,B_to_A,7973,1451,1122,1.293,OK,
2026-07-28 18:00:08,2026-07-28,18:00:08,Tuesday,18,N,14,NH 5: Max Hospital ↔ ISBT Sector 43,A_to_B,4206,544,503,1.082,OK,
2026-07-28 18:00:09,2026-07-28,18:00:09,Tuesday,18,N,14,NH 5: Max Hospital ↔ ISBT Sector 43,B_to_A,5445,692,667,1.037,OK,
2026-07-28 18:00:09,2026-07-28,18:00:09,Tuesday,18,N,15,Sukhna Path: Golf Club ↔ Cycle Chowk,A_to_B,7421,1180,1083,1.09,OK,
2026-07-28 18:00:09,2026-07-28,18:00:09,Tuesday,18,N,15,Sukhna Path: Golf Club ↔ Cycle Chowk,B_to_A,7321,1192,1080,1.104,OK,
2026-07-28 18:00:10,2026-07-28,18:00:10,Tuesday,18,N,16,Sarovar Path: Sukhna Lake ↔ Burail Jail,A_to_B,7816,1400,1066,1.313,OK,
2026-07-28 18:00:10,2026-07-28,18:00:10,Tuesday,18,N,16,Sarovar Path: Sukhna Lake ↔ Burail Jail,B_to_A,7928,1330,1084,1.227,OK,
2026-07-28 18:00:10,2026-07-28,18:00:10,Tuesday,18,N,17,Himalaya Marg: Rock Garden ↔ ISBT 43,A_to_B,8818,1506,1126,1.337,OK,
2026-07-28 18:00:10,2026-07-28,18:00:10,Tuesday,18,N,17,Himalaya Marg: Rock Garden ↔ ISBT 43,B_to_A,7142,1401,1168,1.199,OK,
2026-07-28 18:00:11,2026-07-28,18:00:11,Tuesday,18,N,18,Jan Marg: High Court ↔ ISBT 17,A_to_B,3348,536,419,1.279,OK,
2026-07-28 18:00:11,2026-07-28,18:00:11,Tuesday,18,N,18,Jan Marg: High Court ↔ ISBT 17,B_to_A,3132,405,337,1.202,OK,
2026-07-28 18:00:11,2026-07-28,18:00:11,Tuesday,18,N,19,Jan Marg: ISBT 17 ↔ ISBT 43,A_to_B,4115,861,568,1.516,OK,
2026-07-28 18:00:11,2026-07-28,18:00:11,Tuesday,18,N,19,Jan Marg: ISBT 17 ↔ ISBT 43,B_to_A,4233,790,579,1.364,OK,
2026-07-28 18:00:12,2026-07-28,18:00:12,Tuesday,18,N,20,Vidya Path: PGI Chowk ↔ Fountain Chowk,A_to_B,5475,841,714,1.178,OK,
2026-07-28 18:00:12,2026-07-28,18:00:12,Tuesday,18,N,20,Vidya Path: PGI Chowk ↔ Fountain Chowk,B_to_A,5474,930,716,1.299,OK,
2026-07-28 18:00:12,2026-07-28,18:00:12,Tuesday,18,N,21,Purv Marg: Tansport Chowk  ↔ Tribune Chowk,A_to_B,2620,522,411,1.27,OK,
2026-07-28 18:00:13,2026-07-28,18:00:13,Tuesday,18,N,21,Purv Marg: Tansport Chowk  ↔ Tribune Chowk,B_to_A,2611,509,436,1.167,OK,
2026-07-28 18:00:13,2026-07-28,18:00:13,Tuesday,18,N,22,Chandi Path: Sabzi Mandi Chowk  ↔ GMCH 32,A_to_B,2939,498,414,1.203,OK,
2026-07-28 18:00:13,2026-07-28,18:00:13,Tuesday,18,N,22,Chandi Path: Sabzi Mandi Chowk  ↔ GMCH 32,B_to_A,2756,421,361,1.166,OK,
2026-07-28 18:00:13,2026-07-28,18:00:13,Tuesday,18,N,23,Udyan Path: Secretariat Chowk  ↔ Furniture Chowk,A_to_B,8357,1166,1012,1.152,OK,
2026-07-28 18:00:14,2026-07-28,18:00:14,Tuesday,18,N,23,Udyan Path: Secretariat Chowk  ↔ Furniture Chowk,B_to_A,8501,1110,961,1.155,OK,
2026-07-28 18:00:14,2026-07-28,18:00:14,Tuesday,18,N,24,Madhya Marg: Sector 17 ↔ Railway Station,A_to_B,7206,1249,945,1.322,OK,
2026-07-28 18:00:14,2026-07-28,18:00:14,Tuesday,18,N,24,Madhya Marg: Sector 17 ↔ Railway Station,B_to_A,6568,1114,1029,1.083,OK,
2026-07-28 18:00:14,2026-07-28,18:00:14,Tuesday,18,N,25,Paschim Marg: Sector 25 ↔ Sector 56,A_to_B,5805,793,715,1.109,OK,
2026-07-28 18:00:15,2026-07-28,18:00:15,Tuesday,18,N,25,Paschim Marg: Sector 25 ↔ Sector 56,B_to_A,3940,560,493,1.136,OK,
2026-07-28 18:30:01,2026-07-28,18:30:01,Tuesday,18,N,1,Madhya Marg: PGI Chowk ↔ Housing Board lights,A_to_B,11756,1535,1347,1.14,OK,
2026-07-28 18:30:01,2026-07-28,18:30:01,Tuesday,18,N,1,Madhya Marg: PGI Chowk ↔ Housing Board lights,B_to_A,8853,1415,1223,1.157,OK,
2026-07-28 18:30:02,2026-07-28,18:30:02,Tuesday,18,N,2,Udyog Path: PU Chowk ↔ Elante Mall,A_to_B,7111,1203,991,1.214,OK,
2026-07-28 18:30:02,2026-07-28,18:30:02,Tuesday,18,N,2,Udyog Path: PU Chowk ↔ Elante Mall,B_to_A,8051,1290,1091,1.182,OK,
2026-07-28 18:30:02,2026-07-28,18:30:02,Tuesday,18,N,3,Dakshin Marg: Daddu Majra ↔ Hallo Majra Lights,A_to_B,8610,1635,1261,1.297,OK,
2026-07-28 18:30:02,2026-07-28,18:30:02,Tuesday,18,N,3,Dakshin Marg: Daddu Majra ↔ Hallo Majra Lights,B_to_A,9083,1721,1481,1.162,OK,
2026-07-28 18:30:03,2026-07-28,18:30:03,Tuesday,18,N,4,Shanti Path: Sector 38W ↔ Sector 31 Lights,A_to_B,7417,1143,881,1.297,OK,
2026-07-28 18:30:03,2026-07-28,18:30:03,Tuesday,18,N,4,Shanti Path: Sector 38W ↔ Sector 31 Lights,B_to_A,7590,1276,937,1.362,OK,
2026-07-28 18:30:03,2026-07-28,18:30:03,Tuesday,18,N,5,NH 5: Grain Market ↔ Sector 47 Chowk,A_to_B,7596,1040,930,1.118,OK,
2026-07-28 18:30:04,2026-07-28,18:30:04,Tuesday,18,N,5,NH 5: Grain Market ↔ Sector 47 Chowk,B_to_A,7551,1076,972,1.107,OK,
2026-07-28 18:30:04,2026-07-28,18:30:04,Tuesday,18,N,6,Vigyan Path: PEC Chowk ↔ Golf Club,A_to_B,4491,537,472,1.138,OK,
2026-07-28 18:30:04,2026-07-28,18:30:04,Tuesday,18,N,6,Vigyan Path: PEC Chowk ↔ Golf Club,B_to_A,4518,562,525,1.07,OK,
2026-07-28 18:30:04,2026-07-28,18:30:04,Tuesday,18,N,7,Uttar Marg: Sector 2 Chowk ↔ Sukhna Lake,A_to_B,2481,300,274,1.095,OK,
2026-07-28 18:30:05,2026-07-28,18:30:05,Tuesday,18,N,7,Uttar Marg: Sector 2 Chowk ↔ Sukhna Lake,B_to_A,3144,435,423,1.028,OK,
2026-07-28 18:30:05,2026-07-28,18:30:05,Tuesday,18,N,8,Madhya Marg: Khudda Lahora ↔ Matka Chowk,A_to_B,4208,635,600,1.058,OK,
2026-07-28 18:30:05,2026-07-28,18:30:05,Tuesday,18,N,8,Madhya Marg: Khudda Lahora ↔ Matka Chowk,B_to_A,3931,618,529,1.168,OK,
2026-07-28 18:30:05,2026-07-28,18:30:05,Tuesday,18,N,9,Madhya Marg: GMSH 16 ↔ Kalagram,A_to_B,5231,1036,744,1.392,OK,
2026-07-28 18:30:06,2026-07-28,18:30:06,Tuesday,18,N,9,Madhya Marg: GMSH 16 ↔ Kalagram,B_to_A,5517,819,772,1.061,OK,
2026-07-28 18:30:06,2026-07-28,18:30:06,Tuesday,18,N,10,Udyog Path: Dhanas ↔ ISBT Sector 17,A_to_B,4785,904,737,1.227,OK,
2026-07-28 18:30:06,2026-07-28,18:30:06,Tuesday,18,N,10,Udyog Path: Dhanas ↔ ISBT Sector 17,B_to_A,5507,1103,919,1.2,OK,
2026-07-28 18:30:06,2026-07-28,18:30:06,Tuesday,18,N,11,Udyog Path: ISBT Sector 17 ↔ Elante Mall,A_to_B,3274,477,383,1.245,OK,
2026-07-28 18:30:07,2026-07-28,18:30:07,Tuesday,18,N,11,Udyog Path: ISBT Sector 17 ↔ Elante Mall,B_to_A,3428,537,451,1.191,OK,
2026-07-28 18:30:07,2026-07-28,18:30:07,Tuesday,18,N,12,Dakshin Marg: DLF Mullanpur ↔ Kisan Bhawan Chowk,A_to_B,6720,1064,894,1.19,OK,
2026-07-28 18:30:07,2026-07-28,18:30:07,Tuesday,18,N,12,Dakshin Marg: DLF Mullanpur ↔ Kisan Bhawan Chowk,B_to_A,8238,1182,1066,1.109,OK,
2026-07-28 18:30:08,2026-07-28,18:30:08,Tuesday,18,N,13,Dakshin Marg: Kisan Bhawan Chowk ↔ Airport Chowk,A_to_B,7722,1407,1090,1.291,OK,
2026-07-28 18:30:08,2026-07-28,18:30:08,Tuesday,18,N,13,Dakshin Marg: Kisan Bhawan Chowk ↔ Airport Chowk,B_to_A,7973,1337,1122,1.192,OK,
2026-07-28 18:30:08,2026-07-28,18:30:08,Tuesday,18,N,14,NH 5: Max Hospital ↔ ISBT Sector 43,A_to_B,4206,557,503,1.107,OK,
2026-07-28 18:30:08,2026-07-28,18:30:08,Tuesday,18,N,14,NH 5: Max Hospital ↔ ISBT Sector 43,B_to_A,5445,700,667,1.049,OK,
2026-07-28 18:30:09,2026-07-28,18:30:09,Tuesday,18,N,15,Sukhna Path: Golf Club ↔ Cycle Chowk,A_to_B,8924,1243,1149,1.082,OK,
2026-07-28 18:30:09,2026-07-28,18:30:09,Tuesday,18,N,15,Sukhna Path: Golf Club ↔ Cycle Chowk,B_to_A,7321,1174,1080,1.087,OK,
2026-07-28 18:30:09,2026-07-28,18:30:09,Tuesday,18,N,16,Sarovar Path: Sukhna Lake ↔ Burail Jail,A_to_B,7816,1368,1066,1.283,OK,
2026-07-28 18:30:09,2026-07-28,18:30:09,Tuesday,18,N,16,Sarovar Path: Sukhna Lake ↔ Burail Jail,B_to_A,7928,1282,1084,1.183,OK,
2026-07-28 18:30:10,2026-07-28,18:30:10,Tuesday,18,N,17,Himalaya Marg: Rock Garden ↔ ISBT 43,A_to_B,8803,1325,1097,1.208,OK,
2026-07-28 18:30:10,2026-07-28,18:30:10,Tuesday,18,N,17,Himalaya Marg: Rock Garden ↔ ISBT 43,B_to_A,8935,1311,1208,1.085,OK,
2026-07-28 18:30:10,2026-07-28,18:30:10,Tuesday,18,N,18,Jan Marg: High Court ↔ ISBT 17,A_to_B,3334,444,390,1.138,OK,
2026-07-28 18:30:10,2026-07-28,18:30:10,Tuesday,18,N,18,Jan Marg: High Court ↔ ISBT 17,B_to_A,3132,343,337,1.018,OK,
2026-07-28 18:30:11,2026-07-28,18:30:11,Tuesday,18,N,19,Jan Marg: ISBT 17 ↔ ISBT 43,A_to_B,4115,751,568,1.322,OK,
2026-07-28 18:30:11,2026-07-28,18:30:11,Tuesday,18,N,19,Jan Marg: ISBT 17 ↔ ISBT 43,B_to_A,5155,808,716,1.128,OK,
2026-07-28 18:30:11,2026-07-28,18:30:11,Tuesday,18,N,20,Vidya Path: PGI Chowk ↔ Fountain Chowk,A_to_B,5475,823,714,1.153,OK,
2026-07-28 18:30:12,2026-07-28,18:30:12,Tuesday,18,N,20,Vidya Path: PGI Chowk ↔ Fountain Chowk,B_to_A,5474,917,716,1.281,OK,
2026-07-28 18:30:12,2026-07-28,18:30:12,Tuesday,18,N,21,Purv Marg: Tansport Chowk  ↔ Tribune Chowk,A_to_B,2620,493,411,1.2,OK,
2026-07-28 18:30:12,2026-07-28,18:30:12,Tuesday,18,N,21,Purv Marg: Tansport Chowk  ↔ Tribune Chowk,B_to_A,2611,517,436,1.186,OK,
2026-07-28 18:30:12,2026-07-28,18:30:12,Tuesday,18,N,22,Chandi Path: Sabzi Mandi Chowk  ↔ GMCH 32,A_to_B,2939,470,414,1.135,OK,
2026-07-28 18:30:13,2026-07-28,18:30:13,Tuesday,18,N,22,Chandi Path: Sabzi Mandi Chowk  ↔ GMCH 32,B_to_A,2756,428,361,1.186,OK,
2026-07-28 18:30:13,2026-07-28,18:30:13,Tuesday,18,N,23,Udyan Path: Secretariat Chowk  ↔ Furniture Chowk,A_to_B,7398,1076,883,1.219,OK,
2026-07-28 18:30:13,2026-07-28,18:30:13,Tuesday,18,N,23,Udyan Path: Secretariat Chowk  ↔ Furniture Chowk,B_to_A,7219,953,830,1.148,OK,
2026-07-28 18:30:13,2026-07-28,18:30:13,Tuesday,18,N,24,Madhya Marg: Sector 17 ↔ Railway Station,A_to_B,7206,1083,945,1.146,OK,
2026-07-28 18:30:14,2026-07-28,18:30:14,Tuesday,18,N,24,Madhya Marg: Sector 17 ↔ Railway Station,B_to_A,6568,1132,1029,1.1,OK,
2026-07-28 18:30:14,2026-07-28,18:30:14,Tuesday,18,N,25,Paschim Marg: Sector 25 ↔ Sector 56,A_to_B,5834,830,696,1.193,OK,
2026-07-28 18:30:14,2026-07-28,18:30:14,Tuesday,18,N,25,Paschim Marg: Sector 25 ↔ Sector 56,B_to_A,3940,681,493,1.381,OK,
2026-07-28 19:00:02,2026-07-28,19:00:02,Tuesday,19,N,1,Madhya Marg: PGI Chowk ↔ Housing Board lights,A_to_B,11756,1629,1347,1.209,OK,
2026-07-28 19:00:02,2026-07-28,19:00:02,Tuesday,19,N,1,Madhya Marg: PGI Chowk ↔ Housing Board lights,B_to_A,8853,1412,1223,1.155,OK,
2026-07-28 19:00:02,2026-07-28,19:00:02,Tuesday,19,N,2,Udyog Path: PU Chowk ↔ Elante Mall,A_to_B,7111,1086,991,1.096,OK,
2026-07-28 19:00:02,2026-07-28,19:00:02,Tuesday,19,N,2,Udyog Path: PU Chowk ↔ Elante Mall,B_to_A,8051,1282,1091,1.175,OK,
2026-07-28 19:00:03,2026-07-28,19:00:03,Tuesday,19,N,3,Dakshin Marg: Daddu Majra ↔ Hallo Majra Lights,A_to_B,8621,1764,1296,1.361,OK,
2026-07-28 19:00:03,2026-07-28,19:00:03,Tuesday,19,N,3,Dakshin Marg: Daddu Majra ↔ Hallo Majra Lights,B_to_A,9083,1638,1481,1.106,OK,
2026-07-28 19:00:03,2026-07-28,19:00:03,Tuesday,19,N,4,Shanti Path: Sector 38W ↔ Sector 31 Lights,A_to_B,7418,1072,881,1.217,OK,
2026-07-28 19:00:04,2026-07-28,19:00:04,Tuesday,19,N,4,Shanti Path: Sector 38W ↔ Sector 31 Lights,B_to_A,7590,1240,937,1.323,OK,
2026-07-28 19:00:04,2026-07-28,19:00:04,Tuesday,19,N,5,NH 5: Grain Market ↔ Sector 47 Chowk,A_to_B,7596,1020,930,1.097,OK,
2026-07-28 19:00:04,2026-07-28,19:00:04,Tuesday,19,N,5,NH 5: Grain Market ↔ Sector 47 Chowk,B_to_A,7551,1038,972,1.068,OK,
2026-07-28 19:00:04,2026-07-28,19:00:04,Tuesday,19,N,6,Vigyan Path: PEC Chowk ↔ Golf Club,A_to_B,4491,527,472,1.117,OK,
2026-07-28 19:00:05,2026-07-28,19:00:05,Tuesday,19,N,6,Vigyan Path: PEC Chowk ↔ Golf Club,B_to_A,4518,567,525,1.08,OK,
2026-07-28 19:00:05,2026-07-28,19:00:05,Tuesday,19,N,7,Uttar Marg: Sector 2 Chowk ↔ Sukhna Lake,A_to_B,2481,311,274,1.135,OK,
2026-07-28 19:00:05,2026-07-28,19:00:05,Tuesday,19,N,7,Uttar Marg: Sector 2 Chowk ↔ Sukhna Lake,B_to_A,3144,454,423,1.073,OK,
2026-07-28 19:00:05,2026-07-28,19:00:05,Tuesday,19,N,8,Madhya Marg: Khudda Lahora ↔ Matka Chowk,A_to_B,4208,658,600,1.097,OK,
2026-07-28 19:00:06,2026-07-28,19:00:06,Tuesday,19,N,8,Madhya Marg: Khudda Lahora ↔ Matka Chowk,B_to_A,3931,605,529,1.144,OK,
2026-07-28 19:00:06,2026-07-28,19:00:06,Tuesday,19,N,9,Madhya Marg: GMSH 16 ↔ Kalagram,A_to_B,5231,912,744,1.226,OK,
2026-07-28 19:00:06,2026-07-28,19:00:06,Tuesday,19,N,9,Madhya Marg: GMSH 16 ↔ Kalagram,B_to_A,5517,844,772,1.093,OK,
2026-07-28 19:00:06,2026-07-28,19:00:06,Tuesday,19,N,10,Udyog Path: Dhanas ↔ ISBT Sector 17,A_to_B,4785,885,737,1.201,OK,
2026-07-28 19:00:07,2026-07-28,19:00:07,Tuesday,19,N,10,Udyog Path: Dhanas ↔ ISBT Sector 17,B_to_A,5507,1032,919,1.123,OK,
2026-07-28 19:00:07,2026-07-28,19:00:07,Tuesday,19,N,11,Udyog Path: ISBT Sector 17 ↔ Elante Mall,A_to_B,3274,411,383,1.073,OK,
2026-07-28 19:00:07,2026-07-28,19:00:07,Tuesday,19,N,11,Udyog Path: ISBT Sector 17 ↔ Elante Mall,B_to_A,3428,588,451,1.304,OK,
2026-07-28 19:00:08,2026-07-28,19:00:08,Tuesday,19,N,12,Dakshin Marg: DLF Mullanpur ↔ Kisan Bhawan Chowk,A_to_B,6720,1087,894,1.216,OK,
2026-07-28 19:00:08,2026-07-28,19:00:08,Tuesday,19,N,12,Dakshin Marg: DLF Mullanpur ↔ Kisan Bhawan Chowk,B_to_A,7109,1047,950,1.102,OK,
2026-07-28 19:00:08,2026-07-28,19:00:08,Tuesday,19,N,13,Dakshin Marg: Kisan Bhawan Chowk ↔ Airport Chowk,A_to_B,7733,1460,1126,1.297,OK,
2026-07-28 19:00:08,2026-07-28,19:00:08,Tuesday,19,N,13,Dakshin Marg: Kisan Bhawan Chowk ↔ Airport Chowk,B_to_A,7973,1361,1122,1.213,OK,
2026-07-28 19:00:09,2026-07-28,19:00:09,Tuesday,19,N,14,NH 5: Max Hospital ↔ ISBT Sector 43,A_to_B,4206,537,503,1.068,OK,
2026-07-28 19:00:09,2026-07-28,19:00:09,Tuesday,19,N,14,NH 5: Max Hospital ↔ ISBT Sector 43,B_to_A,5445,701,667,1.051,OK,
2026-07-28 19:00:09,2026-07-28,19:00:09,Tuesday,19,N,15,Sukhna Path: Golf Club ↔ Cycle Chowk,A_to_B,8924,1258,1149,1.095,OK,
2026-07-28 19:00:09,2026-07-28,19:00:09,Tuesday,19,N,15,Sukhna Path: Golf Club ↔ Cycle Chowk,B_to_A,7321,1196,1080,1.107,OK,
2026-07-28 19:00:10,2026-07-28,19:00:10,Tuesday,19,N,16,Sarovar Path: Sukhna Lake ↔ Burail Jail,A_to_B,7816,1285,1066,1.205,OK,
2026-07-28 19:00:10,2026-07-28,19:00:10,Tuesday,19,N,16,Sarovar Path: Sukhna Lake ↔ Burail Jail,B_to_A,7928,1289,1084,1.189,OK,
2026-07-28 19:00:10,2026-07-28,19:00:10,Tuesday,19,N,17,Himalaya Marg: Rock Garden ↔ ISBT 43,A_to_B,8803,1199,1097,1.093,OK,
2026-07-28 19:00:10,2026-07-28,19:00:10,Tuesday,19,N,17,Himalaya Marg: Rock Garden ↔ ISBT 43,B_to_A,8976,1244,1138,1.093,OK,
2026-07-28 19:00:11,2026-07-28,19:00:11,Tuesday,19,N,18,Jan Marg: High Court ↔ ISBT 17,A_to_B,3334,393,390,1.008,OK,
2026-07-28 19:00:11,2026-07-28,19:00:11,Tuesday,19,N,18,Jan Marg: High Court ↔ ISBT 17,B_to_A,3132,333,337,0.988,OK,
2026-07-28 19:00:11,2026-07-28,19:00:11,Tuesday,19,N,19,Jan Marg: ISBT 17 ↔ ISBT 43,A_to_B,4115,661,568,1.164,OK,
2026-07-28 19:00:11,2026-07-28,19:00:11,Tuesday,19,N,19,Jan Marg: ISBT 17 ↔ ISBT 43,B_to_A,4233,685,579,1.183,OK,
2026-07-28 19:00:12,2026-07-28,19:00:12,Tuesday,19,N,20,Vidya Path: PGI Chowk ↔ Fountain Chowk,A_to_B,5475,794,714,1.112,OK,
2026-07-28 19:00:12,2026-07-28,19:00:12,Tuesday,19,N,20,Vidya Path: PGI Chowk ↔ Fountain Chowk,B_to_A,5474,844,716,1.179,OK,
2026-07-28 19:00:12,2026-07-28,19:00:12,Tuesday,19,N,21,Purv Marg: Tansport Chowk  ↔ Tribune Chowk,A_to_B,2620,495,411,1.204,OK,
2026-07-28 19:00:13,2026-07-28,19:00:13,Tuesday,19,N,21,Purv Marg: Tansport Chowk  ↔ Tribune Chowk,B_to_A,2611,511,436,1.172,OK,
2026-07-28 19:00:13,2026-07-28,19:00:13,Tuesday,19,N,22,Chandi Path: Sabzi Mandi Chowk  ↔ GMCH 32,A_to_B,2939,492,414,1.188,OK,
2026-07-28 19:00:13,2026-07-28,19:00:13,Tuesday,19,N,22,Chandi Path: Sabzi Mandi Chowk  ↔ GMCH 32,B_to_A,2756,419,361,1.161,OK,
2026-07-28 19:00:13,2026-07-28,19:00:13,Tuesday,19,N,23,Udyan Path: Secretariat Chowk  ↔ Furniture Chowk,A_to_B,7398,1082,883,1.225,OK,
2026-07-28 19:00:14,2026-07-28,19:00:14,Tuesday,19,N,23,Udyan Path: Secretariat Chowk  ↔ Furniture Chowk,B_to_A,7219,977,830,1.177,OK,
2026-07-28 19:00:14,2026-07-28,19:00:14,Tuesday,19,N,24,Madhya Marg: Sector 17 ↔ Railway Station,A_to_B,7206,1071,945,1.133,OK,
2026-07-28 19:00:14,2026-07-28,19:00:14,Tuesday,19,N,24,Madhya Marg: Sector 17 ↔ Railway Station,B_to_A,7145,1087,1105,0.984,OK,
2026-07-28 19:00:14,2026-07-28,19:00:14,Tuesday,19,N,25,Paschim Marg: Sector 25 ↔ Sector 56,A_to_B,5834,782,696,1.124,OK,
2026-07-28 19:00:15,2026-07-28,19:00:15,Tuesday,19,N,25,Paschim Marg: Sector 25 ↔ Sector 56,B_to_A,3940,550,493,1.116,OK,
2026-07-28 19:30:01,2026-07-28,19:30:01,Tuesday,19,N,1,Madhya Marg: PGI Chowk ↔ Housing Board lights,A_to_B,11756,1499,1347,1.113,OK,
2026-07-28 19:30:01,2026-07-28,19:30:01,Tuesday,19,N,1,Madhya Marg: PGI Chowk ↔ Housing Board lights,B_to_A,8853,1373,1223,1.123,OK,
2026-07-28 19:30:02,2026-07-28,19:30:02,Tuesday,19,N,2,Udyog Path: PU Chowk ↔ Elante Mall,A_to_B,7111,1109,991,1.119,OK,
2026-07-28 19:30:02,2026-07-28,19:30:02,Tuesday,19,N,2,Udyog Path: PU Chowk ↔ Elante Mall,B_to_A,8051,1205,1091,1.104,OK,
2026-07-28 19:30:02,2026-07-28,19:30:02,Tuesday,19,N,3,Dakshin Marg: Daddu Majra ↔ Hallo Majra Lights,A_to_B,8610,1618,1261,1.283,OK,
2026-07-28 19:30:02,2026-07-28,19:30:02,Tuesday,19,N,3,Dakshin Marg: Daddu Majra ↔ Hallo Majra Lights,B_to_A,9083,1604,1481,1.083,OK,
2026-07-28 19:30:03,2026-07-28,19:30:03,Tuesday,19,N,4,Shanti Path: Sector 38W ↔ Sector 31 Lights,A_to_B,7418,1021,881,1.159,OK,
2026-07-28 19:30:03,2026-07-28,19:30:03,Tuesday,19,N,4,Shanti Path: Sector 38W ↔ Sector 31 Lights,B_to_A,7590,1287,937,1.374,OK,
2026-07-28 19:30:03,2026-07-28,19:30:03,Tuesday,19,N,5,NH 5: Grain Market ↔ Sector 47 Chowk,A_to_B,7596,1005,930,1.081,OK,
2026-07-28 19:30:04,2026-07-28,19:30:04,Tuesday,19,N,5,NH 5: Grain Market ↔ Sector 47 Chowk,B_to_A,7551,1020,972,1.049,OK,
2026-07-28 19:30:04,2026-07-28,19:30:04,Tuesday,19,N,6,Vigyan Path: PEC Chowk ↔ Golf Club,A_to_B,4491,515,472,1.091,OK,
2026-07-28 19:30:04,2026-07-28,19:30:04,Tuesday,19,N,6,Vigyan Path: PEC Chowk ↔ Golf Club,B_to_A,4518,564,525,1.074,OK,
2026-07-28 19:30:04,2026-07-28,19:30:04,Tuesday,19,N,7,Uttar Marg: Sector 2 Chowk ↔ Sukhna Lake,A_to_B,2481,297,274,1.084,OK,
2026-07-28 19:30:05,2026-07-28,19:30:05,Tuesday,19,N,7,Uttar Marg: Sector 2 Chowk ↔ Sukhna Lake,B_to_A,3144,456,423,1.078,OK,
2026-07-28 19:30:05,2026-07-28,19:30:05,Tuesday,19,N,8,Madhya Marg: Khudda Lahora ↔ Matka Chowk,A_to_B,4208,659,600,1.098,OK,
2026-07-28 19:30:05,2026-07-28,19:30:05,Tuesday,19,N,8,Madhya Marg: Khudda Lahora ↔ Matka Chowk,B_to_A,3931,651,529,1.231,OK,
2026-07-28 19:30:05,2026-07-28,19:30:05,Tuesday,19,N,9,Madhya Marg: GMSH 16 ↔ Kalagram,A_to_B,5231,858,744,1.153,OK,
2026-07-28 19:30:06,2026-07-28,19:30:06,Tuesday,19,N,9,Madhya Marg: GMSH 16 ↔ Kalagram,B_to_A,5517,798,772,1.034,OK,
2026-07-28 19:30:06,2026-07-28,19:30:06,Tuesday,19,N,10,Udyog Path: Dhanas ↔ ISBT Sector 17,A_to_B,4785,868,737,1.178,OK,
2026-07-28 19:30:06,2026-07-28,19:30:06,Tuesday,19,N,10,Udyog Path: Dhanas ↔ ISBT Sector 17,B_to_A,5507,1031,919,1.122,OK,
2026-07-28 19:30:06,2026-07-28,19:30:06,Tuesday,19,N,11,Udyog Path: ISBT Sector 17 ↔ Elante Mall,A_to_B,3274,426,383,1.112,OK,
2026-07-28 19:30:07,2026-07-28,19:30:07,Tuesday,19,N,11,Udyog Path: ISBT Sector 17 ↔ Elante Mall,B_to_A,3428,555,451,1.231,OK,
2026-07-28 19:30:07,2026-07-28,19:30:07,Tuesday,19,N,12,Dakshin Marg: DLF Mullanpur ↔ Kisan Bhawan Chowk,A_to_B,6720,1019,894,1.14,OK,
2026-07-28 19:30:07,2026-07-28,19:30:07,Tuesday,19,N,12,Dakshin Marg: DLF Mullanpur ↔ Kisan Bhawan Chowk,B_to_A,7109,1051,950,1.106,OK,
2026-07-28 19:30:08,2026-07-28,19:30:08,Tuesday,19,N,13,Dakshin Marg: Kisan Bhawan Chowk ↔ Airport Chowk,A_to_B,7722,1458,1090,1.338,OK,
2026-07-28 19:30:08,2026-07-28,19:30:08,Tuesday,19,N,13,Dakshin Marg: Kisan Bhawan Chowk ↔ Airport Chowk,B_to_A,7973,1353,1122,1.206,OK,
2026-07-28 19:30:08,2026-07-28,19:30:08,Tuesday,19,N,14,NH 5: Max Hospital ↔ ISBT Sector 43,A_to_B,4206,521,503,1.036,OK,
2026-07-28 19:30:08,2026-07-28,19:30:08,Tuesday,19,N,14,NH 5: Max Hospital ↔ ISBT Sector 43,B_to_A,5445,693,667,1.039,OK,
2026-07-28 19:30:09,2026-07-28,19:30:09,Tuesday,19,N,15,Sukhna Path: Golf Club ↔ Cycle Chowk,A_to_B,8924,1227,1149,1.068,OK,
2026-07-28 19:30:09,2026-07-28,19:30:09,Tuesday,19,N,15,Sukhna Path: Golf Club ↔ Cycle Chowk,B_to_A,7321,1171,1080,1.084,OK,
2026-07-28 19:30:09,2026-07-28,19:30:09,Tuesday,19,N,16,Sarovar Path: Sukhna Lake ↔ Burail Jail,A_to_B,7816,1305,1066,1.224,OK,
2026-07-28 19:30:09,2026-07-28,19:30:09,Tuesday,19,N,16,Sarovar Path: Sukhna Lake ↔ Burail Jail,B_to_A,7928,1300,1084,1.199,OK,
2026-07-28 19:30:10,2026-07-28,19:30:10,Tuesday,19,N,17,Himalaya Marg: Rock Garden ↔ ISBT 43,A_to_B,8803,1197,1097,1.091,OK,
2026-07-28 19:30:10,2026-07-28,19:30:10,Tuesday,19,N,17,Himalaya Marg: Rock Garden ↔ ISBT 43,B_to_A,8976,1196,1138,1.051,OK,
2026-07-28 19:30:10,2026-07-28,19:30:10,Tuesday,19,N,18,Jan Marg: High Court ↔ ISBT 17,A_to_B,3334,391,390,1.003,OK,
2026-07-28 19:30:10,2026-07-28,19:30:10,Tuesday,19,N,18,Jan Marg: High Court ↔ ISBT 17,B_to_A,3132,325,337,0.964,OK,
2026-07-28 19:30:11,2026-07-28,19:30:11,Tuesday,19,N,19,Jan Marg: ISBT 17 ↔ ISBT 43,A_to_B,4115,687,568,1.21,OK,
2026-07-28 19:30:11,2026-07-28,19:30:11,Tuesday,19,N,19,Jan Marg: ISBT 17 ↔ ISBT 43,B_to_A,4233,648,579,1.119,OK,
2026-07-28 19:30:11,2026-07-28,19:30:11,Tuesday,19,N,20,Vidya Path: PGI Chowk ↔ Fountain Chowk,A_to_B,5475,780,714,1.092,OK,
2026-07-28 19:30:12,2026-07-28,19:30:12,Tuesday,19,N,20,Vidya Path: PGI Chowk ↔ Fountain Chowk,B_to_A,5474,887,716,1.239,OK,
2026-07-28 19:30:12,2026-07-28,19:30:12,Tuesday,19,N,21,Purv Marg: Tansport Chowk  ↔ Tribune Chowk,A_to_B,2620,492,411,1.197,OK,
2026-07-28 19:30:12,2026-07-28,19:30:12,Tuesday,19,N,21,Purv Marg: Tansport Chowk  ↔ Tribune Chowk,B_to_A,2611,524,436,1.202,OK,
2026-07-28 19:30:12,2026-07-28,19:30:12,Tuesday,19,N,22,Chandi Path: Sabzi Mandi Chowk  ↔ GMCH 32,A_to_B,2939,466,414,1.126,OK,
2026-07-28 19:30:13,2026-07-28,19:30:13,Tuesday,19,N,22,Chandi Path: Sabzi Mandi Chowk  ↔ GMCH 32,B_to_A,2756,438,361,1.213,OK,
2026-07-28 19:30:13,2026-07-28,19:30:13,Tuesday,19,N,23,Udyan Path: Secretariat Chowk  ↔ Furniture Chowk,A_to_B,7398,1022,883,1.157,OK,
2026-07-28 19:30:13,2026-07-28,19:30:13,Tuesday,19,N,23,Udyan Path: Secretariat Chowk  ↔ Furniture Chowk,B_to_A,7219,951,830,1.146,OK,
2026-07-28 19:30:13,2026-07-28,19:30:13,Tuesday,19,N,24,Madhya Marg: Sector 17 ↔ Railway Station,A_to_B,7206,1027,945,1.087,OK,
2026-07-28 19:30:14,2026-07-28,19:30:14,Tuesday,19,N,24,Madhya Marg: Sector 17 ↔ Railway Station,B_to_A,8105,1050,1082,0.97,OK,
2026-07-28 19:30:14,2026-07-28,19:30:14,Tuesday,19,N,25,Paschim Marg: Sector 25 ↔ Sector 56,A_to_B,5834,757,696,1.088,OK,
2026-07-28 19:30:14,2026-07-28,19:30:14,Tuesday,19,N,25,Paschim Marg: Sector 25 ↔ Sector 56,B_to_A,3940,525,493,1.065,OK,
2026-07-28 20:00:02,2026-07-28,20:00:02,Tuesday,20,N,1,Madhya Marg: PGI Chowk ↔ Housing Board lights,A_to_B,11756,1463,1347,1.086,OK,
2026-07-28 20:00:02,2026-07-28,20:00:02,Tuesday,20,N,1,Madhya Marg: PGI Chowk ↔ Housing Board lights,B_to_A,8853,1366,1223,1.117,OK,
2026-07-28 20:00:02,2026-07-28,20:00:02,Tuesday,20,N,2,Udyog Path: PU Chowk ↔ Elante Mall,A_to_B,8606,1192,1105,1.079,OK,
2026-07-28 20:00:02,2026-07-28,20:00:02,Tuesday,20,N,2,Udyog Path: PU Chowk ↔ Elante Mall,B_to_A,8051,1162,1091,1.065,OK,
2026-07-28 20:00:03,2026-07-28,20:00:03,Tuesday,20,N,3,Dakshin Marg: Daddu Majra ↔ Hallo Majra Lights,A_to_B,8610,1625,1261,1.289,OK,
2026-07-28 20:00:03,2026-07-28,20:00:03,Tuesday,20,N,3,Dakshin Marg: Daddu Majra ↔ Hallo Majra Lights,B_to_A,9042,1591,1445,1.101,OK,
2026-07-28 20:00:03,2026-07-28,20:00:03,Tuesday,20,N,4,Shanti Path: Sector 38W ↔ Sector 31 Lights,A_to_B,7418,1049,881,1.191,OK,
2026-07-28 20:00:04,2026-07-28,20:00:04,Tuesday,20,N,4,Shanti Path: Sector 38W ↔ Sector 31 Lights,B_to_A,7590,1269,937,1.354,OK,
2026-07-28 20:00:04,2026-07-28,20:00:04,Tuesday,20,N,5,NH 5: Grain Market ↔ Sector 47 Chowk,A_to_B,7596,949,930,1.02,OK,
2026-07-28 20:00:04,2026-07-28,20:00:04,Tuesday,20,N,5,NH 5: Grain Market ↔ Sector 47 Chowk,B_to_A,7551,981,972,1.009,OK,
2026-07-28 20:00:04,2026-07-28,20:00:04,Tuesday,20,N,6,Vigyan Path: PEC Chowk ↔ Golf Club,A_to_B,4491,506,472,1.072,OK,
2026-07-28 20:00:05,2026-07-28,20:00:05,Tuesday,20,N,6,Vigyan Path: PEC Chowk ↔ Golf Club,B_to_A,4518,556,525,1.059,OK,
2026-07-28 20:00:05,2026-07-28,20:00:05,Tuesday,20,N,7,Uttar Marg: Sector 2 Chowk ↔ Sukhna Lake,A_to_B,2481,285,274,1.04,OK,
2026-07-28 20:00:05,2026-07-28,20:00:05,Tuesday,20,N,7,Uttar Marg: Sector 2 Chowk ↔ Sukhna Lake,B_to_A,3144,434,423,1.026,OK,
2026-07-28 20:00:05,2026-07-28,20:00:05,Tuesday,20,N,8,Madhya Marg: Khudda Lahora ↔ Matka Chowk,A_to_B,4208,695,600,1.158,OK,
2026-07-28 20:00:06,2026-07-28,20:00:06,Tuesday,20,N,8,Madhya Marg: Khudda Lahora ↔ Matka Chowk,B_to_A,3931,675,529,1.276,OK,
2026-07-28 20:00:06,2026-07-28,20:00:06,Tuesday,20,N,9,Madhya Marg: GMSH 16 ↔ Kalagram,A_to_B,5231,874,744,1.175,OK,
2026-07-28 20:00:06,2026-07-28,20:00:06,Tuesday,20,N,9,Madhya Marg: GMSH 16 ↔ Kalagram,B_to_A,7158,822,822,1.0,OK,
2026-07-28 20:00:06,2026-07-28,20:00:06,Tuesday,20,N,10,Udyog Path: Dhanas ↔ ISBT Sector 17,A_to_B,4785,837,737,1.136,OK,
2026-07-28 20:00:07,2026-07-28,20:00:07,Tuesday,20,N,10,Udyog Path: Dhanas ↔ ISBT Sector 17,B_to_A,5507,998,919,1.086,OK,
2026-07-28 20:00:07,2026-07-28,20:00:07,Tuesday,20,N,11,Udyog Path: ISBT Sector 17 ↔ Elante Mall,A_to_B,3274,422,383,1.102,OK,
2026-07-28 20:00:07,2026-07-28,20:00:07,Tuesday,20,N,11,Udyog Path: ISBT Sector 17 ↔ Elante Mall,B_to_A,3428,528,451,1.171,OK,
2026-07-28 20:00:07,2026-07-28,20:00:07,Tuesday,20,N,12,Dakshin Marg: DLF Mullanpur ↔ Kisan Bhawan Chowk,A_to_B,6720,986,894,1.103,OK,
2026-07-28 20:00:08,2026-07-28,20:00:08,Tuesday,20,N,12,Dakshin Marg: DLF Mullanpur ↔ Kisan Bhawan Chowk,B_to_A,7109,1063,950,1.119,OK,
2026-07-28 20:00:08,2026-07-28,20:00:08,Tuesday,20,N,13,Dakshin Marg: Kisan Bhawan Chowk ↔ Airport Chowk,A_to_B,7733,1428,1126,1.268,OK,
2026-07-28 20:00:08,2026-07-28,20:00:08,Tuesday,20,N,13,Dakshin Marg: Kisan Bhawan Chowk ↔ Airport Chowk,B_to_A,7931,1232,1144,1.077,OK,
2026-07-28 20:00:09,2026-07-28,20:00:09,Tuesday,20,N,14,NH 5: Max Hospital ↔ ISBT Sector 43,A_to_B,4206,506,503,1.006,OK,
2026-07-28 20:00:09,2026-07-28,20:00:09,Tuesday,20,N,14,NH 5: Max Hospital ↔ ISBT Sector 43,B_to_A,5445,707,667,1.06,OK,
2026-07-28 20:00:09,2026-07-28,20:00:09,Tuesday,20,N,15,Sukhna Path: Golf Club ↔ Cycle Chowk,A_to_B,8924,1190,1149,1.036,OK,
2026-07-28 20:00:09,2026-07-28,20:00:09,Tuesday,20,N,15,Sukhna Path: Golf Club ↔ Cycle Chowk,B_to_A,7321,1160,1080,1.074,OK,
2026-07-28 20:00:10,2026-07-28,20:00:10,Tuesday,20,N,16,Sarovar Path: Sukhna Lake ↔ Burail Jail,A_to_B,7816,1229,1066,1.153,OK,
2026-07-28 20:00:10,2026-07-28,20:00:10,Tuesday,20,N,16,Sarovar Path: Sukhna Lake ↔ Burail Jail,B_to_A,7928,1231,1084,1.136,OK,
2026-07-28 20:00:10,2026-07-28,20:00:10,Tuesday,20,N,17,Himalaya Marg: Rock Garden ↔ ISBT 43,A_to_B,8803,1128,1097,1.028,OK,
2026-07-28 20:00:10,2026-07-28,20:00:10,Tuesday,20,N,17,Himalaya Marg: Rock Garden ↔ ISBT 43,B_to_A,8976,1121,1138,0.985,OK,
2026-07-28 20:00:11,2026-07-28,20:00:11,Tuesday,20,N,18,Jan Marg: High Court ↔ ISBT 17,A_to_B,3334,384,390,0.985,OK,
2026-07-28 20:00:11,2026-07-28,20:00:11,Tuesday,20,N,18,Jan Marg: High Court ↔ ISBT 17,B_to_A,3132,328,337,0.973,OK,
2026-07-28 20:00:11,2026-07-28,20:00:11,Tuesday,20,N,19,Jan Marg: ISBT 17 ↔ ISBT 43,A_to_B,4115,626,568,1.102,OK,
2026-07-28 20:00:11,2026-07-28,20:00:11,Tuesday,20,N,19,Jan Marg: ISBT 17 ↔ ISBT 43,B_to_A,4233,582,579,1.005,OK,
2026-07-28 20:00:12,2026-07-28,20:00:12,Tuesday,20,N,20,Vidya Path: PGI Chowk ↔ Fountain Chowk,A_to_B,5475,785,714,1.099,OK,
2026-07-28 20:00:12,2026-07-28,20:00:12,Tuesday,20,N,20,Vidya Path: PGI Chowk ↔ Fountain Chowk,B_to_A,5474,798,716,1.115,OK,
2026-07-28 20:00:12,2026-07-28,20:00:12,Tuesday,20,N,21,Purv Marg: Tansport Chowk  ↔ Tribune Chowk,A_to_B,2620,444,411,1.08,OK,
2026-07-28 20:00:12,2026-07-28,20:00:12,Tuesday,20,N,21,Purv Marg: Tansport Chowk  ↔ Tribune Chowk,B_to_A,2611,500,436,1.147,OK,
2026-07-28 20:00:13,2026-07-28,20:00:13,Tuesday,20,N,22,Chandi Path: Sabzi Mandi Chowk  ↔ GMCH 32,A_to_B,2939,452,414,1.092,OK,
2026-07-28 20:00:13,2026-07-28,20:00:13,Tuesday,20,N,22,Chandi Path: Sabzi Mandi Chowk  ↔ GMCH 32,B_to_A,2756,423,361,1.172,OK,
2026-07-28 20:00:13,2026-07-28,20:00:13,Tuesday,20,N,23,Udyan Path: Secretariat Chowk  ↔ Furniture Chowk,A_to_B,7398,1058,883,1.198,OK,
2026-07-28 20:00:14,2026-07-28,20:00:14,Tuesday,20,N,23,Udyan Path: Secretariat Chowk  ↔ Furniture Chowk,B_to_A,7219,964,830,1.161,OK,
2026-07-28 20:00:14,2026-07-28,20:00:14,Tuesday,20,N,24,Madhya Marg: Sector 17 ↔ Railway Station,A_to_B,7206,1017,945,1.076,OK,
2026-07-28 20:00:14,2026-07-28,20:00:14,Tuesday,20,N,24,Madhya Marg: Sector 17 ↔ Railway Station,B_to_A,8105,1029,1082,0.951,OK,
2026-07-28 20:00:14,2026-07-28,20:00:14,Tuesday,20,N,25,Paschim Marg: Sector 25 ↔ Sector 56,A_to_B,5834,750,696,1.078,OK,
2026-07-28 20:00:15,2026-07-28,20:00:15,Tuesday,20,N,25,Paschim Marg: Sector 25 ↔ Sector 56,B_to_A,3940,535,493,1.085,OK,
2026-07-28 20:30:01,2026-07-28,20:30:01,Tuesday,20,N,1,Madhya Marg: PGI Chowk ↔ Housing Board lights,A_to_B,11756,1383,1347,1.027,OK,
2026-07-28 20:30:01,2026-07-28,20:30:01,Tuesday,20,N,1,Madhya Marg: PGI Chowk ↔ Housing Board lights,B_to_A,8853,1290,1223,1.055,OK,
2026-07-28 20:30:02,2026-07-28,20:30:02,Tuesday,20,N,2,Udyog Path: PU Chowk ↔ Elante Mall,A_to_B,8606,1073,1105,0.971,OK,
2026-07-28 20:30:02,2026-07-28,20:30:02,Tuesday,20,N,2,Udyog Path: PU Chowk ↔ Elante Mall,B_to_A,8051,1104,1091,1.012,OK,
2026-07-28 20:30:02,2026-07-28,20:30:02,Tuesday,20,N,3,Dakshin Marg: Daddu Majra ↔ Hallo Majra Lights,A_to_B,8610,1500,1261,1.19,OK,
2026-07-28 20:30:03,2026-07-28,20:30:03,Tuesday,20,N,3,Dakshin Marg: Daddu Majra ↔ Hallo Majra Lights,B_to_A,9042,1466,1445,1.015,OK,
2026-07-28 20:30:03,2026-07-28,20:30:03,Tuesday,20,N,4,Shanti Path: Sector 38W ↔ Sector 31 Lights,A_to_B,7418,932,881,1.058,OK,
2026-07-28 20:30:03,2026-07-28,20:30:03,Tuesday,20,N,4,Shanti Path: Sector 38W ↔ Sector 31 Lights,B_to_A,10371,1306,1295,1.008,OK,
2026-07-28 20:30:03,2026-07-28,20:30:03,Tuesday,20,N,5,NH 5: Grain Market ↔ Sector 47 Chowk,A_to_B,7596,927,930,0.997,OK,
2026-07-28 20:30:04,2026-07-28,20:30:04,Tuesday,20,N,5,NH 5: Grain Market ↔ Sector 47 Chowk,B_to_A,7551,931,972,0.958,OK,
2026-07-28 20:30:04,2026-07-28,20:30:04,Tuesday,20,N,6,Vigyan Path: PEC Chowk ↔ Golf Club,A_to_B,4491,477,472,1.011,OK,
2026-07-28 20:30:05,2026-07-28,20:30:05,Tuesday,20,N,6,Vigyan Path: PEC Chowk ↔ Golf Club,B_to_A,4518,545,525,1.038,OK,
2026-07-28 20:30:05,2026-07-28,20:30:05,Tuesday,20,N,7,Uttar Marg: Sector 2 Chowk ↔ Sukhna Lake,A_to_B,2481,259,274,0.945,OK,
2026-07-28 20:30:05,2026-07-28,20:30:05,Tuesday,20,N,7,Uttar Marg: Sector 2 Chowk ↔ Sukhna Lake,B_to_A,3144,431,423,1.019,OK,
2026-07-28 20:30:06,2026-07-28,20:30:06,Tuesday,20,N,8,Madhya Marg: Khudda Lahora ↔ Matka Chowk,A_to_B,4208,686,600,1.143,OK,
2026-07-28 20:30:06,2026-07-28,20:30:06,Tuesday,20,N,8,Madhya Marg: Khudda Lahora ↔ Matka Chowk,B_to_A,3931,720,529,1.361,OK,
2026-07-28 20:30:06,2026-07-28,20:30:06,Tuesday,20,N,9,Madhya Marg: GMSH 16 ↔ Kalagram,A_to_B,7180,891,830,1.073,OK,
2026-07-28 20:30:06,2026-07-28,20:30:06,Tuesday,20,N,9,Madhya Marg: GMSH 16 ↔ Kalagram,B_to_A,7158,779,830,0.939,OK,
2026-07-28 20:30:07,2026-07-28,20:30:07,Tuesday,20,N,10,Udyog Path: Dhanas ↔ ISBT Sector 17,A_to_B,4785,811,737,1.1,OK,
2026-07-28 20:30:07,2026-07-28,20:30:07,Tuesday,20,N,10,Udyog Path: Dhanas ↔ ISBT Sector 17,B_to_A,5507,946,919,1.029,OK,
2026-07-28 20:30:07,2026-07-28,20:30:07,Tuesday,20,N,11,Udyog Path: ISBT Sector 17 ↔ Elante Mall,A_to_B,3274,384,383,1.003,OK,
2026-07-28 20:30:07,2026-07-28,20:30:07,Tuesday,20,N,11,Udyog Path: ISBT Sector 17 ↔ Elante Mall,B_to_A,3428,502,451,1.113,OK,
2026-07-28 20:30:08,2026-07-28,20:30:08,Tuesday,20,N,12,Dakshin Marg: DLF Mullanpur ↔ Kisan Bhawan Chowk,A_to_B,6720,973,894,1.088,OK,
2026-07-28 20:30:08,2026-07-28,20:30:08,Tuesday,20,N,12,Dakshin Marg: DLF Mullanpur ↔ Kisan Bhawan Chowk,B_to_A,7125,1079,974,1.108,OK,
2026-07-28 20:30:08,2026-07-28,20:30:08,Tuesday,20,N,13,Dakshin Marg: Kisan Bhawan Chowk ↔ Airport Chowk,A_to_B,7722,1382,1090,1.268,OK,
2026-07-28 20:30:09,2026-07-28,20:30:09,Tuesday,20,N,13,Dakshin Marg: Kisan Bhawan Chowk ↔ Airport Chowk,B_to_A,7931,1124,1144,0.983,OK,
2026-07-28 20:30:09,2026-07-28,20:30:09,Tuesday,20,N,14,NH 5: Max Hospital ↔ ISBT Sector 43,A_to_B,4206,495,503,0.984,OK,
2026-07-28 20:30:09,2026-07-28,20:30:09,Tuesday,20,N,14,NH 5: Max Hospital ↔ ISBT Sector 43,B_to_A,5445,658,667,0.987,OK,
2026-07-28 20:30:09,2026-07-28,20:30:09,Tuesday,20,N,15,Sukhna Path: Golf Club ↔ Cycle Chowk,A_to_B,8924,1120,1149,0.975,OK,
2026-07-28 20:30:10,2026-07-28,20:30:10,Tuesday,20,N,15,Sukhna Path: Golf Club ↔ Cycle Chowk,B_to_A,7321,1109,1080,1.027,OK,
2026-07-28 20:30:10,2026-07-28,20:30:10,Tuesday,20,N,16,Sarovar Path: Sukhna Lake ↔ Burail Jail,A_to_B,7816,1152,1066,1.081,OK,
2026-07-28 20:30:10,2026-07-28,20:30:10,Tuesday,20,N,16,Sarovar Path: Sukhna Lake ↔ Burail Jail,B_to_A,7928,1158,1084,1.068,OK,
2026-07-28 20:30:10,2026-07-28,20:30:10,Tuesday,20,N,17,Himalaya Marg: Rock Garden ↔ ISBT 43,A_to_B,8803,1103,1097,1.005,OK,
2026-07-28 20:30:11,2026-07-28,20:30:11,Tuesday,20,N,17,Himalaya Marg: Rock Garden ↔ ISBT 43,B_to_A,8976,1098,1138,0.965,OK,
2026-07-28 20:30:11,2026-07-28,20:30:11,Tuesday,20,N,18,Jan Marg: High Court ↔ ISBT 17,A_to_B,3334,369,390,0.946,OK,
2026-07-28 20:30:11,2026-07-28,20:30:11,Tuesday,20,N,18,Jan Marg: High Court ↔ ISBT 17,B_to_A,3132,312,337,0.926,OK,
2026-07-28 20:30:11,2026-07-28,20:30:11,Tuesday,20,N,19,Jan Marg: ISBT 17 ↔ ISBT 43,A_to_B,4115,621,568,1.093,OK,
2026-07-28 20:30:12,2026-07-28,20:30:12,Tuesday,20,N,19,Jan Marg: ISBT 17 ↔ ISBT 43,B_to_A,4233,579,579,1.0,OK,
2026-07-28 20:30:12,2026-07-28,20:30:12,Tuesday,20,N,20,Vidya Path: PGI Chowk ↔ Fountain Chowk,A_to_B,5475,754,714,1.056,OK,
2026-07-28 20:30:12,2026-07-28,20:30:12,Tuesday,20,N,20,Vidya Path: PGI Chowk ↔ Fountain Chowk,B_to_A,5474,732,716,1.022,OK,
2026-07-28 20:30:13,2026-07-28,20:30:13,Tuesday,20,N,21,Purv Marg: Tansport Chowk  ↔ Tribune Chowk,A_to_B,2620,447,411,1.088,OK,
2026-07-28 20:30:13,2026-07-28,20:30:13,Tuesday,20,N,21,Purv Marg: Tansport Chowk  ↔ Tribune Chowk,B_to_A,2611,470,436,1.078,OK,
2026-07-28 20:30:13,2026-07-28,20:30:13,Tuesday,20,N,22,Chandi Path: Sabzi Mandi Chowk  ↔ GMCH 32,A_to_B,2939,428,414,1.034,OK,
2026-07-28 20:30:13,2026-07-28,20:30:13,Tuesday,20,N,22,Chandi Path: Sabzi Mandi Chowk  ↔ GMCH 32,B_to_A,2756,401,361,1.111,OK,
2026-07-28 20:30:14,2026-07-28,20:30:14,Tuesday,20,N,23,Udyan Path: Secretariat Chowk  ↔ Furniture Chowk,A_to_B,7398,990,883,1.121,OK,
2026-07-28 20:30:14,2026-07-28,20:30:14,Tuesday,20,N,23,Udyan Path: Secretariat Chowk  ↔ Furniture Chowk,B_to_A,7219,898,830,1.082,OK,
2026-07-28 20:30:14,2026-07-28,20:30:14,Tuesday,20,N,24,Madhya Marg: Sector 17 ↔ Railway Station,A_to_B,7206,956,945,1.012,OK,
2026-07-28 20:30:14,2026-07-28,20:30:14,Tuesday,20,N,24,Madhya Marg: Sector 17 ↔ Railway Station,B_to_A,8105,1065,1082,0.984,OK,
2026-07-28 20:30:15,2026-07-28,20:30:15,Tuesday,20,N,25,Paschim Marg: Sector 25 ↔ Sector 56,A_to_B,5834,725,696,1.042,OK,
2026-07-28 20:30:15,2026-07-28,20:30:15,Tuesday,20,N,25,Paschim Marg: Sector 25 ↔ Sector 56,B_to_A,3940,511,493,1.037,OK,
2026-07-28 21:00:01,2026-07-28,21:00:01,Tuesday,21,N,1,Madhya Marg: PGI Chowk ↔ Housing Board lights,A_to_B,11756,1285,1347,0.954,OK,
2026-07-28 21:00:02,2026-07-28,21:00:02,Tuesday,21,N,1,Madhya Marg: PGI Chowk ↔ Housing Board lights,B_to_A,8853,1234,1223,1.009,OK,
2026-07-28 21:00:02,2026-07-28,21:00:02,Tuesday,21,N,2,Udyog Path: PU Chowk ↔ Elante Mall,A_to_B,8606,1018,1105,0.921,OK,
2026-07-28 21:00:02,2026-07-28,21:00:02,Tuesday,21,N,2,Udyog Path: PU Chowk ↔ Elante Mall,B_to_A,8051,1036,1092,0.949,OK,
2026-07-28 21:00:03,2026-07-28,21:00:03,Tuesday,21,N,3,Dakshin Marg: Daddu Majra ↔ Hallo Majra Lights,A_to_B,8610,1326,1261,1.052,OK,
2026-07-28 21:00:03,2026-07-28,21:00:03,Tuesday,21,N,3,Dakshin Marg: Daddu Majra ↔ Hallo Majra Lights,B_to_A,9042,1321,1445,0.914,OK,
2026-07-28 21:00:03,2026-07-28,21:00:03,Tuesday,21,N,4,Shanti Path: Sector 38W ↔ Sector 31 Lights,A_to_B,7418,869,881,0.986,OK,
2026-07-28 21:00:03,2026-07-28,21:00:03,Tuesday,21,N,4,Shanti Path: Sector 38W ↔ Sector 31 Lights,B_to_A,7590,1065,937,1.137,OK,
2026-07-28 21:00:04,2026-07-28,21:00:04,Tuesday,21,N,5,NH 5: Grain Market ↔ Sector 47 Chowk,A_to_B,7596,894,930,0.961,OK,
2026-07-28 21:00:04,2026-07-28,21:00:04,Tuesday,21,N,5,NH 5: Grain Market ↔ Sector 47 Chowk,B_to_A,7551,915,972,0.941,OK,
2026-07-28 21:00:04,2026-07-28,21:00:04,Tuesday,21,N,6,Vigyan Path: PEC Chowk ↔ Golf Club,A_to_B,4491,450,472,0.953,OK,
2026-07-28 21:00:04,2026-07-28,21:00:04,Tuesday,21,N,6,Vigyan Path: PEC Chowk ↔ Golf Club,B_to_A,4518,508,525,0.968,OK,
2026-07-28 21:00:05,2026-07-28,21:00:05,Tuesday,21,N,7,Uttar Marg: Sector 2 Chowk ↔ Sukhna Lake,A_to_B,2481,251,274,0.916,OK,
2026-07-28 21:00:05,2026-07-28,21:00:05,Tuesday,21,N,7,Uttar Marg: Sector 2 Chowk ↔ Sukhna Lake,B_to_A,3144,411,423,0.972,OK,
2026-07-28 21:00:05,2026-07-28,21:00:05,Tuesday,21,N,8,Madhya Marg: Khudda Lahora ↔ Matka Chowk,A_to_B,4208,584,599,0.975,OK,
2026-07-28 21:00:05,2026-07-28,21:00:05,Tuesday,21,N,8,Madhya Marg: Khudda Lahora ↔ Matka Chowk,B_to_A,3931,547,529,1.034,OK,
2026-07-28 21:00:06,2026-07-28,21:00:06,Tuesday,21,N,9,Madhya Marg: GMSH 16 ↔ Kalagram,A_to_B,5231,786,744,1.056,OK,
2026-07-28 21:00:06,2026-07-28,21:00:06,Tuesday,21,N,9,Madhya Marg: GMSH 16 ↔ Kalagram,B_to_A,7158,740,822,0.9,OK,
2026-07-28 21:00:06,2026-07-28,21:00:06,Tuesday,21,N,10,Udyog Path: Dhanas ↔ ISBT Sector 17,A_to_B,4785,806,737,1.094,OK,
2026-07-28 21:00:07,2026-07-28,21:00:07,Tuesday,21,N,10,Udyog Path: Dhanas ↔ ISBT Sector 17,B_to_A,5507,913,919,0.993,OK,
2026-07-28 21:00:07,2026-07-28,21:00:07,Tuesday,21,N,11,Udyog Path: ISBT Sector 17 ↔ Elante Mall,A_to_B,3274,362,383,0.945,OK,
2026-07-28 21:00:07,2026-07-28,21:00:07,Tuesday,21,N,11,Udyog Path: ISBT Sector 17 ↔ Elante Mall,B_to_A,3428,451,451,1.0,OK,
2026-07-28 21:00:07,2026-07-28,21:00:07,Tuesday,21,N,12,Dakshin Marg: DLF Mullanpur ↔ Kisan Bhawan Chowk,A_to_B,6720,901,894,1.008,OK,
2026-07-28 21:00:08,2026-07-28,21:00:08,Tuesday,21,N,12,Dakshin Marg: DLF Mullanpur ↔ Kisan Bhawan Chowk,B_to_A,7109,961,950,1.012,OK,
2026-07-28 21:00:08,2026-07-28,21:00:08,Tuesday,21,N,13,Dakshin Marg: Kisan Bhawan Chowk ↔ Airport Chowk,A_to_B,7722,1215,1090,1.115,OK,
2026-07-28 21:00:08,2026-07-28,21:00:08,Tuesday,21,N,13,Dakshin Marg: Kisan Bhawan Chowk ↔ Airport Chowk,B_to_A,7931,1039,1144,0.908,OK,
2026-07-28 21:00:08,2026-07-28,21:00:08,Tuesday,21,N,14,NH 5: Max Hospital ↔ ISBT Sector 43,A_to_B,4206,481,503,0.956,OK,
2026-07-28 21:00:09,2026-07-28,21:00:09,Tuesday,21,N,14,NH 5: Max Hospital ↔ ISBT Sector 43,B_to_A,5445,626,667,0.939,OK,
2026-07-28 21:00:09,2026-07-28,21:00:09,Tuesday,21,N,15,Sukhna Path: Golf Club ↔ Cycle Chowk,A_to_B,8924,1072,1149,0.933,OK,
2026-07-28 21:00:09,2026-07-28,21:00:09,Tuesday,21,N,15,Sukhna Path: Golf Club ↔ Cycle Chowk,B_to_A,7321,1035,1080,0.958,OK,
2026-07-28 21:00:09,2026-07-28,21:00:09,Tuesday,21,N,16,Sarovar Path: Sukhna Lake ↔ Burail Jail,A_to_B,7816,1068,1066,1.002,OK,
2026-07-28 21:00:10,2026-07-28,21:00:10,Tuesday,21,N,16,Sarovar Path: Sukhna Lake ↔ Burail Jail,B_to_A,7928,1096,1084,1.011,OK,
2026-07-28 21:00:10,2026-07-28,21:00:10,Tuesday,21,N,17,Himalaya Marg: Rock Garden ↔ ISBT 43,A_to_B,8803,1066,1097,0.972,OK,
2026-07-28 21:00:10,2026-07-28,21:00:10,Tuesday,21,N,17,Himalaya Marg: Rock Garden ↔ ISBT 43,B_to_A,8976,1059,1138,0.931,OK,
2026-07-28 21:00:11,2026-07-28,21:00:11,Tuesday,21,N,18,Jan Marg: High Court ↔ ISBT 17,A_to_B,3334,359,390,0.921,OK,
2026-07-28 21:00:11,2026-07-28,21:00:11,Tuesday,21,N,18,Jan Marg: High Court ↔ ISBT 17,B_to_A,3132,313,337,0.929,OK,
2026-07-28 21:00:11,2026-07-28,21:00:11,Tuesday,21,N,19,Jan Marg: ISBT 17 ↔ ISBT 43,A_to_B,4115,609,568,1.072,OK,
2026-07-28 21:00:11,2026-07-28,21:00:11,Tuesday,21,N,19,Jan Marg: ISBT 17 ↔ ISBT 43,B_to_A,4233,550,579,0.95,OK,
2026-07-28 21:00:12,2026-07-28,21:00:12,Tuesday,21,N,20,Vidya Path: PGI Chowk ↔ Fountain Chowk,A_to_B,5475,711,714,0.996,OK,
2026-07-28 21:00:12,2026-07-28,21:00:12,Tuesday,21,N,20,Vidya Path: PGI Chowk ↔ Fountain Chowk,B_to_A,5474,691,710,0.973,OK,
2026-07-28 21:00:12,2026-07-28,21:00:12,Tuesday,21,N,21,Purv Marg: Tansport Chowk  ↔ Tribune Chowk,A_to_B,2620,415,411,1.01,OK,
2026-07-28 21:00:12,2026-07-28,21:00:12,Tuesday,21,N,21,Purv Marg: Tansport Chowk  ↔ Tribune Chowk,B_to_A,2611,438,436,1.005,OK,
2026-07-28 21:00:13,2026-07-28,21:00:13,Tuesday,21,N,22,Chandi Path: Sabzi Mandi Chowk  ↔ GMCH 32,A_to_B,2939,404,414,0.976,OK,
2026-07-28 21:00:13,2026-07-28,21:00:13,Tuesday,21,N,22,Chandi Path: Sabzi Mandi Chowk  ↔ GMCH 32,B_to_A,2754,365,360,1.014,OK,
2026-07-28 21:00:13,2026-07-28,21:00:13,Tuesday,21,N,23,Udyan Path: Secretariat Chowk  ↔ Furniture Chowk,A_to_B,7398,940,883,1.065,OK,
2026-07-28 21:00:13,2026-07-28,21:00:13,Tuesday,21,N,23,Udyan Path: Secretariat Chowk  ↔ Furniture Chowk,B_to_A,7219,846,830,1.019,OK,
2026-07-28 21:00:14,2026-07-28,21:00:14,Tuesday,21,N,24,Madhya Marg: Sector 17 ↔ Railway Station,A_to_B,7206,917,945,0.97,OK,
2026-07-28 21:00:14,2026-07-28,21:00:14,Tuesday,21,N,24,Madhya Marg: Sector 17 ↔ Railway Station,B_to_A,7877,935,1036,0.903,OK,
2026-07-28 21:00:14,2026-07-28,21:00:14,Tuesday,21,N,25,Paschim Marg: Sector 25 ↔ Sector 56,A_to_B,5834,680,693,0.981,OK,
2026-07-28 21:00:15,2026-07-28,21:00:15,Tuesday,21,N,25,Paschim Marg: Sector 25 ↔ Sector 56,B_to_A,3940,491,493,0.996,OK,
2026-07-28 21:30:01,2026-07-28,21:30:01,Tuesday,21,N,1,Madhya Marg: PGI Chowk ↔ Housing Board lights,A_to_B,11756,1232,1347,0.915,OK,
2026-07-28 21:30:01,2026-07-28,21:30:01,Tuesday,21,N,1,Madhya Marg: PGI Chowk ↔ Housing Board lights,B_to_A,8853,1176,1222,0.962,OK,
2026-07-28 21:30:02,2026-07-28,21:30:02,Tuesday,21,N,2,Udyog Path: PU Chowk ↔ Elante Mall,A_to_B,8606,1017,1105,0.92,OK,
2026-07-28 21:30:02,2026-07-28,21:30:02,Tuesday,21,N,2,Udyog Path: PU Chowk ↔ Elante Mall,B_to_A,8051,942,1092,0.863,OK,
2026-07-28 21:30:02,2026-07-28,21:30:02,Tuesday,21,N,3,Dakshin Marg: Daddu Majra ↔ Hallo Majra Lights,A_to_B,8610,1143,1263,0.905,OK,
2026-07-28 21:30:03,2026-07-28,21:30:03,Tuesday,21,N,3,Dakshin Marg: Daddu Majra ↔ Hallo Majra Lights,B_to_A,9042,1208,1447,0.835,OK,
2026-07-28 21:30:03,2026-07-28,21:30:03,Tuesday,21,N,4,Shanti Path: Sector 38W ↔ Sector 31 Lights,A_to_B,7418,845,882,0.958,OK,
2026-07-28 21:30:03,2026-07-28,21:30:03,Tuesday,21,N,4,Shanti Path: Sector 38W ↔ Sector 31 Lights,B_to_A,7590,952,940,1.013,OK,
2026-07-28 21:30:03,2026-07-28,21:30:03,Tuesday,21,N,5,NH 5: Grain Market ↔ Sector 47 Chowk,A_to_B,7596,853,929,0.918,OK,
2026-07-28 21:30:04,2026-07-28,21:30:04,Tuesday,21,N,5,NH 5: Grain Market ↔ Sector 47 Chowk,B_to_A,7551,855,969,0.882,OK,
2026-07-28 21:30:04,2026-07-28,21:30:04,Tuesday,21,N,6,Vigyan Path: PEC Chowk ↔ Golf Club,A_to_B,4491,434,471,0.921,OK,
2026-07-28 21:30:04,2026-07-28,21:30:04,Tuesday,21,N,6,Vigyan Path: PEC Chowk ↔ Golf Club,B_to_A,4518,485,525,0.924,OK,
2026-07-28 21:30:04,2026-07-28,21:30:04,Tuesday,21,N,7,Uttar Marg: Sector 2 Chowk ↔ Sukhna Lake,A_to_B,2481,240,274,0.876,OK,
2026-07-28 21:30:05,2026-07-28,21:30:05,Tuesday,21,N,7,Uttar Marg: Sector 2 Chowk ↔ Sukhna Lake,B_to_A,3144,375,423,0.887,OK,
2026-07-28 21:30:05,2026-07-28,21:30:05,Tuesday,21,N,8,Madhya Marg: Khudda Lahora ↔ Matka Chowk,A_to_B,4208,552,599,0.922,OK,
2026-07-28 21:30:05,2026-07-28,21:30:05,Tuesday,21,N,8,Madhya Marg: Khudda Lahora ↔ Matka Chowk,B_to_A,3931,510,528,0.966,OK,
2026-07-28 21:30:05,2026-07-28,21:30:05,Tuesday,21,N,9,Madhya Marg: GMSH 16 ↔ Kalagram,A_to_B,5231,732,743,0.985,OK,
2026-07-28 21:30:06,2026-07-28,21:30:06,Tuesday,21,N,9,Madhya Marg: GMSH 16 ↔ Kalagram,B_to_A,7158,719,826,0.87,OK,
2026-07-28 21:30:06,2026-07-28,21:30:06,Tuesday,21,N,10,Udyog Path: Dhanas ↔ ISBT Sector 17,A_to_B,4785,774,735,1.053,OK,
2026-07-28 21:30:06,2026-07-28,21:30:06,Tuesday,21,N,10,Udyog Path: Dhanas ↔ ISBT Sector 17,B_to_A,5507,821,920,0.892,OK,
2026-07-28 21:30:06,2026-07-28,21:30:06,Tuesday,21,N,11,Udyog Path: ISBT Sector 17 ↔ Elante Mall,A_to_B,3274,344,385,0.894,OK,
2026-07-28 21:30:07,2026-07-28,21:30:07,Tuesday,21,N,11,Udyog Path: ISBT Sector 17 ↔ Elante Mall,B_to_A,3428,422,451,0.936,OK,
2026-07-28 21:30:07,2026-07-28,21:30:07,Tuesday,21,N,12,Dakshin Marg: DLF Mullanpur ↔ Kisan Bhawan Chowk,A_to_B,6720,859,895,0.96,OK,
2026-07-28 21:30:07,2026-07-28,21:30:07,Tuesday,21,N,12,Dakshin Marg: DLF Mullanpur ↔ Kisan Bhawan Chowk,B_to_A,7109,867,950,0.913,OK,
2026-07-28 21:30:08,2026-07-28,21:30:08,Tuesday,21,N,13,Dakshin Marg: Kisan Bhawan Chowk ↔ Airport Chowk,A_to_B,7722,1031,1092,0.944,OK,
2026-07-28 21:30:08,2026-07-28,21:30:08,Tuesday,21,N,13,Dakshin Marg: Kisan Bhawan Chowk ↔ Airport Chowk,B_to_A,7931,1002,1147,0.874,OK,
2026-07-28 21:30:08,2026-07-28,21:30:08,Tuesday,21,N,14,NH 5: Max Hospital ↔ ISBT Sector 43,A_to_B,4206,441,501,0.88,OK,
2026-07-28 21:30:08,2026-07-28,21:30:08,Tuesday,21,N,14,NH 5: Max Hospital ↔ ISBT Sector 43,B_to_A,5445,596,667,0.894,OK,
2026-07-28 21:30:09,2026-07-28,21:30:09,Tuesday,21,N,15,Sukhna Path: Golf Club ↔ Cycle Chowk,A_to_B,8924,1022,1150,0.889,OK,
2026-07-28 21:30:09,2026-07-28,21:30:09,Tuesday,21,N,15,Sukhna Path: Golf Club ↔ Cycle Chowk,B_to_A,7321,960,1081,0.888,OK,
2026-07-28 21:30:09,2026-07-28,21:30:09,Tuesday,21,N,16,Sarovar Path: Sukhna Lake ↔ Burail Jail,A_to_B,7816,990,1067,0.928,OK,
2026-07-28 21:30:09,2026-07-28,21:30:09,Tuesday,21,N,16,Sarovar Path: Sukhna Lake ↔ Burail Jail,B_to_A,7928,1002,1086,0.923,OK,
2026-07-28 21:30:10,2026-07-28,21:30:10,Tuesday,21,N,17,Himalaya Marg: Rock Garden ↔ ISBT 43,A_to_B,8803,1012,1096,0.923,OK,
2026-07-28 21:30:10,2026-07-28,21:30:10,Tuesday,21,N,17,Himalaya Marg: Rock Garden ↔ ISBT 43,B_to_A,8976,1024,1138,0.9,OK,
2026-07-28 21:30:10,2026-07-28,21:30:10,Tuesday,21,N,18,Jan Marg: High Court ↔ ISBT 17,A_to_B,3334,349,391,0.893,OK,
2026-07-28 21:30:10,2026-07-28,21:30:10,Tuesday,21,N,18,Jan Marg: High Court ↔ ISBT 17,B_to_A,3132,317,337,0.941,OK,
2026-07-28 21:30:11,2026-07-28,21:30:11,Tuesday,21,N,19,Jan Marg: ISBT 17 ↔ ISBT 43,A_to_B,4115,551,566,0.973,OK,
2026-07-28 21:30:11,2026-07-28,21:30:11,Tuesday,21,N,19,Jan Marg: ISBT 17 ↔ ISBT 43,B_to_A,4233,520,578,0.9,OK,
2026-07-28 21:30:11,2026-07-28,21:30:11,Tuesday,21,N,20,Vidya Path: PGI Chowk ↔ Fountain Chowk,A_to_B,5475,663,714,0.929,OK,
2026-07-28 21:30:11,2026-07-28,21:30:11,Tuesday,21,N,20,Vidya Path: PGI Chowk ↔ Fountain Chowk,B_to_A,5474,704,710,0.992,OK,
2026-07-28 21:30:12,2026-07-28,21:30:12,Tuesday,21,N,21,Purv Marg: Tansport Chowk  ↔ Tribune Chowk,A_to_B,2620,400,411,0.973,OK,
2026-07-28 21:30:12,2026-07-28,21:30:12,Tuesday,21,N,21,Purv Marg: Tansport Chowk  ↔ Tribune Chowk,B_to_A,2611,432,439,0.984,OK,
2026-07-28 21:30:12,2026-07-28,21:30:12,Tuesday,21,N,22,Chandi Path: Sabzi Mandi Chowk  ↔ GMCH 32,A_to_B,2939,387,414,0.935,OK,
2026-07-28 21:30:12,2026-07-28,21:30:12,Tuesday,21,N,22,Chandi Path: Sabzi Mandi Chowk  ↔ GMCH 32,B_to_A,2756,337,360,0.936,OK,
2026-07-28 21:30:13,2026-07-28,21:30:13,Tuesday,21,N,23,Udyan Path: Secretariat Chowk  ↔ Furniture Chowk,A_to_B,7398,883,883,1.0,OK,
2026-07-28 21:30:13,2026-07-28,21:30:13,Tuesday,21,N,23,Udyan Path: Secretariat Chowk  ↔ Furniture Chowk,B_to_A,7219,794,830,0.957,OK,
2026-07-28 21:30:13,2026-07-28,21:30:13,Tuesday,21,N,24,Madhya Marg: Sector 17 ↔ Railway Station,A_to_B,7206,862,945,0.912,OK,
2026-07-28 21:30:14,2026-07-28,21:30:14,Tuesday,21,N,24,Madhya Marg: Sector 17 ↔ Railway Station,B_to_A,6340,864,982,0.88,OK,
2026-07-28 21:30:14,2026-07-28,21:30:14,Tuesday,21,N,25,Paschim Marg: Sector 25 ↔ Sector 56,A_to_B,5834,650,693,0.938,OK,
2026-07-28 21:30:14,2026-07-28,21:30:14,Tuesday,21,N,25,Paschim Marg: Sector 25 ↔ Sector 56,B_to_A,3940,480,493,0.974,OK,
2026-07-28 22:00:01,2026-07-28,22:00:01,Tuesday,22,N,1,Madhya Marg: PGI Chowk ↔ Housing Board lights,A_to_B,11756,1226,1347,0.91,OK,
2026-07-28 22:00:02,2026-07-28,22:00:02,Tuesday,22,N,1,Madhya Marg: PGI Chowk ↔ Housing Board lights,B_to_A,8853,1124,1222,0.92,OK,
2026-07-28 22:00:02,2026-07-28,22:00:02,Tuesday,22,N,2,Udyog Path: PU Chowk ↔ Elante Mall,A_to_B,7111,826,989,0.835,OK,
2026-07-28 22:00:02,2026-07-28,22:00:02,Tuesday,22,N,2,Udyog Path: PU Chowk ↔ Elante Mall,B_to_A,8051,859,1092,0.787,OK,
2026-07-28 22:00:03,2026-07-28,22:00:03,Tuesday,22,N,3,Dakshin Marg: Daddu Majra ↔ Hallo Majra Lights,A_to_B,8610,1058,1263,0.838,OK,
2026-07-28 22:00:03,2026-07-28,22:00:03,Tuesday,22,N,3,Dakshin Marg: Daddu Majra ↔ Hallo Majra Lights,B_to_A,9042,1131,1447,0.782,OK,
2026-07-28 22:00:03,2026-07-28,22:00:03,Tuesday,22,N,4,Shanti Path: Sector 38W ↔ Sector 31 Lights,A_to_B,7418,786,882,0.891,OK,
2026-07-28 22:00:03,2026-07-28,22:00:03,Tuesday,22,N,4,Shanti Path: Sector 38W ↔ Sector 31 Lights,B_to_A,7590,887,940,0.944,OK,
2026-07-28 22:00:04,2026-07-28,22:00:04,Tuesday,22,N,5,NH 5: Grain Market ↔ Sector 47 Chowk,A_to_B,7596,819,929,0.882,OK,
2026-07-28 22:00:04,2026-07-28,22:00:04,Tuesday,22,N,5,NH 5: Grain Market ↔ Sector 47 Chowk,B_to_A,7551,800,969,0.826,OK,
2026-07-28 22:00:04,2026-07-28,22:00:04,Tuesday,22,N,6,Vigyan Path: PEC Chowk ↔ Golf Club,A_to_B,4491,428,471,0.909,OK,
2026-07-28 22:00:05,2026-07-28,22:00:05,Tuesday,22,N,6,Vigyan Path: PEC Chowk ↔ Golf Club,B_to_A,4518,470,525,0.895,OK,
2026-07-28 22:00:05,2026-07-28,22:00:05,Tuesday,22,N,7,Uttar Marg: Sector 2 Chowk ↔ Sukhna Lake,A_to_B,2481,244,274,0.891,OK,
2026-07-28 22:00:05,2026-07-28,22:00:05,Tuesday,22,N,7,Uttar Marg: Sector 2 Chowk ↔ Sukhna Lake,B_to_A,3144,383,425,0.901,OK,
2026-07-28 22:00:05,2026-07-28,22:00:05,Tuesday,22,N,8,Madhya Marg: Khudda Lahora ↔ Matka Chowk,A_to_B,4208,525,599,0.876,OK,
2026-07-28 22:00:06,2026-07-28,22:00:06,Tuesday,22,N,8,Madhya Marg: Khudda Lahora ↔ Matka Chowk,B_to_A,3931,479,528,0.907,OK,
2026-07-28 22:00:06,2026-07-28,22:00:06,Tuesday,22,N,9,Madhya Marg: GMSH 16 ↔ Kalagram,A_to_B,5231,672,743,0.904,OK,
2026-07-28 22:00:06,2026-07-28,22:00:06,Tuesday,22,N,9,Madhya Marg: GMSH 16 ↔ Kalagram,B_to_A,7158,713,826,0.863,OK,
2026-07-28 22:00:06,2026-07-28,22:00:06,Tuesday,22,N,10,Udyog Path: Dhanas ↔ ISBT Sector 17,A_to_B,4785,661,735,0.899,OK,
2026-07-28 22:00:07,2026-07-28,22:00:07,Tuesday,22,N,10,Udyog Path: Dhanas ↔ ISBT Sector 17,B_to_A,5507,758,920,0.824,OK,
2026-07-28 22:00:07,2026-07-28,22:00:07,Tuesday,22,N,11,Udyog Path: ISBT Sector 17 ↔ Elante Mall,A_to_B,3274,312,385,0.81,OK,
2026-07-28 22:00:07,2026-07-28,22:00:07,Tuesday,22,N,11,Udyog Path: ISBT Sector 17 ↔ Elante Mall,B_to_A,3428,386,451,0.856,OK,
2026-07-28 22:00:07,2026-07-28,22:00:07,Tuesday,22,N,12,Dakshin Marg: DLF Mullanpur ↔ Kisan Bhawan Chowk,A_to_B,6720,805,895,0.899,OK,
2026-07-28 22:00:08,2026-07-28,22:00:08,Tuesday,22,N,12,Dakshin Marg: DLF Mullanpur ↔ Kisan Bhawan Chowk,B_to_A,7109,795,950,0.837,OK,
2026-07-28 22:00:08,2026-07-28,22:00:08,Tuesday,22,N,13,Dakshin Marg: Kisan Bhawan Chowk ↔ Airport Chowk,A_to_B,7722,926,1092,0.848,OK,
2026-07-28 22:00:08,2026-07-28,22:00:08,Tuesday,22,N,13,Dakshin Marg: Kisan Bhawan Chowk ↔ Airport Chowk,B_to_A,7931,927,1147,0.808,OK,
2026-07-28 22:00:08,2026-07-28,22:00:08,Tuesday,22,N,14,NH 5: Max Hospital ↔ ISBT Sector 43,A_to_B,4206,425,501,0.848,OK,
2026-07-28 22:00:09,2026-07-28,22:00:09,Tuesday,22,N,14,NH 5: Max Hospital ↔ ISBT Sector 43,B_to_A,5445,542,667,0.813,OK,
2026-07-28 22:00:09,2026-07-28,22:00:09,Tuesday,22,N,15,Sukhna Path: Golf Club ↔ Cycle Chowk,A_to_B,9031,970,1152,0.842,OK,
2026-07-28 22:00:09,2026-07-28,22:00:09,Tuesday,22,N,15,Sukhna Path: Golf Club ↔ Cycle Chowk,B_to_A,7321,920,1081,0.851,OK,
2026-07-28 22:00:10,2026-07-28,22:00:10,Tuesday,22,N,16,Sarovar Path: Sukhna Lake ↔ Burail Jail,A_to_B,7816,917,1067,0.859,OK,
2026-07-28 22:00:10,2026-07-28,22:00:10,Tuesday,22,N,16,Sarovar Path: Sukhna Lake ↔ Burail Jail,B_to_A,7928,925,1086,0.852,OK,
2026-07-28 22:00:10,2026-07-28,22:00:10,Tuesday,22,N,17,Himalaya Marg: Rock Garden ↔ ISBT 43,A_to_B,8803,929,1096,0.848,OK,
2026-07-28 22:00:10,2026-07-28,22:00:10,Tuesday,22,N,17,Himalaya Marg: Rock Garden ↔ ISBT 43,B_to_A,8976,969,1138,0.851,OK,
2026-07-28 22:00:11,2026-07-28,22:00:11,Tuesday,22,N,18,Jan Marg: High Court ↔ ISBT 17,A_to_B,3334,315,391,0.806,OK,
2026-07-28 22:00:11,2026-07-28,22:00:11,Tuesday,22,N,18,Jan Marg: High Court ↔ ISBT 17,B_to_A,3132,302,337,0.896,OK,
2026-07-28 22:00:11,2026-07-28,22:00:11,Tuesday,22,N,19,Jan Marg: ISBT 17 ↔ ISBT 43,A_to_B,4115,519,566,0.917,OK,
2026-07-28 22:00:11,2026-07-28,22:00:11,Tuesday,22,N,19,Jan Marg: ISBT 17 ↔ ISBT 43,B_to_A,4233,482,578,0.834,OK,
2026-07-28 22:00:12,2026-07-28,22:00:12,Tuesday,22,N,20,Vidya Path: PGI Chowk ↔ Fountain Chowk,A_to_B,5475,623,710,0.877,OK,
2026-07-28 22:00:12,2026-07-28,22:00:12,Tuesday,22,N,20,Vidya Path: PGI Chowk ↔ Fountain Chowk,B_to_A,5474,642,710,0.904,OK,
2026-07-28 22:00:12,2026-07-28,22:00:12,Tuesday,22,N,21,Purv Marg: Tansport Chowk  ↔ Tribune Chowk,A_to_B,2620,385,411,0.937,OK,
2026-07-28 22:00:12,2026-07-28,22:00:12,Tuesday,22,N,21,Purv Marg: Tansport Chowk  ↔ Tribune Chowk,B_to_A,2611,451,439,1.027,OK,
2026-07-28 22:00:13,2026-07-28,22:00:13,Tuesday,22,N,22,Chandi Path: Sabzi Mandi Chowk  ↔ GMCH 32,A_to_B,2939,348,414,0.841,OK,
2026-07-28 22:00:13,2026-07-28,22:00:13,Tuesday,22,N,22,Chandi Path: Sabzi Mandi Chowk  ↔ GMCH 32,B_to_A,2756,329,360,0.914,OK,
2026-07-28 22:00:13,2026-07-28,22:00:13,Tuesday,22,N,23,Udyan Path: Secretariat Chowk  ↔ Furniture Chowk,A_to_B,7398,803,883,0.909,OK,
2026-07-28 22:00:13,2026-07-28,22:00:13,Tuesday,22,N,23,Udyan Path: Secretariat Chowk  ↔ Furniture Chowk,B_to_A,7219,755,830,0.91,OK,
2026-07-28 22:00:14,2026-07-28,22:00:14,Tuesday,22,N,24,Madhya Marg: Sector 17 ↔ Railway Station,A_to_B,7206,828,945,0.876,OK,
2026-07-28 22:00:14,2026-07-28,22:00:14,Tuesday,22,N,24,Madhya Marg: Sector 17 ↔ Railway Station,B_to_A,7747,874,1032,0.847,OK,
2026-07-28 22:00:14,2026-07-28,22:00:14,Tuesday,22,N,25,Paschim Marg: Sector 25 ↔ Sector 56,A_to_B,4090,538,537,1.002,OK,
2026-07-28 22:00:14,2026-07-28,22:00:14,Tuesday,22,N,25,Paschim Marg: Sector 25 ↔ Sector 56,B_to_A,3940,485,493,0.984,OK,
2026-07-28 22:30:01,2026-07-28,22:30:01,Tuesday,22,N,1,Madhya Marg: PGI Chowk ↔ Housing Board lights,A_to_B,11756,1187,1347,0.881,OK,
2026-07-28 22:30:01,2026-07-28,22:30:01,Tuesday,22,N,1,Madhya Marg: PGI Chowk ↔ Housing Board lights,B_to_A,8853,1092,1222,0.894,OK,
2026-07-28 22:30:02,2026-07-28,22:30:02,Tuesday,22,N,2,Udyog Path: PU Chowk ↔ Elante Mall,A_to_B,7111,799,989,0.808,OK,
2026-07-28 22:30:02,2026-07-28,22:30:02,Tuesday,22,N,2,Udyog Path: PU Chowk ↔ Elante Mall,B_to_A,8051,809,1092,0.741,OK,
2026-07-28 22:30:02,2026-07-28,22:30:02,Tuesday,22,N,3,Dakshin Marg: Daddu Majra ↔ Hallo Majra Lights,A_to_B,8610,1006,1263,0.797,OK,
2026-07-28 22:30:02,2026-07-28,22:30:02,Tuesday,22,N,3,Dakshin Marg: Daddu Majra ↔ Hallo Majra Lights,B_to_A,9042,1098,1447,0.759,OK,
2026-07-28 22:30:03,2026-07-28,22:30:03,Tuesday,22,N,4,Shanti Path: Sector 38W ↔ Sector 31 Lights,A_to_B,7418,745,882,0.845,OK,
2026-07-28 22:30:03,2026-07-28,22:30:03,Tuesday,22,N,4,Shanti Path: Sector 38W ↔ Sector 31 Lights,B_to_A,7590,832,940,0.885,OK,
2026-07-28 22:30:03,2026-07-28,22:30:03,Tuesday,22,N,5,NH 5: Grain Market ↔ Sector 47 Chowk,A_to_B,7596,791,929,0.851,OK,
2026-07-28 22:30:04,2026-07-28,22:30:04,Tuesday,22,N,5,NH 5: Grain Market ↔ Sector 47 Chowk,B_to_A,7551,770,969,0.795,OK,
2026-07-28 22:30:04,2026-07-28,22:30:04,Tuesday,22,N,6,Vigyan Path: PEC Chowk ↔ Golf Club,A_to_B,4491,421,471,0.894,OK,
2026-07-28 22:30:04,2026-07-28,22:30:04,Tuesday,22,N,6,Vigyan Path: PEC Chowk ↔ Golf Club,B_to_A,4518,459,525,0.874,OK,
2026-07-28 22:30:04,2026-07-28,22:30:04,Tuesday,22,N,7,Uttar Marg: Sector 2 Chowk ↔ Sukhna Lake,A_to_B,2481,243,274,0.887,OK,
2026-07-28 22:30:05,2026-07-28,22:30:05,Tuesday,22,N,7,Uttar Marg: Sector 2 Chowk ↔ Sukhna Lake,B_to_A,3144,391,425,0.92,OK,
2026-07-28 22:30:05,2026-07-28,22:30:05,Tuesday,22,N,8,Madhya Marg: Khudda Lahora ↔ Matka Chowk,A_to_B,4208,509,599,0.85,OK,
2026-07-28 22:30:05,2026-07-28,22:30:05,Tuesday,22,N,8,Madhya Marg: Khudda Lahora ↔ Matka Chowk,B_to_A,3931,461,528,0.873,OK,
2026-07-28 22:30:05,2026-07-28,22:30:05,Tuesday,22,N,9,Madhya Marg: GMSH 16 ↔ Kalagram,A_to_B,5231,661,743,0.89,OK,
2026-07-28 22:30:06,2026-07-28,22:30:06,Tuesday,22,N,9,Madhya Marg: GMSH 16 ↔ Kalagram,B_to_A,5517,640,772,0.829,OK,
2026-07-28 22:30:06,2026-07-28,22:30:06,Tuesday,22,N,10,Udyog Path: Dhanas ↔ ISBT Sector 17,A_to_B,4785,622,735,0.846,OK,
2026-07-28 22:30:06,2026-07-28,22:30:06,Tuesday,22,N,10,Udyog Path: Dhanas ↔ ISBT Sector 17,B_to_A,5507,717,920,0.779,OK,
2026-07-28 22:30:07,2026-07-28,22:30:07,Tuesday,22,N,11,Udyog Path: ISBT Sector 17 ↔ Elante Mall,A_to_B,3274,298,385,0.774,OK,
2026-07-28 22:30:07,2026-07-28,22:30:07,Tuesday,22,N,11,Udyog Path: ISBT Sector 17 ↔ Elante Mall,B_to_A,3428,363,451,0.805,OK,
2026-07-28 22:30:07,2026-07-28,22:30:07,Tuesday,22,N,12,Dakshin Marg: DLF Mullanpur ↔ Kisan Bhawan Chowk,A_to_B,6720,752,895,0.84,OK,
2026-07-28 22:30:07,2026-07-28,22:30:07,Tuesday,22,N,12,Dakshin Marg: DLF Mullanpur ↔ Kisan Bhawan Chowk,B_to_A,7109,782,950,0.823,OK,
2026-07-28 22:30:08,2026-07-28,22:30:08,Tuesday,22,N,13,Dakshin Marg: Kisan Bhawan Chowk ↔ Airport Chowk,A_to_B,7722,917,1092,0.84,OK,
2026-07-28 22:30:08,2026-07-28,22:30:08,Tuesday,22,N,13,Dakshin Marg: Kisan Bhawan Chowk ↔ Airport Chowk,B_to_A,7931,892,1147,0.778,OK,
2026-07-28 22:30:08,2026-07-28,22:30:08,Tuesday,22,N,14,NH 5: Max Hospital ↔ ISBT Sector 43,A_to_B,4206,393,501,0.784,OK,
2026-07-28 22:30:09,2026-07-28,22:30:09,Tuesday,22,N,14,NH 5: Max Hospital ↔ ISBT Sector 43,B_to_A,5445,524,667,0.786,OK,
2026-07-28 22:30:09,2026-07-28,22:30:09,Tuesday,22,N,15,Sukhna Path: Golf Club ↔ Cycle Chowk,A_to_B,9001,947,1153,0.821,OK,
2026-07-28 22:30:09,2026-07-28,22:30:09,Tuesday,22,N,15,Sukhna Path: Golf Club ↔ Cycle Chowk,B_to_A,7321,901,1081,0.833,OK,
2026-07-28 22:30:09,2026-07-28,22:30:09,Tuesday,22,N,16,Sarovar Path: Sukhna Lake ↔ Burail Jail,A_to_B,7816,850,1067,0.797,OK,
2026-07-28 22:30:10,2026-07-28,22:30:10,Tuesday,22,N,16,Sarovar Path: Sukhna Lake ↔ Burail Jail,B_to_A,7928,893,1086,0.822,OK,
2026-07-28 22:30:10,2026-07-28,22:30:10,Tuesday,22,N,17,Himalaya Marg: Rock Garden ↔ ISBT 43,A_to_B,8803,895,1096,0.817,OK,
2026-07-28 22:30:10,2026-07-28,22:30:10,Tuesday,22,N,17,Himalaya Marg: Rock Garden ↔ ISBT 43,B_to_A,8958,914,1128,0.81,OK,
2026-07-28 22:30:10,2026-07-28,22:30:10,Tuesday,22,N,18,Jan Marg: High Court ↔ ISBT 17,A_to_B,3334,306,391,0.783,OK,
2026-07-28 22:30:11,2026-07-28,22:30:11,Tuesday,22,N,18,Jan Marg: High Court ↔ ISBT 17,B_to_A,3132,293,337,0.869,OK,
2026-07-28 22:30:11,2026-07-28,22:30:11,Tuesday,22,N,19,Jan Marg: ISBT 17 ↔ ISBT 43,A_to_B,4115,488,566,0.862,OK,
2026-07-28 22:30:11,2026-07-28,22:30:11,Tuesday,22,N,19,Jan Marg: ISBT 17 ↔ ISBT 43,B_to_A,4233,445,578,0.77,OK,
2026-07-28 22:30:11,2026-07-28,22:30:11,Tuesday,22,N,20,Vidya Path: PGI Chowk ↔ Fountain Chowk,A_to_B,5475,589,710,0.83,OK,
2026-07-28 22:30:12,2026-07-28,22:30:12,Tuesday,22,N,20,Vidya Path: PGI Chowk ↔ Fountain Chowk,B_to_A,5474,606,710,0.854,OK,
2026-07-28 22:30:12,2026-07-28,22:30:12,Tuesday,22,N,21,Purv Marg: Tansport Chowk  ↔ Tribune Chowk,A_to_B,2620,375,411,0.912,OK,
2026-07-28 22:30:12,2026-07-28,22:30:12,Tuesday,22,N,21,Purv Marg: Tansport Chowk  ↔ Tribune Chowk,B_to_A,2611,438,439,0.998,OK,
2026-07-28 22:30:13,2026-07-28,22:30:13,Tuesday,22,N,22,Chandi Path: Sabzi Mandi Chowk  ↔ GMCH 32,A_to_B,2939,326,414,0.787,OK,
2026-07-28 22:30:13,2026-07-28,22:30:13,Tuesday,22,N,22,Chandi Path: Sabzi Mandi Chowk  ↔ GMCH 32,B_to_A,2756,318,360,0.883,OK,
2026-07-28 22:30:13,2026-07-28,22:30:13,Tuesday,22,N,23,Udyan Path: Secretariat Chowk  ↔ Furniture Chowk,A_to_B,7398,746,883,0.845,OK,
2026-07-28 22:30:13,2026-07-28,22:30:13,Tuesday,22,N,23,Udyan Path: Secretariat Chowk  ↔ Furniture Chowk,B_to_A,7219,716,830,0.863,OK,
2026-07-28 22:30:14,2026-07-28,22:30:14,Tuesday,22,N,24,Madhya Marg: Sector 17 ↔ Railway Station,A_to_B,7206,799,945,0.846,OK,
2026-07-28 22:30:14,2026-07-28,22:30:14,Tuesday,22,N,24,Madhya Marg: Sector 17 ↔ Railway Station,B_to_A,6568,851,1029,0.827,OK,
2026-07-28 22:30:14,2026-07-28,22:30:14,Tuesday,22,N,25,Paschim Marg: Sector 25 ↔ Sector 56,A_to_B,4090,486,537,0.905,OK,
2026-07-28 22:30:15,2026-07-28,22:30:15,Tuesday,22,N,25,Paschim Marg: Sector 25 ↔ Sector 56,B_to_A,3940,474,493,0.961,OK,
2026-07-28 23:00:01,2026-07-28,23:00:01,Tuesday,23,N,1,Madhya Marg: PGI Chowk ↔ Housing Board lights,A_to_B,11756,1167,1347,0.866,OK,
2026-07-28 23:00:01,2026-07-28,23:00:01,Tuesday,23,N,1,Madhya Marg: PGI Chowk ↔ Housing Board lights,B_to_A,8853,1054,1222,0.863,OK,
2026-07-28 23:00:02,2026-07-28,23:00:02,Tuesday,23,N,2,Udyog Path: PU Chowk ↔ Elante Mall,A_to_B,7173,824,1032,0.798,OK,
2026-07-28 23:00:02,2026-07-28,23:00:02,Tuesday,23,N,2,Udyog Path: PU Chowk ↔ Elante Mall,B_to_A,8051,777,1092,0.712,OK,
2026-07-28 23:00:02,2026-07-28,23:00:02,Tuesday,23,N,3,Dakshin Marg: Daddu Majra ↔ Hallo Majra Lights,A_to_B,8610,1028,1263,0.814,OK,
2026-07-28 23:00:03,2026-07-28,23:00:03,Tuesday,23,N,3,Dakshin Marg: Daddu Majra ↔ Hallo Majra Lights,B_to_A,9042,1064,1447,0.735,OK,
2026-07-28 23:00:03,2026-07-28,23:00:03,Tuesday,23,N,4,Shanti Path: Sector 38W ↔ Sector 31 Lights,A_to_B,7418,706,882,0.8,OK,
2026-07-28 23:00:03,2026-07-28,23:00:03,Tuesday,23,N,4,Shanti Path: Sector 38W ↔ Sector 31 Lights,B_to_A,7590,791,940,0.841,OK,
2026-07-28 23:00:03,2026-07-28,23:00:03,Tuesday,23,N,5,NH 5: Grain Market ↔ Sector 47 Chowk,A_to_B,7596,771,929,0.83,OK,
2026-07-28 23:00:04,2026-07-28,23:00:04,Tuesday,23,N,5,NH 5: Grain Market ↔ Sector 47 Chowk,B_to_A,7551,774,969,0.799,OK,
2026-07-28 23:00:04,2026-07-28,23:00:04,Tuesday,23,N,6,Vigyan Path: PEC Chowk ↔ Golf Club,A_to_B,4491,408,471,0.866,OK,
2026-07-28 23:00:04,2026-07-28,23:00:04,Tuesday,23,N,6,Vigyan Path: PEC Chowk ↔ Golf Club,B_to_A,4518,454,525,0.865,OK,
2026-07-28 23:00:04,2026-07-28,23:00:04,Tuesday,23,N,7,Uttar Marg: Sector 2 Chowk ↔ Sukhna Lake,A_to_B,2481,237,274,0.865,OK,
2026-07-28 23:00:05,2026-07-28,23:00:05,Tuesday,23,N,7,Uttar Marg: Sector 2 Chowk ↔ Sukhna Lake,B_to_A,3144,382,425,0.899,OK,
2026-07-28 23:00:05,2026-07-28,23:00:05,Tuesday,23,N,8,Madhya Marg: Khudda Lahora ↔ Matka Chowk,A_to_B,4208,498,599,0.831,OK,
2026-07-28 23:00:05,2026-07-28,23:00:05,Tuesday,23,N,8,Madhya Marg: Khudda Lahora ↔ Matka Chowk,B_to_A,3931,456,528,0.864,OK,
2026-07-28 23:00:05,2026-07-28,23:00:05,Tuesday,23,N,9,Madhya Marg: GMSH 16 ↔ Kalagram,A_to_B,5231,637,743,0.857,OK,
2026-07-28 23:00:06,2026-07-28,23:00:06,Tuesday,23,N,9,Madhya Marg: GMSH 16 ↔ Kalagram,B_to_A,5517,637,772,0.825,OK,
2026-07-28 23:00:06,2026-07-28,23:00:06,Tuesday,23,N,10,Udyog Path: Dhanas ↔ ISBT Sector 17,A_to_B,4785,599,735,0.815,OK,
2026-07-28 23:00:06,2026-07-28,23:00:06,Tuesday,23,N,10,Udyog Path: Dhanas ↔ ISBT Sector 17,B_to_A,5507,676,920,0.735,OK,
2026-07-28 23:00:06,2026-07-28,23:00:06,Tuesday,23,N,11,Udyog Path: ISBT Sector 17 ↔ Elante Mall,A_to_B,3274,309,385,0.803,OK,
2026-07-28 23:00:07,2026-07-28,23:00:07,Tuesday,23,N,11,Udyog Path: ISBT Sector 17 ↔ Elante Mall,B_to_A,3428,351,451,0.778,OK,
2026-07-28 23:00:07,2026-07-28,23:00:07,Tuesday,23,N,12,Dakshin Marg: DLF Mullanpur ↔ Kisan Bhawan Chowk,A_to_B,6720,782,895,0.874,OK,
2026-07-28 23:00:07,2026-07-28,23:00:07,Tuesday,23,N,12,Dakshin Marg: DLF Mullanpur ↔ Kisan Bhawan Chowk,B_to_A,7109,759,950,0.799,OK,
2026-07-28 23:00:08,2026-07-28,23:00:08,Tuesday,23,N,13,Dakshin Marg: Kisan Bhawan Chowk ↔ Airport Chowk,A_to_B,7722,890,1092,0.815,OK,
2026-07-28 23:00:08,2026-07-28,23:00:08,Tuesday,23,N,13,Dakshin Marg: Kisan Bhawan Chowk ↔ Airport Chowk,B_to_A,7931,865,1147,0.754,OK,
2026-07-28 23:00:08,2026-07-28,23:00:08,Tuesday,23,N,14,NH 5: Max Hospital ↔ ISBT Sector 43,A_to_B,4206,383,501,0.764,OK,
2026-07-28 23:00:08,2026-07-28,23:00:08,Tuesday,23,N,14,NH 5: Max Hospital ↔ ISBT Sector 43,B_to_A,5445,520,667,0.78,OK,
2026-07-28 23:00:09,2026-07-28,23:00:09,Tuesday,23,N,15,Sukhna Path: Golf Club ↔ Cycle Chowk,A_to_B,9030,915,1147,0.798,OK,
2026-07-28 23:00:09,2026-07-28,23:00:09,Tuesday,23,N,15,Sukhna Path: Golf Club ↔ Cycle Chowk,B_to_A,7321,878,1081,0.812,OK,
2026-07-28 23:00:09,2026-07-28,23:00:09,Tuesday,23,N,16,Sarovar Path: Sukhna Lake ↔ Burail Jail,A_to_B,7816,830,1067,0.778,OK,
2026-07-28 23:00:09,2026-07-28,23:00:09,Tuesday,23,N,16,Sarovar Path: Sukhna Lake ↔ Burail Jail,B_to_A,7928,879,1086,0.809,OK,
2026-07-28 23:00:10,2026-07-28,23:00:10,Tuesday,23,N,17,Himalaya Marg: Rock Garden ↔ ISBT 43,A_to_B,8803,861,1096,0.786,OK,
2026-07-28 23:00:10,2026-07-28,23:00:10,Tuesday,23,N,17,Himalaya Marg: Rock Garden ↔ ISBT 43,B_to_A,8958,900,1128,0.798,OK,
2026-07-28 23:00:10,2026-07-28,23:00:10,Tuesday,23,N,18,Jan Marg: High Court ↔ ISBT 17,A_to_B,3334,296,391,0.757,OK,
2026-07-28 23:00:10,2026-07-28,23:00:10,Tuesday,23,N,18,Jan Marg: High Court ↔ ISBT 17,B_to_A,3132,291,337,0.864,OK,
2026-07-28 23:00:11,2026-07-28,23:00:11,Tuesday,23,N,19,Jan Marg: ISBT 17 ↔ ISBT 43,A_to_B,4115,449,566,0.793,OK,
2026-07-28 23:00:11,2026-07-28,23:00:11,Tuesday,23,N,19,Jan Marg: ISBT 17 ↔ ISBT 43,B_to_A,4233,438,578,0.758,OK,
2026-07-28 23:00:11,2026-07-28,23:00:11,Tuesday,23,N,20,Vidya Path: PGI Chowk ↔ Fountain Chowk,A_to_B,5475,578,710,0.814,OK,
2026-07-28 23:00:11,2026-07-28,23:00:11,Tuesday,23,N,20,Vidya Path: PGI Chowk ↔ Fountain Chowk,B_to_A,5474,598,710,0.842,OK,
2026-07-28 23:00:12,2026-07-28,23:00:12,Tuesday,23,N,21,Purv Marg: Tansport Chowk  ↔ Tribune Chowk,A_to_B,2620,380,411,0.925,OK,
2026-07-28 23:00:12,2026-07-28,23:00:12,Tuesday,23,N,21,Purv Marg: Tansport Chowk  ↔ Tribune Chowk,B_to_A,2611,432,439,0.984,OK,
2026-07-28 23:00:12,2026-07-28,23:00:12,Tuesday,23,N,22,Chandi Path: Sabzi Mandi Chowk  ↔ GMCH 32,A_to_B,2939,318,414,0.768,OK,
2026-07-28 23:00:13,2026-07-28,23:00:13,Tuesday,23,N,22,Chandi Path: Sabzi Mandi Chowk  ↔ GMCH 32,B_to_A,2756,312,360,0.867,OK,
2026-07-28 23:00:13,2026-07-28,23:00:13,Tuesday,23,N,23,Udyan Path: Secretariat Chowk  ↔ Furniture Chowk,A_to_B,7398,728,883,0.824,OK,
2026-07-28 23:00:13,2026-07-28,23:00:13,Tuesday,23,N,23,Udyan Path: Secretariat Chowk  ↔ Furniture Chowk,B_to_A,7219,692,830,0.834,OK,
2026-07-28 23:00:13,2026-07-28,23:00:13,Tuesday,23,N,24,Madhya Marg: Sector 17 ↔ Railway Station,A_to_B,7206,797,945,0.843,OK,
2026-07-28 23:00:14,2026-07-28,23:00:14,Tuesday,23,N,24,Madhya Marg: Sector 17 ↔ Railway Station,B_to_A,6568,831,1029,0.808,OK,
2026-07-28 23:00:14,2026-07-28,23:00:14,Tuesday,23,N,25,Paschim Marg: Sector 25 ↔ Sector 56,A_to_B,4090,459,537,0.855,OK,
2026-07-28 23:00:14,2026-07-28,23:00:14,Tuesday,23,N,25,Paschim Marg: Sector 25 ↔ Sector 56,B_to_A,3940,452,493,0.917,OK,
2026-07-28 23:30:01,2026-07-28,23:30:01,Tuesday,23,N,1,Madhya Marg: PGI Chowk ↔ Housing Board lights,A_to_B,9891,1123,1340,0.838,OK,
2026-07-28 23:30:02,2026-07-28,23:30:02,Tuesday,23,N,1,Madhya Marg: PGI Chowk ↔ Housing Board lights,B_to_A,8853,1029,1222,0.842,OK,
2026-07-28 23:30:02,2026-07-28,23:30:02,Tuesday,23,N,2,Udyog Path: PU Chowk ↔ Elante Mall,A_to_B,7173,806,1032,0.781,OK,
2026-07-28 23:30:02,2026-07-28,23:30:02,Tuesday,23,N,2,Udyog Path: PU Chowk ↔ Elante Mall,B_to_A,8050,765,1091,0.701,OK,
2026-07-28 23:30:03,2026-07-28,23:30:03,Tuesday,23,N,3,Dakshin Marg: Daddu Majra ↔ Hallo Majra Lights,A_to_B,8610,1009,1263,0.799,OK,
2026-07-28 23:30:03,2026-07-28,23:30:03,Tuesday,23,N,3,Dakshin Marg: Daddu Majra ↔ Hallo Majra Lights,B_to_A,9042,1045,1447,0.722,OK,
2026-07-28 23:30:03,2026-07-28,23:30:03,Tuesday,23,N,4,Shanti Path: Sector 38W ↔ Sector 31 Lights,A_to_B,7418,691,882,0.783,OK,
2026-07-28 23:30:03,2026-07-28,23:30:03,Tuesday,23,N,4,Shanti Path: Sector 38W ↔ Sector 31 Lights,B_to_A,7590,769,940,0.818,OK,
2026-07-28 23:30:04,2026-07-28,23:30:04,Tuesday,23,N,5,NH 5: Grain Market ↔ Sector 47 Chowk,A_to_B,7596,748,929,0.805,OK,
2026-07-28 23:30:04,2026-07-28,23:30:04,Tuesday,23,N,5,NH 5: Grain Market ↔ Sector 47 Chowk,B_to_A,7551,775,969,0.8,OK,
2026-07-28 23:30:04,2026-07-28,23:30:04,Tuesday,23,N,6,Vigyan Path: PEC Chowk ↔ Golf Club,A_to_B,4491,407,471,0.864,OK,
2026-07-28 23:30:04,2026-07-28,23:30:04,Tuesday,23,N,6,Vigyan Path: PEC Chowk ↔ Golf Club,B_to_A,4518,449,525,0.855,OK,
2026-07-28 23:30:05,2026-07-28,23:30:05,Tuesday,23,N,7,Uttar Marg: Sector 2 Chowk ↔ Sukhna Lake,A_to_B,2481,231,274,0.843,OK,
2026-07-28 23:30:05,2026-07-28,23:30:05,Tuesday,23,N,7,Uttar Marg: Sector 2 Chowk ↔ Sukhna Lake,B_to_A,3144,361,425,0.849,OK,
2026-07-28 23:30:05,2026-07-28,23:30:05,Tuesday,23,N,8,Madhya Marg: Khudda Lahora ↔ Matka Chowk,A_to_B,4208,483,599,0.806,OK,
2026-07-28 23:30:06,2026-07-28,23:30:06,Tuesday,23,N,8,Madhya Marg: Khudda Lahora ↔ Matka Chowk,B_to_A,3931,419,528,0.794,OK,
2026-07-28 23:30:06,2026-07-28,23:30:06,Tuesday,23,N,9,Madhya Marg: GMSH 16 ↔ Kalagram,A_to_B,5231,622,743,0.837,OK,
2026-07-28 23:30:06,2026-07-28,23:30:06,Tuesday,23,N,9,Madhya Marg: GMSH 16 ↔ Kalagram,B_to_A,5517,633,772,0.82,OK,
2026-07-28 23:30:06,2026-07-28,23:30:06,Tuesday,23,N,10,Udyog Path: Dhanas ↔ ISBT Sector 17,A_to_B,4785,585,735,0.796,OK,
2026-07-28 23:30:07,2026-07-28,23:30:07,Tuesday,23,N,10,Udyog Path: Dhanas ↔ ISBT Sector 17,B_to_A,5507,660,920,0.717,OK,
2026-07-28 23:30:07,2026-07-28,23:30:07,Tuesday,23,N,11,Udyog Path: ISBT Sector 17 ↔ Elante Mall,A_to_B,3274,287,385,0.745,OK,
2026-07-28 23:30:07,2026-07-28,23:30:07,Tuesday,23,N,11,Udyog Path: ISBT Sector 17 ↔ Elante Mall,B_to_A,3428,348,451,0.772,OK,
2026-07-28 23:30:07,2026-07-28,23:30:07,Tuesday,23,N,12,Dakshin Marg: DLF Mullanpur ↔ Kisan Bhawan Chowk,A_to_B,6720,755,895,0.844,OK,
2026-07-28 23:30:08,2026-07-28,23:30:08,Tuesday,23,N,12,Dakshin Marg: DLF Mullanpur ↔ Kisan Bhawan Chowk,B_to_A,7109,739,950,0.778,OK,
2026-07-28 23:30:08,2026-07-28,23:30:08,Tuesday,23,N,13,Dakshin Marg: Kisan Bhawan Chowk ↔ Airport Chowk,A_to_B,7722,890,1092,0.815,OK,
2026-07-28 23:30:08,2026-07-28,23:30:08,Tuesday,23,N,13,Dakshin Marg: Kisan Bhawan Chowk ↔ Airport Chowk,B_to_A,7931,869,1147,0.758,OK,
2026-07-28 23:30:09,2026-07-28,23:30:09,Tuesday,23,N,14,NH 5: Max Hospital ↔ ISBT Sector 43,A_to_B,4206,376,501,0.75,OK,
2026-07-28 23:30:09,2026-07-28,23:30:09,Tuesday,23,N,14,NH 5: Max Hospital ↔ ISBT Sector 43,B_to_A,5445,511,667,0.766,OK,
2026-07-28 23:30:09,2026-07-28,23:30:09,Tuesday,23,N,15,Sukhna Path: Golf Club ↔ Cycle Chowk,A_to_B,9030,882,1147,0.769,OK,
2026-07-28 23:30:09,2026-07-28,23:30:09,Tuesday,23,N,15,Sukhna Path: Golf Club ↔ Cycle Chowk,B_to_A,7321,853,1081,0.789,OK,
2026-07-28 23:30:10,2026-07-28,23:30:10,Tuesday,23,N,16,Sarovar Path: Sukhna Lake ↔ Burail Jail,A_to_B,7816,820,1067,0.769,OK,
2026-07-28 23:30:10,2026-07-28,23:30:10,Tuesday,23,N,16,Sarovar Path: Sukhna Lake ↔ Burail Jail,B_to_A,7928,846,1086,0.779,OK,
2026-07-28 23:30:10,2026-07-28,23:30:10,Tuesday,23,N,17,Himalaya Marg: Rock Garden ↔ ISBT 43,A_to_B,8803,853,1096,0.778,OK,
2026-07-28 23:30:10,2026-07-28,23:30:10,Tuesday,23,N,17,Himalaya Marg: Rock Garden ↔ ISBT 43,B_to_A,8928,877,1121,0.782,OK,
2026-07-28 23:30:11,2026-07-28,23:30:11,Tuesday,23,N,18,Jan Marg: High Court ↔ ISBT 17,A_to_B,3334,289,391,0.739,OK,
2026-07-28 23:30:11,2026-07-28,23:30:11,Tuesday,23,N,18,Jan Marg: High Court ↔ ISBT 17,B_to_A,3132,282,337,0.837,OK,
2026-07-28 23:30:11,2026-07-28,23:30:11,Tuesday,23,N,19,Jan Marg: ISBT 17 ↔ ISBT 43,A_to_B,4115,447,566,0.79,OK,
2026-07-28 23:30:11,2026-07-28,23:30:11,Tuesday,23,N,19,Jan Marg: ISBT 17 ↔ ISBT 43,B_to_A,4233,424,578,0.734,OK,
2026-07-28 23:30:12,2026-07-28,23:30:12,Tuesday,23,N,20,Vidya Path: PGI Chowk ↔ Fountain Chowk,A_to_B,5475,591,710,0.832,OK,
2026-07-28 23:30:12,2026-07-28,23:30:12,Tuesday,23,N,20,Vidya Path: PGI Chowk ↔ Fountain Chowk,B_to_A,5474,614,710,0.865,OK,
2026-07-28 23:30:12,2026-07-28,23:30:12,Tuesday,23,N,21,Purv Marg: Tansport Chowk  ↔ Tribune Chowk,A_to_B,2620,383,411,0.932,OK,
2026-07-28 23:30:13,2026-07-28,23:30:13,Tuesday,23,N,21,Purv Marg: Tansport Chowk  ↔ Tribune Chowk,B_to_A,2611,436,439,0.993,OK,
2026-07-28 23:30:13,2026-07-28,23:30:13,Tuesday,23,N,22,Chandi Path: Sabzi Mandi Chowk  ↔ GMCH 32,A_to_B,2939,316,414,0.763,OK,
2026-07-28 23:30:13,2026-07-28,23:30:13,Tuesday,23,N,22,Chandi Path: Sabzi Mandi Chowk  ↔ GMCH 32,B_to_A,2756,302,360,0.839,OK,
2026-07-28 23:30:13,2026-07-28,23:30:13,Tuesday,23,N,23,Udyan Path: Secretariat Chowk  ↔ Furniture Chowk,A_to_B,7398,716,883,0.811,OK,
2026-07-28 23:30:14,2026-07-28,23:30:14,Tuesday,23,N,23,Udyan Path: Secretariat Chowk  ↔ Furniture Chowk,B_to_A,7219,686,830,0.827,OK,
2026-07-28 23:30:14,2026-07-28,23:30:14,Tuesday,23,N,24,Madhya Marg: Sector 17 ↔ Railway Station,A_to_B,7206,791,945,0.837,OK,
2026-07-28 23:30:14,2026-07-28,23:30:14,Tuesday,23,N,24,Madhya Marg: Sector 17 ↔ Railway Station,B_to_A,6568,790,1029,0.768,OK,
2026-07-28 23:30:14,2026-07-28,23:30:14,Tuesday,23,N,25,Paschim Marg: Sector 25 ↔ Sector 56,A_to_B,4090,457,537,0.851,OK,
2026-07-28 23:30:15,2026-07-28,23:30:15,Tuesday,23,N,25,Paschim Marg: Sector 25 ↔ Sector 56,B_to_A,3940,438,493,0.888,OK,
2026-07-29 00:00:01,2026-07-29,00:00:01,Wednesday,0,N,1,Madhya Marg: PGI Chowk ↔ Housing Board lights,A_to_B,9891,1125,1340,0.84,OK,
2026-07-29 00:00:02,2026-07-29,00:00:02,Wednesday,0,N,1,Madhya Marg: PGI Chowk ↔ Housing Board lights,B_to_A,8853,1020,1222,0.835,OK,
2026-07-29 00:00:02,2026-07-29,00:00:02,Wednesday,0,N,2,Udyog Path: PU Chowk ↔ Elante Mall,A_to_B,7173,793,1032,0.768,OK,
2026-07-29 00:00:02,2026-07-29,00:00:02,Wednesday,0,N,2,Udyog Path: PU Chowk ↔ Elante Mall,B_to_A,8051,767,1092,0.702,OK,
2026-07-29 00:00:02,2026-07-29,00:00:02,Wednesday,0,N,3,Dakshin Marg: Daddu Majra ↔ Hallo Majra Lights,A_to_B,8610,966,1263,0.765,OK,
2026-07-29 00:00:03,2026-07-29,00:00:03,Wednesday,0,N,3,Dakshin Marg: Daddu Majra ↔ Hallo Majra Lights,B_to_A,9077,1024,1441,0.711,OK,
2026-07-29 00:00:03,2026-07-29,00:00:03,Wednesday,0,N,4,Shanti Path: Sector 38W ↔ Sector 31 Lights,A_to_B,7418,685,882,0.777,OK,
2026-07-29 00:00:03,2026-07-29,00:00:03,Wednesday,0,N,4,Shanti Path: Sector 38W ↔ Sector 31 Lights,B_to_A,7590,752,940,0.8,OK,
2026-07-29 00:00:03,2026-07-29,00:00:03,Wednesday,0,N,5,NH 5: Grain Market ↔ Sector 47 Chowk,A_to_B,7596,740,929,0.797,OK,
2026-07-29 00:00:04,2026-07-29,00:00:04,Wednesday,0,N,5,NH 5: Grain Market ↔ Sector 47 Chowk,B_to_A,7551,743,969,0.767,OK,
2026-07-29 00:00:04,2026-07-29,00:00:04,Wednesday,0,N,6,Vigyan Path: PEC Chowk ↔ Golf Club,A_to_B,4491,402,471,0.854,OK,
2026-07-29 00:00:04,2026-07-29,00:00:04,Wednesday,0,N,6,Vigyan Path: PEC Chowk ↔ Golf Club,B_to_A,4518,443,525,0.844,OK,
2026-07-29 00:00:04,2026-07-29,00:00:04,Wednesday,0,N,7,Uttar Marg: Sector 2 Chowk ↔ Sukhna Lake,A_to_B,2481,240,274,0.876,OK,
2026-07-29 00:00:05,2026-07-29,00:00:05,Wednesday,0,N,7,Uttar Marg: Sector 2 Chowk ↔ Sukhna Lake,B_to_A,3144,359,425,0.845,OK,
2026-07-29 00:00:05,2026-07-29,00:00:05,Wednesday,0,N,8,Madhya Marg: Khudda Lahora ↔ Matka Chowk,A_to_B,4208,475,599,0.793,OK,
2026-07-29 00:00:05,2026-07-29,00:00:05,Wednesday,0,N,8,Madhya Marg: Khudda Lahora ↔ Matka Chowk,B_to_A,3931,403,528,0.763,OK,
2026-07-29 00:00:06,2026-07-29,00:00:06,Wednesday,0,N,9,Madhya Marg: GMSH 16 ↔ Kalagram,A_to_B,5231,608,743,0.818,OK,
2026-07-29 00:00:06,2026-07-29,00:00:06,Wednesday,0,N,9,Madhya Marg: GMSH 16 ↔ Kalagram,B_to_A,5517,620,772,0.803,OK,
2026-07-29 00:00:06,2026-07-29,00:00:06,Wednesday,0,N,10,Udyog Path: Dhanas ↔ ISBT Sector 17,A_to_B,4785,578,735,0.786,OK,
2026-07-29 00:00:06,2026-07-29,00:00:06,Wednesday,0,N,10,Udyog Path: Dhanas ↔ ISBT Sector 17,B_to_A,5507,694,920,0.754,OK,
2026-07-29 00:00:07,2026-07-29,00:00:07,Wednesday,0,N,11,Udyog Path: ISBT Sector 17 ↔ Elante Mall,A_to_B,3274,301,385,0.782,OK,
2026-07-29 00:00:07,2026-07-29,00:00:07,Wednesday,0,N,11,Udyog Path: ISBT Sector 17 ↔ Elante Mall,B_to_A,3428,348,451,0.772,OK,
2026-07-29 00:00:07,2026-07-29,00:00:07,Wednesday,0,N,12,Dakshin Marg: DLF Mullanpur ↔ Kisan Bhawan Chowk,A_to_B,6720,713,895,0.797,OK,
2026-07-29 00:00:07,2026-07-29,00:00:07,Wednesday,0,N,12,Dakshin Marg: DLF Mullanpur ↔ Kisan Bhawan Chowk,B_to_A,7109,718,950,0.756,OK,
2026-07-29 00:00:08,2026-07-29,00:00:08,Wednesday,0,N,13,Dakshin Marg: Kisan Bhawan Chowk ↔ Airport Chowk,A_to_B,7722,823,1092,0.754,OK,
2026-07-29 00:00:08,2026-07-29,00:00:08,Wednesday,0,N,13,Dakshin Marg: Kisan Bhawan Chowk ↔ Airport Chowk,B_to_A,7967,861,1140,0.755,OK,
2026-07-29 00:00:08,2026-07-29,00:00:08,Wednesday,0,N,14,NH 5: Max Hospital ↔ ISBT Sector 43,A_to_B,4206,361,501,0.721,OK,
2026-07-29 00:00:08,2026-07-29,00:00:08,Wednesday,0,N,14,NH 5: Max Hospital ↔ ISBT Sector 43,B_to_A,5445,512,667,0.768,OK,
2026-07-29 00:00:09,2026-07-29,00:00:09,Wednesday,0,N,15,Sukhna Path: Golf Club ↔ Cycle Chowk,A_to_B,9001,883,1153,0.766,OK,
2026-07-29 00:00:09,2026-07-29,00:00:09,Wednesday,0,N,15,Sukhna Path: Golf Club ↔ Cycle Chowk,B_to_A,7321,851,1081,0.787,OK,
2026-07-29 00:00:09,2026-07-29,00:00:09,Wednesday,0,N,16,Sarovar Path: Sukhna Lake ↔ Burail Jail,A_to_B,7816,814,1067,0.763,OK,
2026-07-29 00:00:10,2026-07-29,00:00:10,Wednesday,0,N,16,Sarovar Path: Sukhna Lake ↔ Burail Jail,B_to_A,7928,845,1086,0.778,OK,
2026-07-29 00:00:10,2026-07-29,00:00:10,Wednesday,0,N,17,Himalaya Marg: Rock Garden ↔ ISBT 43,A_to_B,8803,835,1096,0.762,OK,
2026-07-29 00:00:10,2026-07-29,00:00:10,Wednesday,0,N,17,Himalaya Marg: Rock Garden ↔ ISBT 43,B_to_A,8928,872,1121,0.778,OK,
2026-07-29 00:00:10,2026-07-29,00:00:10,Wednesday,0,N,18,Jan Marg: High Court ↔ ISBT 17,A_to_B,3334,291,391,0.744,OK,
2026-07-29 00:00:11,2026-07-29,00:00:11,Wednesday,0,N,18,Jan Marg: High Court ↔ ISBT 17,B_to_A,3132,281,337,0.834,OK,
2026-07-29 00:00:11,2026-07-29,00:00:11,Wednesday,0,N,19,Jan Marg: ISBT 17 ↔ ISBT 43,A_to_B,4115,408,566,0.721,OK,
2026-07-29 00:00:11,2026-07-29,00:00:11,Wednesday,0,N,19,Jan Marg: ISBT 17 ↔ ISBT 43,B_to_A,4233,426,578,0.737,OK,
2026-07-29 00:00:11,2026-07-29,00:00:11,Wednesday,0,N,20,Vidya Path: PGI Chowk ↔ Fountain Chowk,A_to_B,5475,568,710,0.8,OK,
2026-07-29 00:00:12,2026-07-29,00:00:12,Wednesday,0,N,20,Vidya Path: PGI Chowk ↔ Fountain Chowk,B_to_A,5474,584,710,0.823,OK,
2026-07-29 00:00:12,2026-07-29,00:00:12,Wednesday,0,N,21,Purv Marg: Tansport Chowk  ↔ Tribune Chowk,A_to_B,2620,343,411,0.835,OK,
2026-07-29 00:00:12,2026-07-29,00:00:12,Wednesday,0,N,21,Purv Marg: Tansport Chowk  ↔ Tribune Chowk,B_to_A,2611,392,439,0.893,OK,
2026-07-29 00:00:12,2026-07-29,00:00:12,Wednesday,0,N,22,Chandi Path: Sabzi Mandi Chowk  ↔ GMCH 32,A_to_B,2939,320,414,0.773,OK,
2026-07-29 00:00:13,2026-07-29,00:00:13,Wednesday,0,N,22,Chandi Path: Sabzi Mandi Chowk  ↔ GMCH 32,B_to_A,2756,312,360,0.867,OK,
2026-07-29 00:00:13,2026-07-29,00:00:13,Wednesday,0,N,23,Udyan Path: Secretariat Chowk  ↔ Furniture Chowk,A_to_B,7398,705,883,0.798,OK,
2026-07-29 00:00:13,2026-07-29,00:00:13,Wednesday,0,N,23,Udyan Path: Secretariat Chowk  ↔ Furniture Chowk,B_to_A,7219,686,830,0.827,OK,
2026-07-29 00:00:13,2026-07-29,00:00:13,Wednesday,0,N,24,Madhya Marg: Sector 17 ↔ Railway Station,A_to_B,7206,767,945,0.812,OK,
2026-07-29 00:00:14,2026-07-29,00:00:14,Wednesday,0,N,24,Madhya Marg: Sector 17 ↔ Railway Station,B_to_A,6568,779,1029,0.757,OK,
2026-07-29 00:00:14,2026-07-29,00:00:14,Wednesday,0,N,25,Paschim Marg: Sector 25 ↔ Sector 56,A_to_B,4090,428,537,0.797,OK,
2026-07-29 00:00:14,2026-07-29,00:00:14,Wednesday,0,N,25,Paschim Marg: Sector 25 ↔ Sector 56,B_to_A,3940,410,493,0.832,OK,
2026-07-29 00:30:02,2026-07-29,00:30:02,Wednesday,0,N,1,Madhya Marg: PGI Chowk ↔ Housing Board lights,A_to_B,9891,1095,1340,0.817,OK,
2026-07-29 00:30:02,2026-07-29,00:30:02,Wednesday,0,N,1,Madhya Marg: PGI Chowk ↔ Housing Board lights,B_to_A,8853,980,1222,0.802,OK,
2026-07-29 00:30:02,2026-07-29,00:30:02,Wednesday,0,N,2,Udyog Path: PU Chowk ↔ Elante Mall,A_to_B,7173,775,1032,0.751,OK,
2026-07-29 00:30:03,2026-07-29,00:30:03,Wednesday,0,N,2,Udyog Path: PU Chowk ↔ Elante Mall,B_to_A,8051,759,1092,0.695,OK,
2026-07-29 00:30:03,2026-07-29,00:30:03,Wednesday,0,N,3,Dakshin Marg: Daddu Majra ↔ Hallo Majra Lights,A_to_B,8610,961,1263,0.761,OK,
2026-07-29 00:30:03,2026-07-29,00:30:03,Wednesday,0,N,3,Dakshin Marg: Daddu Majra ↔ Hallo Majra Lights,B_to_A,9077,992,1441,0.688,OK,
2026-07-29 00:30:03,2026-07-29,00:30:03,Wednesday,0,N,4,Shanti Path: Sector 38W ↔ Sector 31 Lights,A_to_B,7418,669,882,0.759,OK,
2026-07-29 00:30:04,2026-07-29,00:30:04,Wednesday,0,N,4,Shanti Path: Sector 38W ↔ Sector 31 Lights,B_to_A,7590,712,940,0.757,OK,
2026-07-29 00:30:04,2026-07-29,00:30:04,Wednesday,0,N,5,NH 5: Grain Market ↔ Sector 47 Chowk,A_to_B,7596,724,929,0.779,OK,
2026-07-29 00:30:04,2026-07-29,00:30:04,Wednesday,0,N,5,NH 5: Grain Market ↔ Sector 47 Chowk,B_to_A,7551,728,969,0.751,OK,
2026-07-29 00:30:04,2026-07-29,00:30:04,Wednesday,0,N,6,Vigyan Path: PEC Chowk ↔ Golf Club,A_to_B,4491,387,471,0.822,OK,
2026-07-29 00:30:05,2026-07-29,00:30:05,Wednesday,0,N,6,Vigyan Path: PEC Chowk ↔ Golf Club,B_to_A,4518,429,525,0.817,OK,
2026-07-29 00:30:05,2026-07-29,00:30:05,Wednesday,0,N,7,Uttar Marg: Sector 2 Chowk ↔ Sukhna Lake,A_to_B,2481,225,274,0.821,OK,
2026-07-29 00:30:05,2026-07-29,00:30:05,Wednesday,0,N,7,Uttar Marg: Sector 2 Chowk ↔ Sukhna Lake,B_to_A,3144,360,425,0.847,OK,
2026-07-29 00:30:06,2026-07-29,00:30:06,Wednesday,0,N,8,Madhya Marg: Khudda Lahora ↔ Matka Chowk,A_to_B,4208,453,599,0.756,OK,
2026-07-29 00:30:06,2026-07-29,00:30:06,Wednesday,0,N,8,Madhya Marg: Khudda Lahora ↔ Matka Chowk,B_to_A,3931,404,528,0.765,OK,
2026-07-29 00:30:06,2026-07-29,00:30:06,Wednesday,0,N,9,Madhya Marg: GMSH 16 ↔ Kalagram,A_to_B,5231,583,743,0.785,OK,
2026-07-29 00:30:06,2026-07-29,00:30:06,Wednesday,0,N,9,Madhya Marg: GMSH 16 ↔ Kalagram,B_to_A,5517,579,772,0.75,OK,
2026-07-29 00:30:07,2026-07-29,00:30:07,Wednesday,0,N,10,Udyog Path: Dhanas ↔ ISBT Sector 17,A_to_B,4785,564,735,0.767,OK,
2026-07-29 00:30:07,2026-07-29,00:30:07,Wednesday,0,N,10,Udyog Path: Dhanas ↔ ISBT Sector 17,B_to_A,5507,676,920,0.735,OK,
2026-07-29 00:30:07,2026-07-29,00:30:07,Wednesday,0,N,11,Udyog Path: ISBT Sector 17 ↔ Elante Mall,A_to_B,3274,271,385,0.704,OK,
2026-07-29 00:30:07,2026-07-29,00:30:07,Wednesday,0,N,11,Udyog Path: ISBT Sector 17 ↔ Elante Mall,B_to_A,3428,344,451,0.763,OK,
2026-07-29 00:30:08,2026-07-29,00:30:08,Wednesday,0,N,12,Dakshin Marg: DLF Mullanpur ↔ Kisan Bhawan Chowk,A_to_B,6720,716,895,0.8,OK,
2026-07-29 00:30:08,2026-07-29,00:30:08,Wednesday,0,N,12,Dakshin Marg: DLF Mullanpur ↔ Kisan Bhawan Chowk,B_to_A,7109,701,950,0.738,OK,
2026-07-29 00:30:08,2026-07-29,00:30:08,Wednesday,0,N,13,Dakshin Marg: Kisan Bhawan Chowk ↔ Airport Chowk,A_to_B,7722,835,1092,0.765,OK,
2026-07-29 00:30:08,2026-07-29,00:30:08,Wednesday,0,N,13,Dakshin Marg: Kisan Bhawan Chowk ↔ Airport Chowk,B_to_A,7967,831,1140,0.729,OK,
2026-07-29 00:30:09,2026-07-29,00:30:09,Wednesday,0,N,14,NH 5: Max Hospital ↔ ISBT Sector 43,A_to_B,4206,350,501,0.699,OK,
2026-07-29 00:30:09,2026-07-29,00:30:09,Wednesday,0,N,14,NH 5: Max Hospital ↔ ISBT Sector 43,B_to_A,5445,512,667,0.768,OK,
2026-07-29 00:30:09,2026-07-29,00:30:09,Wednesday,0,N,15,Sukhna Path: Golf Club ↔ Cycle Chowk,A_to_B,9001,869,1153,0.754,OK,
2026-07-29 00:30:10,2026-07-29,00:30:10,Wednesday,0,N,15,Sukhna Path: Golf Club ↔ Cycle Chowk,B_to_A,7321,828,1081,0.766,OK,
2026-07-29 00:30:10,2026-07-29,00:30:10,Wednesday,0,N,16,Sarovar Path: Sukhna Lake ↔ Burail Jail,A_to_B,7816,792,1067,0.742,OK,
2026-07-29 00:30:10,2026-07-29,00:30:10,Wednesday,0,N,16,Sarovar Path: Sukhna Lake ↔ Burail Jail,B_to_A,7928,833,1086,0.767,OK,
2026-07-29 00:30:10,2026-07-29,00:30:10,Wednesday,0,N,17,Himalaya Marg: Rock Garden ↔ ISBT 43,A_to_B,8803,830,1096,0.757,OK,
2026-07-29 00:30:11,2026-07-29,00:30:11,Wednesday,0,N,17,Himalaya Marg: Rock Garden ↔ ISBT 43,B_to_A,8928,859,1121,0.766,OK,
2026-07-29 00:30:11,2026-07-29,00:30:11,Wednesday,0,N,18,Jan Marg: High Court ↔ ISBT 17,A_to_B,3334,290,391,0.742,OK,
2026-07-29 00:30:11,2026-07-29,00:30:11,Wednesday,0,N,18,Jan Marg: High Court ↔ ISBT 17,B_to_A,3132,275,337,0.816,OK,
2026-07-29 00:30:11,2026-07-29,00:30:11,Wednesday,0,N,19,Jan Marg: ISBT 17 ↔ ISBT 43,A_to_B,4115,397,566,0.701,OK,
2026-07-29 00:30:12,2026-07-29,00:30:12,Wednesday,0,N,19,Jan Marg: ISBT 17 ↔ ISBT 43,B_to_A,4233,418,578,0.723,OK,
2026-07-29 00:30:12,2026-07-29,00:30:12,Wednesday,0,N,20,Vidya Path: PGI Chowk ↔ Fountain Chowk,A_to_B,5475,556,710,0.783,OK,
2026-07-29 00:30:12,2026-07-29,00:30:12,Wednesday,0,N,20,Vidya Path: PGI Chowk ↔ Fountain Chowk,B_to_A,5474,572,710,0.806,OK,
2026-07-29 00:30:12,2026-07-29,00:30:12,Wednesday,0,N,21,Purv Marg: Tansport Chowk  ↔ Tribune Chowk,A_to_B,2620,327,411,0.796,OK,
2026-07-29 00:30:13,2026-07-29,00:30:13,Wednesday,0,N,21,Purv Marg: Tansport Chowk  ↔ Tribune Chowk,B_to_A,2611,368,439,0.838,OK,
2026-07-29 00:30:13,2026-07-29,00:30:13,Wednesday,0,N,22,Chandi Path: Sabzi Mandi Chowk  ↔ GMCH 32,A_to_B,2939,308,414,0.744,OK,
2026-07-29 00:30:13,2026-07-29,00:30:13,Wednesday,0,N,22,Chandi Path: Sabzi Mandi Chowk  ↔ GMCH 32,B_to_A,2756,300,360,0.833,OK,
2026-07-29 00:30:13,2026-07-29,00:30:13,Wednesday,0,N,23,Udyan Path: Secretariat Chowk  ↔ Furniture Chowk,A_to_B,7398,681,883,0.771,OK,
2026-07-29 00:30:14,2026-07-29,00:30:14,Wednesday,0,N,23,Udyan Path: Secretariat Chowk  ↔ Furniture Chowk,B_to_A,7219,667,830,0.804,OK,
2026-07-29 00:30:14,2026-07-29,00:30:14,Wednesday,0,N,24,Madhya Marg: Sector 17 ↔ Railway Station,A_to_B,7206,721,945,0.763,OK,
2026-07-29 00:30:14,2026-07-29,00:30:14,Wednesday,0,N,24,Madhya Marg: Sector 17 ↔ Railway Station,B_to_A,6568,773,1029,0.751,OK,
2026-07-29 00:30:14,2026-07-29,00:30:14,Wednesday,0,N,25,Paschim Marg: Sector 25 ↔ Sector 56,A_to_B,4090,418,537,0.778,OK,
2026-07-29 00:30:15,2026-07-29,00:30:15,Wednesday,0,N,25,Paschim Marg: Sector 25 ↔ Sector 56,B_to_A,3940,390,493,0.791,OK,
2026-07-29 01:00:01,2026-07-29,01:00:01,Wednesday,1,N,1,Madhya Marg: PGI Chowk ↔ Housing Board lights,A_to_B,9891,1087,1340,0.811,OK,
2026-07-29 01:00:02,2026-07-29,01:00:02,Wednesday,1,N,1,Madhya Marg: PGI Chowk ↔ Housing Board lights,B_to_A,8853,984,1222,0.805,OK,
2026-07-29 01:00:02,2026-07-29,01:00:02,Wednesday,1,N,2,Udyog Path: PU Chowk ↔ Elante Mall,A_to_B,7173,741,1032,0.718,OK,
2026-07-29 01:00:02,2026-07-29,01:00:02,Wednesday,1,N,2,Udyog Path: PU Chowk ↔ Elante Mall,B_to_A,8051,731,1092,0.669,OK,
2026-07-29 01:00:02,2026-07-29,01:00:02,Wednesday,1,N,3,Dakshin Marg: Daddu Majra ↔ Hallo Majra Lights,A_to_B,8610,938,1263,0.743,OK,
2026-07-29 01:00:03,2026-07-29,01:00:03,Wednesday,1,N,3,Dakshin Marg: Daddu Majra ↔ Hallo Majra Lights,B_to_A,9077,983,1441,0.682,OK,
2026-07-29 01:00:03,2026-07-29,01:00:03,Wednesday,1,N,4,Shanti Path: Sector 38W ↔ Sector 31 Lights,A_to_B,7418,654,882,0.741,OK,
2026-07-29 01:00:03,2026-07-29,01:00:03,Wednesday,1,N,4,Shanti Path: Sector 38W ↔ Sector 31 Lights,B_to_A,7590,718,940,0.764,OK,
2026-07-29 01:00:03,2026-07-29,01:00:03,Wednesday,1,N,5,NH 5: Grain Market ↔ Sector 47 Chowk,A_to_B,7596,742,929,0.799,OK,
2026-07-29 01:00:04,2026-07-29,01:00:04,Wednesday,1,N,5,NH 5: Grain Market ↔ Sector 47 Chowk,B_to_A,7551,729,969,0.752,OK,
2026-07-29 01:00:04,2026-07-29,01:00:04,Wednesday,1,N,6,Vigyan Path: PEC Chowk ↔ Golf Club,A_to_B,4491,386,471,0.82,OK,
2026-07-29 01:00:04,2026-07-29,01:00:04,Wednesday,1,N,6,Vigyan Path: PEC Chowk ↔ Golf Club,B_to_A,4518,423,525,0.806,OK,
2026-07-29 01:00:05,2026-07-29,01:00:05,Wednesday,1,N,7,Uttar Marg: Sector 2 Chowk ↔ Sukhna Lake,A_to_B,2481,225,274,0.821,OK,
2026-07-29 01:00:05,2026-07-29,01:00:05,Wednesday,1,N,7,Uttar Marg: Sector 2 Chowk ↔ Sukhna Lake,B_to_A,3144,361,425,0.849,OK,
2026-07-29 01:00:05,2026-07-29,01:00:05,Wednesday,1,N,8,Madhya Marg: Khudda Lahora ↔ Matka Chowk,A_to_B,4208,434,599,0.725,OK,
2026-07-29 01:00:05,2026-07-29,01:00:05,Wednesday,1,N,8,Madhya Marg: Khudda Lahora ↔ Matka Chowk,B_to_A,3931,395,528,0.748,OK,
2026-07-29 01:00:06,2026-07-29,01:00:06,Wednesday,1,N,9,Madhya Marg: GMSH 16 ↔ Kalagram,A_to_B,5231,581,743,0.782,OK,
2026-07-29 01:00:06,2026-07-29,01:00:06,Wednesday,1,N,9,Madhya Marg: GMSH 16 ↔ Kalagram,B_to_A,5517,575,772,0.745,OK,
2026-07-29 01:00:06,2026-07-29,01:00:06,Wednesday,1,N,10,Udyog Path: Dhanas ↔ ISBT Sector 17,A_to_B,4785,558,735,0.759,OK,
2026-07-29 01:00:06,2026-07-29,01:00:06,Wednesday,1,N,10,Udyog Path: Dhanas ↔ ISBT Sector 17,B_to_A,5507,717,920,0.779,OK,
2026-07-29 01:00:07,2026-07-29,01:00:07,Wednesday,1,N,11,Udyog Path: ISBT Sector 17 ↔ Elante Mall,A_to_B,3274,265,385,0.688,OK,
2026-07-29 01:00:07,2026-07-29,01:00:07,Wednesday,1,N,11,Udyog Path: ISBT Sector 17 ↔ Elante Mall,B_to_A,3428,325,451,0.721,OK,
2026-07-29 01:00:07,2026-07-29,01:00:07,Wednesday,1,N,12,Dakshin Marg: DLF Mullanpur ↔ Kisan Bhawan Chowk,A_to_B,6720,672,895,0.751,OK,
2026-07-29 01:00:07,2026-07-29,01:00:07,Wednesday,1,N,12,Dakshin Marg: DLF Mullanpur ↔ Kisan Bhawan Chowk,B_to_A,7109,701,950,0.738,OK,
2026-07-29 01:00:08,2026-07-29,01:00:08,Wednesday,1,N,13,Dakshin Marg: Kisan Bhawan Chowk ↔ Airport Chowk,A_to_B,7722,837,1092,0.766,OK,
2026-07-29 01:00:08,2026-07-29,01:00:08,Wednesday,1,N,13,Dakshin Marg: Kisan Bhawan Chowk ↔ Airport Chowk,B_to_A,7967,836,1140,0.733,OK,
2026-07-29 01:00:08,2026-07-29,01:00:08,Wednesday,1,N,14,NH 5: Max Hospital ↔ ISBT Sector 43,A_to_B,4206,361,501,0.721,OK,
2026-07-29 01:00:09,2026-07-29,01:00:09,Wednesday,1,N,14,NH 5: Max Hospital ↔ ISBT Sector 43,B_to_A,5445,519,667,0.778,OK,
2026-07-29 01:00:09,2026-07-29,01:00:09,Wednesday,1,N,15,Sukhna Path: Golf Club ↔ Cycle Chowk,A_to_B,9001,873,1153,0.757,OK,
2026-07-29 01:00:09,2026-07-29,01:00:09,Wednesday,1,N,15,Sukhna Path: Golf Club ↔ Cycle Chowk,B_to_A,7321,798,1081,0.738,OK,
2026-07-29 01:00:09,2026-07-29,01:00:09,Wednesday,1,N,16,Sarovar Path: Sukhna Lake ↔ Burail Jail,A_to_B,7816,789,1067,0.739,OK,
2026-07-29 01:00:10,2026-07-29,01:00:10,Wednesday,1,N,16,Sarovar Path: Sukhna Lake ↔ Burail Jail,B_to_A,7928,844,1086,0.777,OK,
2026-07-29 01:00:10,2026-07-29,01:00:10,Wednesday,1,N,17,Himalaya Marg: Rock Garden ↔ ISBT 43,A_to_B,8803,856,1096,0.781,OK,
2026-07-29 01:00:10,2026-07-29,01:00:10,Wednesday,1,N,17,Himalaya Marg: Rock Garden ↔ ISBT 43,B_to_A,8958,849,1128,0.753,OK,
2026-07-29 01:00:10,2026-07-29,01:00:10,Wednesday,1,N,18,Jan Marg: High Court ↔ ISBT 17,A_to_B,3334,299,391,0.765,OK,
2026-07-29 01:00:11,2026-07-29,01:00:11,Wednesday,1,N,18,Jan Marg: High Court ↔ ISBT 17,B_to_A,3132,266,337,0.789,OK,
2026-07-29 01:00:11,2026-07-29,01:00:11,Wednesday,1,N,19,Jan Marg: ISBT 17 ↔ ISBT 43,A_to_B,4115,407,566,0.719,OK,
2026-07-29 01:00:11,2026-07-29,01:00:11,Wednesday,1,N,19,Jan Marg: ISBT 17 ↔ ISBT 43,B_to_A,4233,419,578,0.725,OK,
2026-07-29 01:00:11,2026-07-29,01:00:11,Wednesday,1,N,20,Vidya Path: PGI Chowk ↔ Fountain Chowk,A_to_B,5475,552,710,0.777,OK,
2026-07-29 01:00:12,2026-07-29,01:00:12,Wednesday,1,N,20,Vidya Path: PGI Chowk ↔ Fountain Chowk,B_to_A,5474,554,710,0.78,OK,
2026-07-29 01:00:12,2026-07-29,01:00:12,Wednesday,1,N,21,Purv Marg: Tansport Chowk  ↔ Tribune Chowk,A_to_B,2620,344,411,0.837,OK,
2026-07-29 01:00:12,2026-07-29,01:00:12,Wednesday,1,N,21,Purv Marg: Tansport Chowk  ↔ Tribune Chowk,B_to_A,2611,354,439,0.806,OK,
2026-07-29 01:00:12,2026-07-29,01:00:12,Wednesday,1,N,22,Chandi Path: Sabzi Mandi Chowk  ↔ GMCH 32,A_to_B,2939,309,414,0.746,OK,
2026-07-29 01:00:13,2026-07-29,01:00:13,Wednesday,1,N,22,Chandi Path: Sabzi Mandi Chowk  ↔ GMCH 32,B_to_A,2756,300,360,0.833,OK,
2026-07-29 01:00:13,2026-07-29,01:00:13,Wednesday,1,N,23,Udyan Path: Secretariat Chowk  ↔ Furniture Chowk,A_to_B,7398,691,883,0.783,OK,
2026-07-29 01:00:13,2026-07-29,01:00:13,Wednesday,1,N,23,Udyan Path: Secretariat Chowk  ↔ Furniture Chowk,B_to_A,7219,664,830,0.8,OK,
2026-07-29 01:00:13,2026-07-29,01:00:13,Wednesday,1,N,24,Madhya Marg: Sector 17 ↔ Railway Station,A_to_B,7206,723,945,0.765,OK,
2026-07-29 01:00:14,2026-07-29,01:00:14,Wednesday,1,N,24,Madhya Marg: Sector 17 ↔ Railway Station,B_to_A,6568,775,1029,0.753,OK,
2026-07-29 01:00:14,2026-07-29,01:00:14,Wednesday,1,N,25,Paschim Marg: Sector 25 ↔ Sector 56,A_to_B,4089,414,536,0.772,OK,
2026-07-29 01:00:14,2026-07-29,01:00:14,Wednesday,1,N,25,Paschim Marg: Sector 25 ↔ Sector 56,B_to_A,3940,385,493,0.781,OK,
2026-07-29 01:30:02,2026-07-29,01:30:02,Wednesday,1,N,1,Madhya Marg: PGI Chowk ↔ Housing Board lights,A_to_B,9891,1077,1340,0.804,OK,
2026-07-29 01:30:02,2026-07-29,01:30:02,Wednesday,1,N,1,Madhya Marg: PGI Chowk ↔ Housing Board lights,B_to_A,8853,980,1222,0.802,OK,
2026-07-29 01:30:02,2026-07-29,01:30:02,Wednesday,1,N,2,Udyog Path: PU Chowk ↔ Elante Mall,A_to_B,7173,753,1032,0.73,OK,
2026-07-29 01:30:03,2026-07-29,01:30:03,Wednesday,1,N,2,Udyog Path: PU Chowk ↔ Elante Mall,B_to_A,8051,750,1092,0.687,OK,
2026-07-29 01:30:03,2026-07-29,01:30:03,Wednesday,1,N,3,Dakshin Marg: Daddu Majra ↔ Hallo Majra Lights,A_to_B,8610,927,1263,0.734,OK,
2026-07-29 01:30:03,2026-07-29,01:30:03,Wednesday,1,N,3,Dakshin Marg: Daddu Majra ↔ Hallo Majra Lights,B_to_A,9077,984,1441,0.683,OK,
2026-07-29 01:30:04,2026-07-29,01:30:04,Wednesday,1,N,4,Shanti Path: Sector 38W ↔ Sector 31 Lights,A_to_B,7418,651,882,0.738,OK,
2026-07-29 01:30:04,2026-07-29,01:30:04,Wednesday,1,N,4,Shanti Path: Sector 38W ↔ Sector 31 Lights,B_to_A,7590,717,940,0.763,OK,
2026-07-29 01:30:04,2026-07-29,01:30:04,Wednesday,1,N,5,NH 5: Grain Market ↔ Sector 47 Chowk,A_to_B,7596,739,929,0.795,OK,
2026-07-29 01:30:04,2026-07-29,01:30:04,Wednesday,1,N,5,NH 5: Grain Market ↔ Sector 47 Chowk,B_to_A,7551,721,969,0.744,OK,
2026-07-29 01:30:05,2026-07-29,01:30:05,Wednesday,1,N,6,Vigyan Path: PEC Chowk ↔ Golf Club,A_to_B,4491,388,471,0.824,OK,
2026-07-29 01:30:05,2026-07-29,01:30:05,Wednesday,1,N,6,Vigyan Path: PEC Chowk ↔ Golf Club,B_to_A,4518,425,525,0.81,OK,
2026-07-29 01:30:05,2026-07-29,01:30:05,Wednesday,1,N,7,Uttar Marg: Sector 2 Chowk ↔ Sukhna Lake,A_to_B,2481,229,274,0.836,OK,
2026-07-29 01:30:06,2026-07-29,01:30:06,Wednesday,1,N,7,Uttar Marg: Sector 2 Chowk ↔ Sukhna Lake,B_to_A,3144,351,425,0.826,OK,
2026-07-29 01:30:06,2026-07-29,01:30:06,Wednesday,1,N,8,Madhya Marg: Khudda Lahora ↔ Matka Chowk,A_to_B,4208,441,599,0.736,OK,
2026-07-29 01:30:06,2026-07-29,01:30:06,Wednesday,1,N,8,Madhya Marg: Khudda Lahora ↔ Matka Chowk,B_to_A,3931,395,528,0.748,OK,
2026-07-29 01:30:06,2026-07-29,01:30:06,Wednesday,1,N,9,Madhya Marg: GMSH 16 ↔ Kalagram,A_to_B,5231,581,743,0.782,OK,
2026-07-29 01:30:07,2026-07-29,01:30:07,Wednesday,1,N,9,Madhya Marg: GMSH 16 ↔ Kalagram,B_to_A,5517,585,772,0.758,OK,
2026-07-29 01:30:07,2026-07-29,01:30:07,Wednesday,1,N,10,Udyog Path: Dhanas ↔ ISBT Sector 17,A_to_B,4785,533,735,0.725,OK,
2026-07-29 01:30:07,2026-07-29,01:30:07,Wednesday,1,N,10,Udyog Path: Dhanas ↔ ISBT Sector 17,B_to_A,5507,738,920,0.802,OK,
2026-07-29 01:30:07,2026-07-29,01:30:07,Wednesday,1,N,11,Udyog Path: ISBT Sector 17 ↔ Elante Mall,A_to_B,3274,262,385,0.681,OK,
2026-07-29 01:30:08,2026-07-29,01:30:08,Wednesday,1,N,11,Udyog Path: ISBT Sector 17 ↔ Elante Mall,B_to_A,3428,338,451,0.749,OK,
2026-07-29 01:30:08,2026-07-29,01:30:08,Wednesday,1,N,12,Dakshin Marg: DLF Mullanpur ↔ Kisan Bhawan Chowk,A_to_B,6720,647,895,0.723,OK,
2026-07-29 01:30:08,2026-07-29,01:30:08,Wednesday,1,N,12,Dakshin Marg: DLF Mullanpur ↔ Kisan Bhawan Chowk,B_to_A,7109,695,950,0.732,OK,
2026-07-29 01:30:08,2026-07-29,01:30:08,Wednesday,1,N,13,Dakshin Marg: Kisan Bhawan Chowk ↔ Airport Chowk,A_to_B,7722,833,1092,0.763,OK,
2026-07-29 01:30:09,2026-07-29,01:30:09,Wednesday,1,N,13,Dakshin Marg: Kisan Bhawan Chowk ↔ Airport Chowk,B_to_A,7967,845,1140,0.741,OK,
2026-07-29 01:30:09,2026-07-29,01:30:09,Wednesday,1,N,14,NH 5: Max Hospital ↔ ISBT Sector 43,A_to_B,4206,362,501,0.723,OK,
2026-07-29 01:30:09,2026-07-29,01:30:09,Wednesday,1,N,14,NH 5: Max Hospital ↔ ISBT Sector 43,B_to_A,5445,512,667,0.768,OK,
2026-07-29 01:30:09,2026-07-29,01:30:09,Wednesday,1,N,15,Sukhna Path: Golf Club ↔ Cycle Chowk,A_to_B,9030,847,1147,0.738,OK,
2026-07-29 01:30:10,2026-07-29,01:30:10,Wednesday,1,N,15,Sukhna Path: Golf Club ↔ Cycle Chowk,B_to_A,7321,789,1081,0.73,OK,
2026-07-29 01:30:10,2026-07-29,01:30:10,Wednesday,1,N,16,Sarovar Path: Sukhna Lake ↔ Burail Jail,A_to_B,7816,773,1067,0.724,OK,
2026-07-29 01:30:10,2026-07-29,01:30:10,Wednesday,1,N,16,Sarovar Path: Sukhna Lake ↔ Burail Jail,B_to_A,7928,852,1086,0.785,OK,
2026-07-29 01:30:10,2026-07-29,01:30:10,Wednesday,1,N,17,Himalaya Marg: Rock Garden ↔ ISBT 43,A_to_B,8803,851,1096,0.776,OK,
2026-07-29 01:30:11,2026-07-29,01:30:11,Wednesday,1,N,17,Himalaya Marg: Rock Garden ↔ ISBT 43,B_to_A,8928,852,1121,0.76,OK,
2026-07-29 01:30:11,2026-07-29,01:30:11,Wednesday,1,N,18,Jan Marg: High Court ↔ ISBT 17,A_to_B,3334,297,391,0.76,OK,
2026-07-29 01:30:11,2026-07-29,01:30:11,Wednesday,1,N,18,Jan Marg: High Court ↔ ISBT 17,B_to_A,3132,271,337,0.804,OK,
2026-07-29 01:30:11,2026-07-29,01:30:11,Wednesday,1,N,19,Jan Marg: ISBT 17 ↔ ISBT 43,A_to_B,4115,402,566,0.71,OK,
2026-07-29 01:30:12,2026-07-29,01:30:12,Wednesday,1,N,19,Jan Marg: ISBT 17 ↔ ISBT 43,B_to_A,4231,415,578,0.718,OK,
2026-07-29 01:30:12,2026-07-29,01:30:12,Wednesday,1,N,20,Vidya Path: PGI Chowk ↔ Fountain Chowk,A_to_B,5475,539,710,0.759,OK,
2026-07-29 01:30:12,2026-07-29,01:30:12,Wednesday,1,N,20,Vidya Path: PGI Chowk ↔ Fountain Chowk,B_to_A,5474,553,710,0.779,OK,
2026-07-29 01:30:13,2026-07-29,01:30:13,Wednesday,1,N,21,Purv Marg: Tansport Chowk  ↔ Tribune Chowk,A_to_B,2620,337,411,0.82,OK,
2026-07-29 01:30:13,2026-07-29,01:30:13,Wednesday,1,N,21,Purv Marg: Tansport Chowk  ↔ Tribune Chowk,B_to_A,2611,369,439,0.841,OK,
2026-07-29 01:30:13,2026-07-29,01:30:13,Wednesday,1,N,22,Chandi Path: Sabzi Mandi Chowk  ↔ GMCH 32,A_to_B,2939,315,414,0.761,OK,
2026-07-29 01:30:13,2026-07-29,01:30:13,Wednesday,1,N,22,Chandi Path: Sabzi Mandi Chowk  ↔ GMCH 32,B_to_A,2756,300,360,0.833,OK,
2026-07-29 01:30:14,2026-07-29,01:30:14,Wednesday,1,N,23,Udyan Path: Secretariat Chowk  ↔ Furniture Chowk,A_to_B,7398,684,883,0.775,OK,
2026-07-29 01:30:14,2026-07-29,01:30:14,Wednesday,1,N,23,Udyan Path: Secretariat Chowk  ↔ Furniture Chowk,B_to_A,7219,667,830,0.804,OK,
2026-07-29 01:30:14,2026-07-29,01:30:14,Wednesday,1,N,24,Madhya Marg: Sector 17 ↔ Railway Station,A_to_B,7206,727,945,0.769,OK,
2026-07-29 01:30:14,2026-07-29,01:30:14,Wednesday,1,N,24,Madhya Marg: Sector 17 ↔ Railway Station,B_to_A,6568,763,1029,0.741,OK,
2026-07-29 01:30:15,2026-07-29,01:30:15,Wednesday,1,N,25,Paschim Marg: Sector 25 ↔ Sector 56,A_to_B,4090,397,537,0.739,OK,
2026-07-29 01:30:15,2026-07-29,01:30:15,Wednesday,1,N,25,Paschim Marg: Sector 25 ↔ Sector 56,B_to_A,3940,381,493,0.773,OK,
2026-07-29 02:00:01,2026-07-29,02:00:01,Wednesday,2,N,1,Madhya Marg: PGI Chowk ↔ Housing Board lights,A_to_B,9891,1057,1340,0.789,OK,
2026-07-29 02:00:02,2026-07-29,02:00:02,Wednesday,2,N,1,Madhya Marg: PGI Chowk ↔ Housing Board lights,B_to_A,8853,946,1222,0.774,OK,
2026-07-29 02:00:02,2026-07-29,02:00:02,Wednesday,2,N,2,Udyog Path: PU Chowk ↔ Elante Mall,A_to_B,7173,751,1032,0.728,OK,
2026-07-29 02:00:02,2026-07-29,02:00:02,Wednesday,2,N,2,Udyog Path: PU Chowk ↔ Elante Mall,B_to_A,8051,740,1092,0.678,OK,
2026-07-29 02:00:03,2026-07-29,02:00:03,Wednesday,2,N,3,Dakshin Marg: Daddu Majra ↔ Hallo Majra Lights,A_to_B,8610,944,1263,0.747,OK,
2026-07-29 02:00:03,2026-07-29,02:00:03,Wednesday,2,N,3,Dakshin Marg: Daddu Majra ↔ Hallo Majra Lights,B_to_A,9077,991,1441,0.688,OK,
2026-07-29 02:00:03,2026-07-29,02:00:03,Wednesday,2,N,4,Shanti Path: Sector 38W ↔ Sector 31 Lights,A_to_B,7418,653,882,0.74,OK,
2026-07-29 02:00:03,2026-07-29,02:00:03,Wednesday,2,N,4,Shanti Path: Sector 38W ↔ Sector 31 Lights,B_to_A,7590,697,940,0.741,OK,
2026-07-29 02:00:04,2026-07-29,02:00:04,Wednesday,2,N,5,NH 5: Grain Market ↔ Sector 47 Chowk,A_to_B,7596,717,929,0.772,OK,
2026-07-29 02:00:04,2026-07-29,02:00:04,Wednesday,2,N,5,NH 5: Grain Market ↔ Sector 47 Chowk,B_to_A,7551,726,969,0.749,OK,
2026-07-29 02:00:04,2026-07-29,02:00:04,Wednesday,2,N,6,Vigyan Path: PEC Chowk ↔ Golf Club,A_to_B,4491,382,471,0.811,OK,
2026-07-29 02:00:04,2026-07-29,02:00:04,Wednesday,2,N,6,Vigyan Path: PEC Chowk ↔ Golf Club,B_to_A,4518,405,525,0.771,OK,
2026-07-29 02:00:05,2026-07-29,02:00:05,Wednesday,2,N,7,Uttar Marg: Sector 2 Chowk ↔ Sukhna Lake,A_to_B,2481,223,274,0.814,OK,
2026-07-29 02:00:05,2026-07-29,02:00:05,Wednesday,2,N,7,Uttar Marg: Sector 2 Chowk ↔ Sukhna Lake,B_to_A,3144,345,425,0.812,OK,
2026-07-29 02:00:05,2026-07-29,02:00:05,Wednesday,2,N,8,Madhya Marg: Khudda Lahora ↔ Matka Chowk,A_to_B,4208,440,599,0.735,OK,
2026-07-29 02:00:05,2026-07-29,02:00:05,Wednesday,2,N,8,Madhya Marg: Khudda Lahora ↔ Matka Chowk,B_to_A,3931,393,528,0.744,OK,
2026-07-29 02:00:06,2026-07-29,02:00:06,Wednesday,2,N,9,Madhya Marg: GMSH 16 ↔ Kalagram,A_to_B,5231,565,743,0.76,OK,
2026-07-29 02:00:06,2026-07-29,02:00:06,Wednesday,2,N,9,Madhya Marg: GMSH 16 ↔ Kalagram,B_to_A,5517,566,772,0.733,OK,
2026-07-29 02:00:06,2026-07-29,02:00:06,Wednesday,2,N,10,Udyog Path: Dhanas ↔ ISBT Sector 17,A_to_B,4785,552,735,0.751,OK,
2026-07-29 02:00:06,2026-07-29,02:00:06,Wednesday,2,N,10,Udyog Path: Dhanas ↔ ISBT Sector 17,B_to_A,5507,816,920,0.887,OK,
2026-07-29 02:00:07,2026-07-29,02:00:07,Wednesday,2,N,11,Udyog Path: ISBT Sector 17 ↔ Elante Mall,A_to_B,3274,264,385,0.686,OK,
2026-07-29 02:00:07,2026-07-29,02:00:07,Wednesday,2,N,11,Udyog Path: ISBT Sector 17 ↔ Elante Mall,B_to_A,3428,329,451,0.729,OK,
2026-07-29 02:00:07,2026-07-29,02:00:07,Wednesday,2,N,12,Dakshin Marg: DLF Mullanpur ↔ Kisan Bhawan Chowk,A_to_B,6720,654,895,0.731,OK,
2026-07-29 02:00:07,2026-07-29,02:00:07,Wednesday,2,N,12,Dakshin Marg: DLF Mullanpur ↔ Kisan Bhawan Chowk,B_to_A,7109,711,950,0.748,OK,
2026-07-29 02:00:08,2026-07-29,02:00:08,Wednesday,2,N,13,Dakshin Marg: Kisan Bhawan Chowk ↔ Airport Chowk,A_to_B,7722,852,1092,0.78,OK,
2026-07-29 02:00:08,2026-07-29,02:00:08,Wednesday,2,N,13,Dakshin Marg: Kisan Bhawan Chowk ↔ Airport Chowk,B_to_A,7967,824,1140,0.723,OK,
2026-07-29 02:00:08,2026-07-29,02:00:08,Wednesday,2,N,14,NH 5: Max Hospital ↔ ISBT Sector 43,A_to_B,4206,352,501,0.703,OK,
2026-07-29 02:00:09,2026-07-29,02:00:09,Wednesday,2,N,14,NH 5: Max Hospital ↔ ISBT Sector 43,B_to_A,5445,495,667,0.742,OK,
2026-07-29 02:00:09,2026-07-29,02:00:09,Wednesday,2,N,15,Sukhna Path: Golf Club ↔ Cycle Chowk,A_to_B,9001,855,1153,0.742,OK,
2026-07-29 02:00:09,2026-07-29,02:00:09,Wednesday,2,N,15,Sukhna Path: Golf Club ↔ Cycle Chowk,B_to_A,7321,815,1081,0.754,OK,
2026-07-29 02:00:09,2026-07-29,02:00:09,Wednesday,2,N,16,Sarovar Path: Sukhna Lake ↔ Burail Jail,A_to_B,7816,782,1067,0.733,OK,
2026-07-29 02:00:10,2026-07-29,02:00:10,Wednesday,2,N,16,Sarovar Path: Sukhna Lake ↔ Burail Jail,B_to_A,7928,819,1086,0.754,OK,
2026-07-29 02:00:10,2026-07-29,02:00:10,Wednesday,2,N,17,Himalaya Marg: Rock Garden ↔ ISBT 43,A_to_B,8803,837,1096,0.764,OK,
2026-07-29 02:00:10,2026-07-29,02:00:10,Wednesday,2,N,17,Himalaya Marg: Rock Garden ↔ ISBT 43,B_to_A,8928,834,1121,0.744,OK,
2026-07-29 02:00:10,2026-07-29,02:00:10,Wednesday,2,N,18,Jan Marg: High Court ↔ ISBT 17,A_to_B,3334,296,391,0.757,OK,
2026-07-29 02:00:11,2026-07-29,02:00:11,Wednesday,2,N,18,Jan Marg: High Court ↔ ISBT 17,B_to_A,3132,262,337,0.777,OK,
2026-07-29 02:00:11,2026-07-29,02:00:11,Wednesday,2,N,19,Jan Marg: ISBT 17 ↔ ISBT 43,A_to_B,4115,401,566,0.708,OK,
2026-07-29 02:00:11,2026-07-29,02:00:11,Wednesday,2,N,19,Jan Marg: ISBT 17 ↔ ISBT 43,B_to_A,4233,410,578,0.709,OK,
2026-07-29 02:00:11,2026-07-29,02:00:11,Wednesday,2,N,20,Vidya Path: PGI Chowk ↔ Fountain Chowk,A_to_B,5475,539,710,0.759,OK,
2026-07-29 02:00:12,2026-07-29,02:00:12,Wednesday,2,N,20,Vidya Path: PGI Chowk ↔ Fountain Chowk,B_to_A,5474,556,710,0.783,OK,
2026-07-29 02:00:12,2026-07-29,02:00:12,Wednesday,2,N,21,Purv Marg: Tansport Chowk  ↔ Tribune Chowk,A_to_B,2620,339,411,0.825,OK,
2026-07-29 02:00:12,2026-07-29,02:00:12,Wednesday,2,N,21,Purv Marg: Tansport Chowk  ↔ Tribune Chowk,B_to_A,2763,366,470,0.779,OK,
2026-07-29 02:00:12,2026-07-29,02:00:12,Wednesday,2,N,22,Chandi Path: Sabzi Mandi Chowk  ↔ GMCH 32,A_to_B,2939,306,414,0.739,OK,
2026-07-29 02:00:13,2026-07-29,02:00:13,Wednesday,2,N,22,Chandi Path: Sabzi Mandi Chowk  ↔ GMCH 32,B_to_A,2756,298,360,0.828,OK,
2026-07-29 02:00:13,2026-07-29,02:00:13,Wednesday,2,N,23,Udyan Path: Secretariat Chowk  ↔ Furniture Chowk,A_to_B,7398,667,883,0.755,OK,
2026-07-29 02:00:13,2026-07-29,02:00:13,Wednesday,2,N,23,Udyan Path: Secretariat Chowk  ↔ Furniture Chowk,B_to_A,7219,667,830,0.804,OK,
2026-07-29 02:00:13,2026-07-29,02:00:13,Wednesday,2,N,24,Madhya Marg: Sector 17 ↔ Railway Station,A_to_B,7206,705,945,0.746,OK,
2026-07-29 02:00:14,2026-07-29,02:00:14,Wednesday,2,N,24,Madhya Marg: Sector 17 ↔ Railway Station,B_to_A,6340,725,982,0.738,OK,
2026-07-29 02:00:14,2026-07-29,02:00:14,Wednesday,2,N,25,Paschim Marg: Sector 25 ↔ Sector 56,A_to_B,4090,394,537,0.734,OK,
2026-07-29 02:00:14,2026-07-29,02:00:14,Wednesday,2,N,25,Paschim Marg: Sector 25 ↔ Sector 56,B_to_A,3940,387,493,0.785,OK,
2026-07-29 02:30:02,2026-07-29,02:30:02,Wednesday,2,N,1,Madhya Marg: PGI Chowk ↔ Housing Board lights,A_to_B,9891,1044,1340,0.779,OK,
2026-07-29 02:30:02,2026-07-29,02:30:02,Wednesday,2,N,1,Madhya Marg: PGI Chowk ↔ Housing Board lights,B_to_A,8853,961,1222,0.786,OK,
2026-07-29 02:30:02,2026-07-29,02:30:02,Wednesday,2,N,2,Udyog Path: PU Chowk ↔ Elante Mall,A_to_B,7173,788,1032,0.764,OK,
2026-07-29 02:30:03,2026-07-29,02:30:03,Wednesday,2,N,2,Udyog Path: PU Chowk ↔ Elante Mall,B_to_A,8051,754,1092,0.69,OK,
2026-07-29 02:30:03,2026-07-29,02:30:03,Wednesday,2,N,3,Dakshin Marg: Daddu Majra ↔ Hallo Majra Lights,A_to_B,8610,927,1263,0.734,OK,
2026-07-29 02:30:03,2026-07-29,02:30:03,Wednesday,2,N,3,Dakshin Marg: Daddu Majra ↔ Hallo Majra Lights,B_to_A,9077,984,1441,0.683,OK,
2026-07-29 02:30:03,2026-07-29,02:30:03,Wednesday,2,N,4,Shanti Path: Sector 38W ↔ Sector 31 Lights,A_to_B,7418,660,882,0.748,OK,
2026-07-29 02:30:04,2026-07-29,02:30:04,Wednesday,2,N,4,Shanti Path: Sector 38W ↔ Sector 31 Lights,B_to_A,7590,714,940,0.76,OK,
2026-07-29 02:30:04,2026-07-29,02:30:04,Wednesday,2,N,5,NH 5: Grain Market ↔ Sector 47 Chowk,A_to_B,7596,724,929,0.779,OK,
2026-07-29 02:30:04,2026-07-29,02:30:04,Wednesday,2,N,5,NH 5: Grain Market ↔ Sector 47 Chowk,B_to_A,7551,702,969,0.724,OK,
2026-07-29 02:30:05,2026-07-29,02:30:05,Wednesday,2,N,6,Vigyan Path: PEC Chowk ↔ Golf Club,A_to_B,4491,392,471,0.832,OK,
2026-07-29 02:30:05,2026-07-29,02:30:05,Wednesday,2,N,6,Vigyan Path: PEC Chowk ↔ Golf Club,B_to_A,4518,400,525,0.762,OK,
2026-07-29 02:30:05,2026-07-29,02:30:05,Wednesday,2,N,7,Uttar Marg: Sector 2 Chowk ↔ Sukhna Lake,A_to_B,2481,223,274,0.814,OK,
2026-07-29 02:30:05,2026-07-29,02:30:05,Wednesday,2,N,7,Uttar Marg: Sector 2 Chowk ↔ Sukhna Lake,B_to_A,3144,355,425,0.835,OK,
2026-07-29 02:30:06,2026-07-29,02:30:06,Wednesday,2,N,8,Madhya Marg: Khudda Lahora ↔ Matka Chowk,A_to_B,4208,423,599,0.706,OK,
2026-07-29 02:30:06,2026-07-29,02:30:06,Wednesday,2,N,8,Madhya Marg: Khudda Lahora ↔ Matka Chowk,B_to_A,3931,373,528,0.706,OK,
2026-07-29 02:30:06,2026-07-29,02:30:06,Wednesday,2,N,9,Madhya Marg: GMSH 16 ↔ Kalagram,A_to_B,5231,557,743,0.75,OK,
2026-07-29 02:30:06,2026-07-29,02:30:06,Wednesday,2,N,9,Madhya Marg: GMSH 16 ↔ Kalagram,B_to_A,5517,567,772,0.734,OK,
2026-07-29 02:30:07,2026-07-29,02:30:07,Wednesday,2,N,10,Udyog Path: Dhanas ↔ ISBT Sector 17,A_to_B,4785,560,735,0.762,OK,
2026-07-29 02:30:07,2026-07-29,02:30:07,Wednesday,2,N,10,Udyog Path: Dhanas ↔ ISBT Sector 17,B_to_A,5507,752,920,0.817,OK,
2026-07-29 02:30:07,2026-07-29,02:30:07,Wednesday,2,N,11,Udyog Path: ISBT Sector 17 ↔ Elante Mall,A_to_B,3274,271,385,0.704,OK,
2026-07-29 02:30:07,2026-07-29,02:30:07,Wednesday,2,N,11,Udyog Path: ISBT Sector 17 ↔ Elante Mall,B_to_A,3428,334,451,0.741,OK,
2026-07-29 02:30:08,2026-07-29,02:30:08,Wednesday,2,N,12,Dakshin Marg: DLF Mullanpur ↔ Kisan Bhawan Chowk,A_to_B,6720,651,895,0.727,OK,
2026-07-29 02:30:08,2026-07-29,02:30:08,Wednesday,2,N,12,Dakshin Marg: DLF Mullanpur ↔ Kisan Bhawan Chowk,B_to_A,7109,714,950,0.752,OK,
2026-07-29 02:30:08,2026-07-29,02:30:08,Wednesday,2,N,13,Dakshin Marg: Kisan Bhawan Chowk ↔ Airport Chowk,A_to_B,7722,819,1092,0.75,OK,
2026-07-29 02:30:09,2026-07-29,02:30:09,Wednesday,2,N,13,Dakshin Marg: Kisan Bhawan Chowk ↔ Airport Chowk,B_to_A,7967,845,1140,0.741,OK,
2026-07-29 02:30:09,2026-07-29,02:30:09,Wednesday,2,N,14,NH 5: Max Hospital ↔ ISBT Sector 43,A_to_B,4206,358,501,0.715,OK,
2026-07-29 02:30:09,2026-07-29,02:30:09,Wednesday,2,N,14,NH 5: Max Hospital ↔ ISBT Sector 43,B_to_A,5445,492,667,0.738,OK,
2026-07-29 02:30:09,2026-07-29,02:30:09,Wednesday,2,N,15,Sukhna Path: Golf Club ↔ Cycle Chowk,A_to_B,9001,860,1153,0.746,OK,
2026-07-29 02:30:10,2026-07-29,02:30:10,Wednesday,2,N,15,Sukhna Path: Golf Club ↔ Cycle Chowk,B_to_A,7321,799,1081,0.739,OK,
2026-07-29 02:30:10,2026-07-29,02:30:10,Wednesday,2,N,16,Sarovar Path: Sukhna Lake ↔ Burail Jail,A_to_B,7816,762,1067,0.714,OK,
2026-07-29 02:30:10,2026-07-29,02:30:10,Wednesday,2,N,16,Sarovar Path: Sukhna Lake ↔ Burail Jail,B_to_A,7928,811,1086,0.747,OK,
2026-07-29 02:30:10,2026-07-29,02:30:10,Wednesday,2,N,17,Himalaya Marg: Rock Garden ↔ ISBT 43,A_to_B,8803,828,1096,0.755,OK,
2026-07-29 02:30:11,2026-07-29,02:30:11,Wednesday,2,N,17,Himalaya Marg: Rock Garden ↔ ISBT 43,B_to_A,8958,821,1128,0.728,OK,
2026-07-29 02:30:11,2026-07-29,02:30:11,Wednesday,2,N,18,Jan Marg: High Court ↔ ISBT 17,A_to_B,3334,288,391,0.737,OK,
2026-07-29 02:30:11,2026-07-29,02:30:11,Wednesday,2,N,18,Jan Marg: High Court ↔ ISBT 17,B_to_A,3132,264,337,0.783,OK,
2026-07-29 02:30:11,2026-07-29,02:30:11,Wednesday,2,N,19,Jan Marg: ISBT 17 ↔ ISBT 43,A_to_B,4115,394,566,0.696,OK,
2026-07-29 02:30:12,2026-07-29,02:30:12,Wednesday,2,N,19,Jan Marg: ISBT 17 ↔ ISBT 43,B_to_A,4233,402,578,0.696,OK,
2026-07-29 02:30:12,2026-07-29,02:30:12,Wednesday,2,N,20,Vidya Path: PGI Chowk ↔ Fountain Chowk,A_to_B,5475,532,710,0.749,OK,
2026-07-29 02:30:12,2026-07-29,02:30:12,Wednesday,2,N,20,Vidya Path: PGI Chowk ↔ Fountain Chowk,B_to_A,5474,566,710,0.797,OK,
2026-07-29 02:30:12,2026-07-29,02:30:12,Wednesday,2,N,21,Purv Marg: Tansport Chowk  ↔ Tribune Chowk,A_to_B,2620,338,411,0.822,OK,
2026-07-29 02:30:13,2026-07-29,02:30:13,Wednesday,2,N,21,Purv Marg: Tansport Chowk  ↔ Tribune Chowk,B_to_A,2611,368,439,0.838,OK,
2026-07-29 02:30:13,2026-07-29,02:30:13,Wednesday,2,N,22,Chandi Path: Sabzi Mandi Chowk  ↔ GMCH 32,A_to_B,2939,306,414,0.739,OK,
2026-07-29 02:30:13,2026-07-29,02:30:13,Wednesday,2,N,22,Chandi Path: Sabzi Mandi Chowk  ↔ GMCH 32,B_to_A,2756,295,360,0.819,OK,
2026-07-29 02:30:14,2026-07-29,02:30:14,Wednesday,2,N,23,Udyan Path: Secretariat Chowk  ↔ Furniture Chowk,A_to_B,7398,676,883,0.766,OK,
2026-07-29 02:30:14,2026-07-29,02:30:14,Wednesday,2,N,23,Udyan Path: Secretariat Chowk  ↔ Furniture Chowk,B_to_A,7219,647,830,0.78,OK,
2026-07-29 02:30:14,2026-07-29,02:30:14,Wednesday,2,N,24,Madhya Marg: Sector 17 ↔ Railway Station,A_to_B,7206,711,945,0.752,OK,
2026-07-29 02:30:14,2026-07-29,02:30:14,Wednesday,2,N,24,Madhya Marg: Sector 17 ↔ Railway Station,B_to_A,6568,712,1029,0.692,OK,
2026-07-29 02:30:15,2026-07-29,02:30:15,Wednesday,2,N,25,Paschim Marg: Sector 25 ↔ Sector 56,A_to_B,4090,401,537,0.747,OK,
2026-07-29 02:30:15,2026-07-29,02:30:15,Wednesday,2,N,25,Paschim Marg: Sector 25 ↔ Sector 56,B_to_A,3940,375,493,0.761,OK,
2026-07-29 03:00:01,2026-07-29,03:00:01,Wednesday,3,N,1,Madhya Marg: PGI Chowk ↔ Housing Board lights,A_to_B,9891,1069,1340,0.798,OK,
2026-07-29 03:00:02,2026-07-29,03:00:02,Wednesday,3,N,1,Madhya Marg: PGI Chowk ↔ Housing Board lights,B_to_A,8853,949,1222,0.777,OK,
2026-07-29 03:00:02,2026-07-29,03:00:02,Wednesday,3,N,2,Udyog Path: PU Chowk ↔ Elante Mall,A_to_B,7173,778,1032,0.754,OK,
2026-07-29 03:00:02,2026-07-29,03:00:02,Wednesday,3,N,2,Udyog Path: PU Chowk ↔ Elante Mall,B_to_A,8051,727,1092,0.666,OK,
2026-07-29 03:00:03,2026-07-29,03:00:03,Wednesday,3,N,3,Dakshin Marg: Daddu Majra ↔ Hallo Majra Lights,A_to_B,8610,905,1263,0.717,OK,
2026-07-29 03:00:03,2026-07-29,03:00:03,Wednesday,3,N,3,Dakshin Marg: Daddu Majra ↔ Hallo Majra Lights,B_to_A,9077,977,1441,0.678,OK,
2026-07-29 03:00:03,2026-07-29,03:00:03,Wednesday,3,N,4,Shanti Path: Sector 38W ↔ Sector 31 Lights,A_to_B,7418,628,882,0.712,OK,
2026-07-29 03:00:03,2026-07-29,03:00:03,Wednesday,3,N,4,Shanti Path: Sector 38W ↔ Sector 31 Lights,B_to_A,7590,707,940,0.752,OK,
2026-07-29 03:00:04,2026-07-29,03:00:04,Wednesday,3,N,5,NH 5: Grain Market ↔ Sector 47 Chowk,A_to_B,7596,730,929,0.786,OK,
2026-07-29 03:00:04,2026-07-29,03:00:04,Wednesday,3,N,5,NH 5: Grain Market ↔ Sector 47 Chowk,B_to_A,7551,725,969,0.748,OK,
2026-07-29 03:00:04,2026-07-29,03:00:04,Wednesday,3,N,6,Vigyan Path: PEC Chowk ↔ Golf Club,A_to_B,4491,378,471,0.803,OK,
2026-07-29 03:00:04,2026-07-29,03:00:04,Wednesday,3,N,6,Vigyan Path: PEC Chowk ↔ Golf Club,B_to_A,4518,401,525,0.764,OK,
2026-07-29 03:00:05,2026-07-29,03:00:05,Wednesday,3,N,7,Uttar Marg: Sector 2 Chowk ↔ Sukhna Lake,A_to_B,2481,217,274,0.792,OK,
2026-07-29 03:00:05,2026-07-29,03:00:05,Wednesday,3,N,7,Uttar Marg: Sector 2 Chowk ↔ Sukhna Lake,B_to_A,3144,350,425,0.824,OK,
2026-07-29 03:00:05,2026-07-29,03:00:05,Wednesday,3,N,8,Madhya Marg: Khudda Lahora ↔ Matka Chowk,A_to_B,4208,448,599,0.748,OK,
2026-07-29 03:00:06,2026-07-29,03:00:06,Wednesday,3,N,8,Madhya Marg: Khudda Lahora ↔ Matka Chowk,B_to_A,3931,361,528,0.684,OK,
2026-07-29 03:00:06,2026-07-29,03:00:06,Wednesday,3,N,9,Madhya Marg: GMSH 16 ↔ Kalagram,A_to_B,5231,581,743,0.782,OK,
2026-07-29 03:00:06,2026-07-29,03:00:06,Wednesday,3,N,9,Madhya Marg: GMSH 16 ↔ Kalagram,B_to_A,5517,573,772,0.742,OK,
2026-07-29 03:00:06,2026-07-29,03:00:06,Wednesday,3,N,10,Udyog Path: Dhanas ↔ ISBT Sector 17,A_to_B,4785,543,735,0.739,OK,
2026-07-29 03:00:07,2026-07-29,03:00:07,Wednesday,3,N,10,Udyog Path: Dhanas ↔ ISBT Sector 17,B_to_A,5507,733,920,0.797,OK,
2026-07-29 03:00:07,2026-07-29,03:00:07,Wednesday,3,N,11,Udyog Path: ISBT Sector 17 ↔ Elante Mall,A_to_B,3274,268,385,0.696,OK,
2026-07-29 03:00:07,2026-07-29,03:00:07,Wednesday,3,N,11,Udyog Path: ISBT Sector 17 ↔ Elante Mall,B_to_A,3428,322,451,0.714,OK,
2026-07-29 03:00:07,2026-07-29,03:00:07,Wednesday,3,N,12,Dakshin Marg: DLF Mullanpur ↔ Kisan Bhawan Chowk,A_to_B,6720,632,895,0.706,OK,
2026-07-29 03:00:08,2026-07-29,03:00:08,Wednesday,3,N,12,Dakshin Marg: DLF Mullanpur ↔ Kisan Bhawan Chowk,B_to_A,7109,734,950,0.773,OK,
2026-07-29 03:00:08,2026-07-29,03:00:08,Wednesday,3,N,13,Dakshin Marg: Kisan Bhawan Chowk ↔ Airport Chowk,A_to_B,7722,809,1092,0.741,OK,
2026-07-29 03:00:08,2026-07-29,03:00:08,Wednesday,3,N,13,Dakshin Marg: Kisan Bhawan Chowk ↔ Airport Chowk,B_to_A,7967,823,1140,0.722,OK,
2026-07-29 03:00:08,2026-07-29,03:00:08,Wednesday,3,N,14,NH 5: Max Hospital ↔ ISBT Sector 43,A_to_B,4206,360,501,0.719,OK,
2026-07-29 03:00:09,2026-07-29,03:00:09,Wednesday,3,N,14,NH 5: Max Hospital ↔ ISBT Sector 43,B_to_A,5445,486,667,0.729,OK,
2026-07-29 03:00:09,2026-07-29,03:00:09,Wednesday,3,N,15,Sukhna Path: Golf Club ↔ Cycle Chowk,A_to_B,9030,848,1147,0.739,OK,
2026-07-29 03:00:09,2026-07-29,03:00:09,Wednesday,3,N,15,Sukhna Path: Golf Club ↔ Cycle Chowk,B_to_A,7321,809,1081,0.748,OK,
2026-07-29 03:00:09,2026-07-29,03:00:09,Wednesday,3,N,16,Sarovar Path: Sukhna Lake ↔ Burail Jail,A_to_B,7816,773,1067,0.724,OK,
2026-07-29 03:00:10,2026-07-29,03:00:10,Wednesday,3,N,16,Sarovar Path: Sukhna Lake ↔ Burail Jail,B_to_A,7928,819,1086,0.754,OK,
2026-07-29 03:00:10,2026-07-29,03:00:10,Wednesday,3,N,17,Himalaya Marg: Rock Garden ↔ ISBT 43,A_to_B,8803,835,1096,0.762,OK,
2026-07-29 03:00:10,2026-07-29,03:00:10,Wednesday,3,N,17,Himalaya Marg: Rock Garden ↔ ISBT 43,B_to_A,8928,828,1121,0.739,OK,
2026-07-29 03:00:11,2026-07-29,03:00:11,Wednesday,3,N,18,Jan Marg: High Court ↔ ISBT 17,A_to_B,3334,285,391,0.729,OK,
2026-07-29 03:00:11,2026-07-29,03:00:11,Wednesday,3,N,18,Jan Marg: High Court ↔ ISBT 17,B_to_A,3132,272,337,0.807,OK,
2026-07-29 03:00:11,2026-07-29,03:00:11,Wednesday,3,N,19,Jan Marg: ISBT 17 ↔ ISBT 43,A_to_B,4115,398,566,0.703,OK,
2026-07-29 03:00:11,2026-07-29,03:00:11,Wednesday,3,N,19,Jan Marg: ISBT 17 ↔ ISBT 43,B_to_A,4233,396,578,0.685,OK,
2026-07-29 03:00:12,2026-07-29,03:00:12,Wednesday,3,N,20,Vidya Path: PGI Chowk ↔ Fountain Chowk,A_to_B,5475,535,710,0.754,OK,
2026-07-29 03:00:12,2026-07-29,03:00:12,Wednesday,3,N,20,Vidya Path: PGI Chowk ↔ Fountain Chowk,B_to_A,5474,556,710,0.783,OK,
2026-07-29 03:00:12,2026-07-29,03:00:12,Wednesday,3,N,21,Purv Marg: Tansport Chowk  ↔ Tribune Chowk,A_to_B,2620,320,411,0.779,OK,
2026-07-29 03:00:12,2026-07-29,03:00:12,Wednesday,3,N,21,Purv Marg: Tansport Chowk  ↔ Tribune Chowk,B_to_A,2611,357,439,0.813,OK,
2026-07-29 03:00:13,2026-07-29,03:00:13,Wednesday,3,N,22,Chandi Path: Sabzi Mandi Chowk  ↔ GMCH 32,A_to_B,2939,300,414,0.725,OK,
2026-07-29 03:00:13,2026-07-29,03:00:13,Wednesday,3,N,22,Chandi Path: Sabzi Mandi Chowk  ↔ GMCH 32,B_to_A,2756,306,360,0.85,OK,
2026-07-29 03:00:13,2026-07-29,03:00:13,Wednesday,3,N,23,Udyan Path: Secretariat Chowk  ↔ Furniture Chowk,A_to_B,7398,662,883,0.75,OK,
2026-07-29 03:00:13,2026-07-29,03:00:13,Wednesday,3,N,23,Udyan Path: Secretariat Chowk  ↔ Furniture Chowk,B_to_A,7219,639,830,0.77,OK,
2026-07-29 03:00:14,2026-07-29,03:00:14,Wednesday,3,N,24,Madhya Marg: Sector 17 ↔ Railway Station,A_to_B,7206,720,945,0.762,OK,
2026-07-29 03:00:14,2026-07-29,03:00:14,Wednesday,3,N,24,Madhya Marg: Sector 17 ↔ Railway Station,B_to_A,6568,756,1029,0.735,OK,
2026-07-29 03:00:14,2026-07-29,03:00:14,Wednesday,3,N,25,Paschim Marg: Sector 25 ↔ Sector 56,A_to_B,4090,385,537,0.717,OK,
2026-07-29 03:00:14,2026-07-29,03:00:14,Wednesday,3,N,25,Paschim Marg: Sector 25 ↔ Sector 56,B_to_A,3940,365,493,0.74,OK,
2026-07-29 03:30:01,2026-07-29,03:30:01,Wednesday,3,N,1,Madhya Marg: PGI Chowk ↔ Housing Board lights,A_to_B,9891,1058,1340,0.79,OK,
2026-07-29 03:30:01,2026-07-29,03:30:01,Wednesday,3,N,1,Madhya Marg: PGI Chowk ↔ Housing Board lights,B_to_A,8853,960,1222,0.786,OK,
2026-07-29 03:30:02,2026-07-29,03:30:02,Wednesday,3,N,2,Udyog Path: PU Chowk ↔ Elante Mall,A_to_B,7173,729,1032,0.706,OK,
2026-07-29 03:30:02,2026-07-29,03:30:02,Wednesday,3,N,2,Udyog Path: PU Chowk ↔ Elante Mall,B_to_A,8051,724,1092,0.663,OK,
2026-07-29 03:30:02,2026-07-29,03:30:02,Wednesday,3,N,3,Dakshin Marg: Daddu Majra ↔ Hallo Majra Lights,A_to_B,8610,910,1263,0.721,OK,
2026-07-29 03:30:02,2026-07-29,03:30:02,Wednesday,3,N,3,Dakshin Marg: Daddu Majra ↔ Hallo Majra Lights,B_to_A,9077,985,1441,0.684,OK,
2026-07-29 03:30:03,2026-07-29,03:30:03,Wednesday,3,N,4,Shanti Path: Sector 38W ↔ Sector 31 Lights,A_to_B,7418,631,882,0.715,OK,
2026-07-29 03:30:03,2026-07-29,03:30:03,Wednesday,3,N,4,Shanti Path: Sector 38W ↔ Sector 31 Lights,B_to_A,7590,703,940,0.748,OK,
2026-07-29 03:30:03,2026-07-29,03:30:03,Wednesday,3,N,5,NH 5: Grain Market ↔ Sector 47 Chowk,A_to_B,7596,738,929,0.794,OK,
2026-07-29 03:30:04,2026-07-29,03:30:04,Wednesday,3,N,5,NH 5: Grain Market ↔ Sector 47 Chowk,B_to_A,7551,711,969,0.734,OK,
2026-07-29 03:30:04,2026-07-29,03:30:04,Wednesday,3,N,6,Vigyan Path: PEC Chowk ↔ Golf Club,A_to_B,4491,375,471,0.796,OK,
2026-07-29 03:30:04,2026-07-29,03:30:04,Wednesday,3,N,6,Vigyan Path: PEC Chowk ↔ Golf Club,B_to_A,4518,402,525,0.766,OK,
2026-07-29 03:30:04,2026-07-29,03:30:04,Wednesday,3,N,7,Uttar Marg: Sector 2 Chowk ↔ Sukhna Lake,A_to_B,2481,220,274,0.803,OK,
2026-07-29 03:30:05,2026-07-29,03:30:05,Wednesday,3,N,7,Uttar Marg: Sector 2 Chowk ↔ Sukhna Lake,B_to_A,3144,343,425,0.807,OK,
2026-07-29 03:30:05,2026-07-29,03:30:05,Wednesday,3,N,8,Madhya Marg: Khudda Lahora ↔ Matka Chowk,A_to_B,4208,456,599,0.761,OK,
2026-07-29 03:30:05,2026-07-29,03:30:05,Wednesday,3,N,8,Madhya Marg: Khudda Lahora ↔ Matka Chowk,B_to_A,3931,376,528,0.712,OK,
2026-07-29 03:30:05,2026-07-29,03:30:05,Wednesday,3,N,9,Madhya Marg: GMSH 16 ↔ Kalagram,A_to_B,5231,547,743,0.736,OK,
2026-07-29 03:30:06,2026-07-29,03:30:06,Wednesday,3,N,9,Madhya Marg: GMSH 16 ↔ Kalagram,B_to_A,5517,576,772,0.746,OK,
2026-07-29 03:30:06,2026-07-29,03:30:06,Wednesday,3,N,10,Udyog Path: Dhanas ↔ ISBT Sector 17,A_to_B,4785,555,735,0.755,OK,
2026-07-29 03:30:06,2026-07-29,03:30:06,Wednesday,3,N,10,Udyog Path: Dhanas ↔ ISBT Sector 17,B_to_A,5507,689,920,0.749,OK,
2026-07-29 03:30:07,2026-07-29,03:30:07,Wednesday,3,N,11,Udyog Path: ISBT Sector 17 ↔ Elante Mall,A_to_B,3274,263,385,0.683,OK,
2026-07-29 03:30:07,2026-07-29,03:30:07,Wednesday,3,N,11,Udyog Path: ISBT Sector 17 ↔ Elante Mall,B_to_A,3428,334,451,0.741,OK,
2026-07-29 03:30:07,2026-07-29,03:30:07,Wednesday,3,N,12,Dakshin Marg: DLF Mullanpur ↔ Kisan Bhawan Chowk,A_to_B,6720,639,895,0.714,OK,
2026-07-29 03:30:07,2026-07-29,03:30:07,Wednesday,3,N,12,Dakshin Marg: DLF Mullanpur ↔ Kisan Bhawan Chowk,B_to_A,7109,730,950,0.768,OK,
2026-07-29 03:30:08,2026-07-29,03:30:08,Wednesday,3,N,13,Dakshin Marg: Kisan Bhawan Chowk ↔ Airport Chowk,A_to_B,7722,806,1092,0.738,OK,
2026-07-29 03:30:08,2026-07-29,03:30:08,Wednesday,3,N,13,Dakshin Marg: Kisan Bhawan Chowk ↔ Airport Chowk,B_to_A,7967,812,1140,0.712,OK,
2026-07-29 03:30:08,2026-07-29,03:30:08,Wednesday,3,N,14,NH 5: Max Hospital ↔ ISBT Sector 43,A_to_B,4206,375,501,0.749,OK,
2026-07-29 03:30:08,2026-07-29,03:30:08,Wednesday,3,N,14,NH 5: Max Hospital ↔ ISBT Sector 43,B_to_A,5445,489,667,0.733,OK,
2026-07-29 03:30:09,2026-07-29,03:30:09,Wednesday,3,N,15,Sukhna Path: Golf Club ↔ Cycle Chowk,A_to_B,9001,833,1153,0.722,OK,
2026-07-29 03:30:09,2026-07-29,03:30:09,Wednesday,3,N,15,Sukhna Path: Golf Club ↔ Cycle Chowk,B_to_A,7321,790,1081,0.731,OK,
2026-07-29 03:30:09,2026-07-29,03:30:09,Wednesday,3,N,16,Sarovar Path: Sukhna Lake ↔ Burail Jail,A_to_B,7816,735,1067,0.689,OK,
2026-07-29 03:30:10,2026-07-29,03:30:10,Wednesday,3,N,16,Sarovar Path: Sukhna Lake ↔ Burail Jail,B_to_A,7928,809,1086,0.745,OK,
2026-07-29 03:30:10,2026-07-29,03:30:10,Wednesday,3,N,17,Himalaya Marg: Rock Garden ↔ ISBT 43,A_to_B,8803,849,1096,0.775,OK,
2026-07-29 03:30:10,2026-07-29,03:30:10,Wednesday,3,N,17,Himalaya Marg: Rock Garden ↔ ISBT 43,B_to_A,8928,814,1121,0.726,OK,
2026-07-29 03:30:10,2026-07-29,03:30:10,Wednesday,3,N,18,Jan Marg: High Court ↔ ISBT 17,A_to_B,3334,285,391,0.729,OK,
2026-07-29 03:30:11,2026-07-29,03:30:11,Wednesday,3,N,18,Jan Marg: High Court ↔ ISBT 17,B_to_A,3132,270,337,0.801,OK,
2026-07-29 03:30:11,2026-07-29,03:30:11,Wednesday,3,N,19,Jan Marg: ISBT 17 ↔ ISBT 43,A_to_B,4115,398,566,0.703,OK,
2026-07-29 03:30:11,2026-07-29,03:30:11,Wednesday,3,N,19,Jan Marg: ISBT 17 ↔ ISBT 43,B_to_A,4233,389,578,0.673,OK,
2026-07-29 03:30:11,2026-07-29,03:30:11,Wednesday,3,N,20,Vidya Path: PGI Chowk ↔ Fountain Chowk,A_to_B,5475,523,710,0.737,OK,
2026-07-29 03:30:12,2026-07-29,03:30:12,Wednesday,3,N,20,Vidya Path: PGI Chowk ↔ Fountain Chowk,B_to_A,5474,542,710,0.763,OK,
2026-07-29 03:30:12,2026-07-29,03:30:12,Wednesday,3,N,21,Purv Marg: Tansport Chowk  ↔ Tribune Chowk,A_to_B,2620,334,411,0.813,OK,
2026-07-29 03:30:12,2026-07-29,03:30:12,Wednesday,3,N,21,Purv Marg: Tansport Chowk  ↔ Tribune Chowk,B_to_A,2611,378,439,0.861,OK,
2026-07-29 03:30:13,2026-07-29,03:30:13,Wednesday,3,N,22,Chandi Path: Sabzi Mandi Chowk  ↔ GMCH 32,A_to_B,2939,303,414,0.732,OK,
2026-07-29 03:30:13,2026-07-29,03:30:13,Wednesday,3,N,22,Chandi Path: Sabzi Mandi Chowk  ↔ GMCH 32,B_to_A,2756,300,360,0.833,OK,
2026-07-29 03:30:13,2026-07-29,03:30:13,Wednesday,3,N,23,Udyan Path: Secretariat Chowk  ↔ Furniture Chowk,A_to_B,7398,645,883,0.73,OK,
2026-07-29 03:30:13,2026-07-29,03:30:13,Wednesday,3,N,23,Udyan Path: Secretariat Chowk  ↔ Furniture Chowk,B_to_A,7219,636,830,0.766,OK,
2026-07-29 03:30:14,2026-07-29,03:30:14,Wednesday,3,N,24,Madhya Marg: Sector 17 ↔ Railway Station,A_to_B,7206,721,945,0.763,OK,
2026-07-29 03:30:14,2026-07-29,03:30:14,Wednesday,3,N,24,Madhya Marg: Sector 17 ↔ Railway Station,B_to_A,6340,743,982,0.757,OK,
2026-07-29 03:30:14,2026-07-29,03:30:14,Wednesday,3,N,25,Paschim Marg: Sector 25 ↔ Sector 56,A_to_B,4090,389,537,0.724,OK,
2026-07-29 03:30:14,2026-07-29,03:30:14,Wednesday,3,N,25,Paschim Marg: Sector 25 ↔ Sector 56,B_to_A,3940,367,493,0.744,OK,
2026-07-29 04:00:01,2026-07-29,04:00:01,Wednesday,4,N,1,Madhya Marg: PGI Chowk ↔ Housing Board lights,A_to_B,11756,1111,1347,0.825,OK,
2026-07-29 04:00:01,2026-07-29,04:00:01,Wednesday,4,N,1,Madhya Marg: PGI Chowk ↔ Housing Board lights,B_to_A,8853,974,1222,0.797,OK,
2026-07-29 04:00:02,2026-07-29,04:00:02,Wednesday,4,N,2,Udyog Path: PU Chowk ↔ Elante Mall,A_to_B,7173,734,1032,0.711,OK,
2026-07-29 04:00:02,2026-07-29,04:00:02,Wednesday,4,N,2,Udyog Path: PU Chowk ↔ Elante Mall,B_to_A,8051,712,1092,0.652,OK,
2026-07-29 04:00:02,2026-07-29,04:00:02,Wednesday,4,N,3,Dakshin Marg: Daddu Majra ↔ Hallo Majra Lights,A_to_B,8610,908,1263,0.719,OK,
2026-07-29 04:00:03,2026-07-29,04:00:03,Wednesday,4,N,3,Dakshin Marg: Daddu Majra ↔ Hallo Majra Lights,B_to_A,9077,1007,1441,0.699,OK,
2026-07-29 04:00:03,2026-07-29,04:00:03,Wednesday,4,N,4,Shanti Path: Sector 38W ↔ Sector 31 Lights,A_to_B,7418,634,882,0.719,OK,
2026-07-29 04:00:03,2026-07-29,04:00:03,Wednesday,4,N,4,Shanti Path: Sector 38W ↔ Sector 31 Lights,B_to_A,7590,697,940,0.741,OK,
2026-07-29 04:00:03,2026-07-29,04:00:03,Wednesday,4,N,5,NH 5: Grain Market ↔ Sector 47 Chowk,A_to_B,7596,729,929,0.785,OK,
2026-07-29 04:00:04,2026-07-29,04:00:04,Wednesday,4,N,5,NH 5: Grain Market ↔ Sector 47 Chowk,B_to_A,7551,698,969,0.72,OK,
2026-07-29 04:00:04,2026-07-29,04:00:04,Wednesday,4,N,6,Vigyan Path: PEC Chowk ↔ Golf Club,A_to_B,4491,381,471,0.809,OK,
2026-07-29 04:00:04,2026-07-29,04:00:04,Wednesday,4,N,6,Vigyan Path: PEC Chowk ↔ Golf Club,B_to_A,4518,391,525,0.745,OK,
2026-07-29 04:00:04,2026-07-29,04:00:04,Wednesday,4,N,7,Uttar Marg: Sector 2 Chowk ↔ Sukhna Lake,A_to_B,2481,225,274,0.821,OK,
2026-07-29 04:00:05,2026-07-29,04:00:05,Wednesday,4,N,7,Uttar Marg: Sector 2 Chowk ↔ Sukhna Lake,B_to_A,3144,352,425,0.828,OK,
2026-07-29 04:00:05,2026-07-29,04:00:05,Wednesday,4,N,8,Madhya Marg: Khudda Lahora ↔ Matka Chowk,A_to_B,4208,448,599,0.748,OK,
2026-07-29 04:00:05,2026-07-29,04:00:05,Wednesday,4,N,8,Madhya Marg: Khudda Lahora ↔ Matka Chowk,B_to_A,3931,382,528,0.723,OK,
2026-07-29 04:00:06,2026-07-29,04:00:06,Wednesday,4,N,9,Madhya Marg: GMSH 16 ↔ Kalagram,A_to_B,5231,585,743,0.787,OK,
2026-07-29 04:00:06,2026-07-29,04:00:06,Wednesday,4,N,9,Madhya Marg: GMSH 16 ↔ Kalagram,B_to_A,5517,569,772,0.737,OK,
2026-07-29 04:00:06,2026-07-29,04:00:06,Wednesday,4,N,10,Udyog Path: Dhanas ↔ ISBT Sector 17,A_to_B,4785,547,735,0.744,OK,
2026-07-29 04:00:06,2026-07-29,04:00:06,Wednesday,4,N,10,Udyog Path: Dhanas ↔ ISBT Sector 17,B_to_A,5507,695,920,0.755,OK,
2026-07-29 04:00:07,2026-07-29,04:00:07,Wednesday,4,N,11,Udyog Path: ISBT Sector 17 ↔ Elante Mall,A_to_B,3274,260,385,0.675,OK,
2026-07-29 04:00:07,2026-07-29,04:00:07,Wednesday,4,N,11,Udyog Path: ISBT Sector 17 ↔ Elante Mall,B_to_A,3428,318,451,0.705,OK,
2026-07-29 04:00:07,2026-07-29,04:00:07,Wednesday,4,N,12,Dakshin Marg: DLF Mullanpur ↔ Kisan Bhawan Chowk,A_to_B,6720,635,895,0.709,OK,
2026-07-29 04:00:07,2026-07-29,04:00:07,Wednesday,4,N,12,Dakshin Marg: DLF Mullanpur ↔ Kisan Bhawan Chowk,B_to_A,7109,711,950,0.748,OK,
2026-07-29 04:00:08,2026-07-29,04:00:08,Wednesday,4,N,13,Dakshin Marg: Kisan Bhawan Chowk ↔ Airport Chowk,A_to_B,7722,819,1092,0.75,OK,
2026-07-29 04:00:08,2026-07-29,04:00:08,Wednesday,4,N,13,Dakshin Marg: Kisan Bhawan Chowk ↔ Airport Chowk,B_to_A,7967,837,1140,0.734,OK,
2026-07-29 04:00:08,2026-07-29,04:00:08,Wednesday,4,N,14,NH 5: Max Hospital ↔ ISBT Sector 43,A_to_B,4206,356,501,0.711,OK,
2026-07-29 04:00:08,2026-07-29,04:00:08,Wednesday,4,N,14,NH 5: Max Hospital ↔ ISBT Sector 43,B_to_A,5445,483,667,0.724,OK,
2026-07-29 04:00:09,2026-07-29,04:00:09,Wednesday,4,N,15,Sukhna Path: Golf Club ↔ Cycle Chowk,A_to_B,9001,822,1153,0.713,OK,
2026-07-29 04:00:09,2026-07-29,04:00:09,Wednesday,4,N,15,Sukhna Path: Golf Club ↔ Cycle Chowk,B_to_A,7321,776,1081,0.718,OK,
2026-07-29 04:00:09,2026-07-29,04:00:09,Wednesday,4,N,16,Sarovar Path: Sukhna Lake ↔ Burail Jail,A_to_B,7816,753,1067,0.706,OK,
2026-07-29 04:00:10,2026-07-29,04:00:10,Wednesday,4,N,16,Sarovar Path: Sukhna Lake ↔ Burail Jail,B_to_A,7928,807,1086,0.743,OK,
2026-07-29 04:00:10,2026-07-29,04:00:10,Wednesday,4,N,17,Himalaya Marg: Rock Garden ↔ ISBT 43,A_to_B,8803,829,1096,0.756,OK,
2026-07-29 04:00:10,2026-07-29,04:00:10,Wednesday,4,N,17,Himalaya Marg: Rock Garden ↔ ISBT 43,B_to_A,8928,817,1121,0.729,OK,
2026-07-29 04:00:10,2026-07-29,04:00:10,Wednesday,4,N,18,Jan Marg: High Court ↔ ISBT 17,A_to_B,3334,287,391,0.734,OK,
2026-07-29 04:00:11,2026-07-29,04:00:11,Wednesday,4,N,18,Jan Marg: High Court ↔ ISBT 17,B_to_A,3132,271,337,0.804,OK,
2026-07-29 04:00:11,2026-07-29,04:00:11,Wednesday,4,N,19,Jan Marg: ISBT 17 ↔ ISBT 43,A_to_B,4115,393,566,0.694,OK,
2026-07-29 04:00:11,2026-07-29,04:00:11,Wednesday,4,N,19,Jan Marg: ISBT 17 ↔ ISBT 43,B_to_A,4233,402,578,0.696,OK,
2026-07-29 04:00:11,2026-07-29,04:00:11,Wednesday,4,N,20,Vidya Path: PGI Chowk ↔ Fountain Chowk,A_to_B,5475,515,710,0.725,OK,
2026-07-29 04:00:12,2026-07-29,04:00:12,Wednesday,4,N,20,Vidya Path: PGI Chowk ↔ Fountain Chowk,B_to_A,5474,524,710,0.738,OK,
2026-07-29 04:00:12,2026-07-29,04:00:12,Wednesday,4,N,21,Purv Marg: Tansport Chowk  ↔ Tribune Chowk,A_to_B,2620,334,411,0.813,OK,
2026-07-29 04:00:12,2026-07-29,04:00:12,Wednesday,4,N,21,Purv Marg: Tansport Chowk  ↔ Tribune Chowk,B_to_A,2611,380,439,0.866,OK,
2026-07-29 04:00:12,2026-07-29,04:00:12,Wednesday,4,N,22,Chandi Path: Sabzi Mandi Chowk  ↔ GMCH 32,A_to_B,2939,290,414,0.7,OK,
2026-07-29 04:00:13,2026-07-29,04:00:13,Wednesday,4,N,22,Chandi Path: Sabzi Mandi Chowk  ↔ GMCH 32,B_to_A,2756,292,360,0.811,OK,
2026-07-29 04:00:13,2026-07-29,04:00:13,Wednesday,4,N,23,Udyan Path: Secretariat Chowk  ↔ Furniture Chowk,A_to_B,7398,636,883,0.72,OK,
2026-07-29 04:00:13,2026-07-29,04:00:13,Wednesday,4,N,23,Udyan Path: Secretariat Chowk  ↔ Furniture Chowk,B_to_A,7219,622,830,0.749,OK,
2026-07-29 04:00:14,2026-07-29,04:00:14,Wednesday,4,N,24,Madhya Marg: Sector 17 ↔ Railway Station,A_to_B,7206,715,945,0.757,OK,
2026-07-29 04:00:14,2026-07-29,04:00:14,Wednesday,4,N,24,Madhya Marg: Sector 17 ↔ Railway Station,B_to_A,6340,763,982,0.777,OK,
2026-07-29 04:00:14,2026-07-29,04:00:14,Wednesday,4,N,25,Paschim Marg: Sector 25 ↔ Sector 56,A_to_B,4090,383,537,0.713,OK,
2026-07-29 04:00:14,2026-07-29,04:00:14,Wednesday,4,N,25,Paschim Marg: Sector 25 ↔ Sector 56,B_to_A,3940,374,493,0.759,OK,
2026-07-29 04:30:02,2026-07-29,04:30:02,Wednesday,4,N,1,Madhya Marg: PGI Chowk ↔ Housing Board lights,A_to_B,9891,1064,1340,0.794,OK,
2026-07-29 04:30:02,2026-07-29,04:30:02,Wednesday,4,N,1,Madhya Marg: PGI Chowk ↔ Housing Board lights,B_to_A,8853,979,1222,0.801,OK,
2026-07-29 04:30:02,2026-07-29,04:30:02,Wednesday,4,N,2,Udyog Path: PU Chowk ↔ Elante Mall,A_to_B,7173,714,1032,0.692,OK,
2026-07-29 04:30:03,2026-07-29,04:30:03,Wednesday,4,N,2,Udyog Path: PU Chowk ↔ Elante Mall,B_to_A,8051,722,1092,0.661,OK,
2026-07-29 04:30:03,2026-07-29,04:30:03,Wednesday,4,N,3,Dakshin Marg: Daddu Majra ↔ Hallo Majra Lights,A_to_B,8610,904,1263,0.716,OK,
2026-07-29 04:30:03,2026-07-29,04:30:03,Wednesday,4,N,3,Dakshin Marg: Daddu Majra ↔ Hallo Majra Lights,B_to_A,9077,996,1441,0.691,OK,
2026-07-29 04:30:04,2026-07-29,04:30:04,Wednesday,4,N,4,Shanti Path: Sector 38W ↔ Sector 31 Lights,A_to_B,7418,617,882,0.7,OK,
2026-07-29 04:30:04,2026-07-29,04:30:04,Wednesday,4,N,4,Shanti Path: Sector 38W ↔ Sector 31 Lights,B_to_A,7590,706,940,0.751,OK,
2026-07-29 04:30:04,2026-07-29,04:30:04,Wednesday,4,N,5,NH 5: Grain Market ↔ Sector 47 Chowk,A_to_B,7596,729,929,0.785,OK,
2026-07-29 04:30:04,2026-07-29,04:30:04,Wednesday,4,N,5,NH 5: Grain Market ↔ Sector 47 Chowk,B_to_A,7551,718,969,0.741,OK,
2026-07-29 04:30:05,2026-07-29,04:30:05,Wednesday,4,N,6,Vigyan Path: PEC Chowk ↔ Golf Club,A_to_B,4491,368,471,0.781,OK,
2026-07-29 04:30:05,2026-07-29,04:30:05,Wednesday,4,N,6,Vigyan Path: PEC Chowk ↔ Golf Club,B_to_A,4518,401,525,0.764,OK,
2026-07-29 04:30:05,2026-07-29,04:30:05,Wednesday,4,N,7,Uttar Marg: Sector 2 Chowk ↔ Sukhna Lake,A_to_B,2481,218,274,0.796,OK,
2026-07-29 04:30:05,2026-07-29,04:30:05,Wednesday,4,N,7,Uttar Marg: Sector 2 Chowk ↔ Sukhna Lake,B_to_A,3144,346,425,0.814,OK,
2026-07-29 04:30:06,2026-07-29,04:30:06,Wednesday,4,N,8,Madhya Marg: Khudda Lahora ↔ Matka Chowk,A_to_B,4208,448,599,0.748,OK,
2026-07-29 04:30:06,2026-07-29,04:30:06,Wednesday,4,N,8,Madhya Marg: Khudda Lahora ↔ Matka Chowk,B_to_A,3931,376,528,0.712,OK,
2026-07-29 04:30:06,2026-07-29,04:30:06,Wednesday,4,N,9,Madhya Marg: GMSH 16 ↔ Kalagram,A_to_B,5231,557,743,0.75,OK,
2026-07-29 04:30:07,2026-07-29,04:30:07,Wednesday,4,N,9,Madhya Marg: GMSH 16 ↔ Kalagram,B_to_A,5517,590,772,0.764,OK,
2026-07-29 04:30:07,2026-07-29,04:30:07,Wednesday,4,N,10,Udyog Path: Dhanas ↔ ISBT Sector 17,A_to_B,4785,533,735,0.725,OK,
2026-07-29 04:30:07,2026-07-29,04:30:07,Wednesday,4,N,10,Udyog Path: Dhanas ↔ ISBT Sector 17,B_to_A,5507,742,920,0.807,OK,
2026-07-29 04:30:07,2026-07-29,04:30:07,Wednesday,4,N,11,Udyog Path: ISBT Sector 17 ↔ Elante Mall,A_to_B,3274,255,385,0.662,OK,
2026-07-29 04:30:08,2026-07-29,04:30:08,Wednesday,4,N,11,Udyog Path: ISBT Sector 17 ↔ Elante Mall,B_to_A,3428,338,451,0.749,OK,
2026-07-29 04:30:08,2026-07-29,04:30:08,Wednesday,4,N,12,Dakshin Marg: DLF Mullanpur ↔ Kisan Bhawan Chowk,A_to_B,6720,639,895,0.714,OK,
2026-07-29 04:30:08,2026-07-29,04:30:08,Wednesday,4,N,12,Dakshin Marg: DLF Mullanpur ↔ Kisan Bhawan Chowk,B_to_A,7109,710,950,0.747,OK,
2026-07-29 04:30:08,2026-07-29,04:30:08,Wednesday,4,N,13,Dakshin Marg: Kisan Bhawan Chowk ↔ Airport Chowk,A_to_B,7722,807,1092,0.739,OK,
2026-07-29 04:30:09,2026-07-29,04:30:09,Wednesday,4,N,13,Dakshin Marg: Kisan Bhawan Chowk ↔ Airport Chowk,B_to_A,7967,843,1140,0.739,OK,
2026-07-29 04:30:09,2026-07-29,04:30:09,Wednesday,4,N,14,NH 5: Max Hospital ↔ ISBT Sector 43,A_to_B,4206,350,501,0.699,OK,
2026-07-29 04:30:09,2026-07-29,04:30:09,Wednesday,4,N,14,NH 5: Max Hospital ↔ ISBT Sector 43,B_to_A,5445,489,667,0.733,OK,
2026-07-29 04:30:09,2026-07-29,04:30:09,Wednesday,4,N,15,Sukhna Path: Golf Club ↔ Cycle Chowk,A_to_B,9030,799,1147,0.697,OK,
2026-07-29 04:30:10,2026-07-29,04:30:10,Wednesday,4,N,15,Sukhna Path: Golf Club ↔ Cycle Chowk,B_to_A,7321,784,1081,0.725,OK,
2026-07-29 04:30:10,2026-07-29,04:30:10,Wednesday,4,N,16,Sarovar Path: Sukhna Lake ↔ Burail Jail,A_to_B,7816,744,1067,0.697,OK,
2026-07-29 04:30:10,2026-07-29,04:30:10,Wednesday,4,N,16,Sarovar Path: Sukhna Lake ↔ Burail Jail,B_to_A,7928,792,1086,0.729,OK,
2026-07-29 04:30:11,2026-07-29,04:30:11,Wednesday,4,N,17,Himalaya Marg: Rock Garden ↔ ISBT 43,A_to_B,8803,829,1096,0.756,OK,
2026-07-29 04:30:11,2026-07-29,04:30:11,Wednesday,4,N,17,Himalaya Marg: Rock Garden ↔ ISBT 43,B_to_A,8928,822,1121,0.733,OK,
2026-07-29 04:30:11,2026-07-29,04:30:11,Wednesday,4,N,18,Jan Marg: High Court ↔ ISBT 17,A_to_B,3334,287,391,0.734,OK,
2026-07-29 04:30:11,2026-07-29,04:30:11,Wednesday,4,N,18,Jan Marg: High Court ↔ ISBT 17,B_to_A,3132,267,337,0.792,OK,
2026-07-29 04:30:12,2026-07-29,04:30:12,Wednesday,4,N,19,Jan Marg: ISBT 17 ↔ ISBT 43,A_to_B,4115,397,566,0.701,OK,
2026-07-29 04:30:12,2026-07-29,04:30:12,Wednesday,4,N,19,Jan Marg: ISBT 17 ↔ ISBT 43,B_to_A,4233,407,578,0.704,OK,
2026-07-29 04:30:12,2026-07-29,04:30:12,Wednesday,4,N,20,Vidya Path: PGI Chowk ↔ Fountain Chowk,A_to_B,5475,518,710,0.73,OK,
2026-07-29 04:30:12,2026-07-29,04:30:12,Wednesday,4,N,20,Vidya Path: PGI Chowk ↔ Fountain Chowk,B_to_A,5474,548,710,0.772,OK,
2026-07-29 04:30:13,2026-07-29,04:30:13,Wednesday,4,N,21,Purv Marg: Tansport Chowk  ↔ Tribune Chowk,A_to_B,2620,333,411,0.81,OK,
2026-07-29 04:30:13,2026-07-29,04:30:13,Wednesday,4,N,21,Purv Marg: Tansport Chowk  ↔ Tribune Chowk,B_to_A,2763,369,470,0.785,OK,
2026-07-29 04:30:13,2026-07-29,04:30:13,Wednesday,4,N,22,Chandi Path: Sabzi Mandi Chowk  ↔ GMCH 32,A_to_B,2939,299,414,0.722,OK,
2026-07-29 04:30:13,2026-07-29,04:30:13,Wednesday,4,N,22,Chandi Path: Sabzi Mandi Chowk  ↔ GMCH 32,B_to_A,2756,288,360,0.8,OK,
2026-07-29 04:30:14,2026-07-29,04:30:14,Wednesday,4,N,23,Udyan Path: Secretariat Chowk  ↔ Furniture Chowk,A_to_B,7398,652,883,0.738,OK,
2026-07-29 04:30:14,2026-07-29,04:30:14,Wednesday,4,N,23,Udyan Path: Secretariat Chowk  ↔ Furniture Chowk,B_to_A,7219,635,830,0.765,OK,
2026-07-29 04:30:14,2026-07-29,04:30:14,Wednesday,4,N,24,Madhya Marg: Sector 17 ↔ Railway Station,A_to_B,7206,733,945,0.776,OK,
2026-07-29 04:30:15,2026-07-29,04:30:15,Wednesday,4,N,24,Madhya Marg: Sector 17 ↔ Railway Station,B_to_A,6568,722,1029,0.702,OK,
2026-07-29 04:30:15,2026-07-29,04:30:15,Wednesday,4,N,25,Paschim Marg: Sector 25 ↔ Sector 56,A_to_B,4090,390,537,0.726,OK,
2026-07-29 04:30:15,2026-07-29,04:30:15,Wednesday,4,N,25,Paschim Marg: Sector 25 ↔ Sector 56,B_to_A,3940,368,493,0.746,OK,
2026-07-29 05:00:02,2026-07-29,05:00:02,Wednesday,5,N,1,Madhya Marg: PGI Chowk ↔ Housing Board lights,A_to_B,9891,1060,1340,0.791,OK,
2026-07-29 05:00:02,2026-07-29,05:00:02,Wednesday,5,N,1,Madhya Marg: PGI Chowk ↔ Housing Board lights,B_to_A,8853,982,1222,0.804,OK,
2026-07-29 05:00:02,2026-07-29,05:00:02,Wednesday,5,N,2,Udyog Path: PU Chowk ↔ Elante Mall,A_to_B,7173,712,1032,0.69,OK,
2026-07-29 05:00:02,2026-07-29,05:00:02,Wednesday,5,N,2,Udyog Path: PU Chowk ↔ Elante Mall,B_to_A,8051,708,1092,0.648,OK,
2026-07-29 05:00:03,2026-07-29,05:00:03,Wednesday,5,N,3,Dakshin Marg: Daddu Majra ↔ Hallo Majra Lights,A_to_B,8610,910,1263,0.721,OK,
2026-07-29 05:00:03,2026-07-29,05:00:03,Wednesday,5,N,3,Dakshin Marg: Daddu Majra ↔ Hallo Majra Lights,B_to_A,9077,992,1441,0.688,OK,
2026-07-29 05:00:03,2026-07-29,05:00:03,Wednesday,5,N,4,Shanti Path: Sector 38W ↔ Sector 31 Lights,A_to_B,7418,645,882,0.731,OK,
2026-07-29 05:00:03,2026-07-29,05:00:03,Wednesday,5,N,4,Shanti Path: Sector 38W ↔ Sector 31 Lights,B_to_A,7590,718,940,0.764,OK,
2026-07-29 05:00:04,2026-07-29,05:00:04,Wednesday,5,N,5,NH 5: Grain Market ↔ Sector 47 Chowk,A_to_B,7596,722,929,0.777,OK,
2026-07-29 05:00:04,2026-07-29,05:00:04,Wednesday,5,N,5,NH 5: Grain Market ↔ Sector 47 Chowk,B_to_A,7551,712,969,0.735,OK,
2026-07-29 05:00:04,2026-07-29,05:00:04,Wednesday,5,N,6,Vigyan Path: PEC Chowk ↔ Golf Club,A_to_B,4491,372,471,0.79,OK,
2026-07-29 05:00:05,2026-07-29,05:00:05,Wednesday,5,N,6,Vigyan Path: PEC Chowk ↔ Golf Club,B_to_A,4518,399,525,0.76,OK,
2026-07-29 05:00:05,2026-07-29,05:00:05,Wednesday,5,N,7,Uttar Marg: Sector 2 Chowk ↔ Sukhna Lake,A_to_B,2481,218,274,0.796,OK,
2026-07-29 05:00:05,2026-07-29,05:00:05,Wednesday,5,N,7,Uttar Marg: Sector 2 Chowk ↔ Sukhna Lake,B_to_A,3144,359,425,0.845,OK,
2026-07-29 05:00:05,2026-07-29,05:00:05,Wednesday,5,N,8,Madhya Marg: Khudda Lahora ↔ Matka Chowk,A_to_B,4208,442,599,0.738,OK,
2026-07-29 05:00:06,2026-07-29,05:00:06,Wednesday,5,N,8,Madhya Marg: Khudda Lahora ↔ Matka Chowk,B_to_A,3931,397,528,0.752,OK,
2026-07-29 05:00:06,2026-07-29,05:00:06,Wednesday,5,N,9,Madhya Marg: GMSH 16 ↔ Kalagram,A_to_B,5231,549,743,0.739,OK,
2026-07-29 05:00:06,2026-07-29,05:00:06,Wednesday,5,N,9,Madhya Marg: GMSH 16 ↔ Kalagram,B_to_A,5517,587,772,0.76,OK,
2026-07-29 05:00:06,2026-07-29,05:00:06,Wednesday,5,N,10,Udyog Path: Dhanas ↔ ISBT Sector 17,A_to_B,4785,538,735,0.732,OK,
2026-07-29 05:00:07,2026-07-29,05:00:07,Wednesday,5,N,10,Udyog Path: Dhanas ↔ ISBT Sector 17,B_to_A,5507,701,920,0.762,OK,
2026-07-29 05:00:07,2026-07-29,05:00:07,Wednesday,5,N,11,Udyog Path: ISBT Sector 17 ↔ Elante Mall,A_to_B,3274,253,385,0.657,OK,
2026-07-29 05:00:07,2026-07-29,05:00:07,Wednesday,5,N,11,Udyog Path: ISBT Sector 17 ↔ Elante Mall,B_to_A,3428,337,451,0.747,OK,
2026-07-29 05:00:07,2026-07-29,05:00:07,Wednesday,5,N,12,Dakshin Marg: DLF Mullanpur ↔ Kisan Bhawan Chowk,A_to_B,6720,633,895,0.707,OK,
2026-07-29 05:00:08,2026-07-29,05:00:08,Wednesday,5,N,12,Dakshin Marg: DLF Mullanpur ↔ Kisan Bhawan Chowk,B_to_A,7109,697,950,0.734,OK,
2026-07-29 05:00:08,2026-07-29,05:00:08,Wednesday,5,N,13,Dakshin Marg: Kisan Bhawan Chowk ↔ Airport Chowk,A_to_B,7722,813,1092,0.745,OK,
2026-07-29 05:00:08,2026-07-29,05:00:08,Wednesday,5,N,13,Dakshin Marg: Kisan Bhawan Chowk ↔ Airport Chowk,B_to_A,7967,836,1140,0.733,OK,
2026-07-29 05:00:09,2026-07-29,05:00:09,Wednesday,5,N,14,NH 5: Max Hospital ↔ ISBT Sector 43,A_to_B,4206,355,501,0.709,OK,
2026-07-29 05:00:09,2026-07-29,05:00:09,Wednesday,5,N,14,NH 5: Max Hospital ↔ ISBT Sector 43,B_to_A,5445,481,667,0.721,OK,
2026-07-29 05:00:09,2026-07-29,05:00:09,Wednesday,5,N,15,Sukhna Path: Golf Club ↔ Cycle Chowk,A_to_B,9030,826,1147,0.72,OK,
2026-07-29 05:00:09,2026-07-29,05:00:09,Wednesday,5,N,15,Sukhna Path: Golf Club ↔ Cycle Chowk,B_to_A,7321,789,1081,0.73,OK,
2026-07-29 05:00:10,2026-07-29,05:00:10,Wednesday,5,N,16,Sarovar Path: Sukhna Lake ↔ Burail Jail,A_to_B,7816,748,1067,0.701,OK,
2026-07-29 05:00:10,2026-07-29,05:00:10,Wednesday,5,N,16,Sarovar Path: Sukhna Lake ↔ Burail Jail,B_to_A,7928,796,1086,0.733,OK,
2026-07-29 05:00:10,2026-07-29,05:00:10,Wednesday,5,N,17,Himalaya Marg: Rock Garden ↔ ISBT 43,A_to_B,8803,815,1096,0.744,OK,
2026-07-29 05:00:10,2026-07-29,05:00:10,Wednesday,5,N,17,Himalaya Marg: Rock Garden ↔ ISBT 43,B_to_A,8928,823,1121,0.734,OK,
2026-07-29 05:00:11,2026-07-29,05:00:11,Wednesday,5,N,18,Jan Marg: High Court ↔ ISBT 17,A_to_B,3333,268,391,0.685,OK,
2026-07-29 05:00:11,2026-07-29,05:00:11,Wednesday,5,N,18,Jan Marg: High Court ↔ ISBT 17,B_to_A,3132,268,337,0.795,OK,
2026-07-29 05:00:11,2026-07-29,05:00:11,Wednesday,5,N,19,Jan Marg: ISBT 17 ↔ ISBT 43,A_to_B,4115,401,566,0.708,OK,
2026-07-29 05:00:11,2026-07-29,05:00:11,Wednesday,5,N,19,Jan Marg: ISBT 17 ↔ ISBT 43,B_to_A,4233,403,578,0.697,OK,
2026-07-29 05:00:12,2026-07-29,05:00:12,Wednesday,5,N,20,Vidya Path: PGI Chowk ↔ Fountain Chowk,A_to_B,5475,536,710,0.755,OK,
2026-07-29 05:00:12,2026-07-29,05:00:12,Wednesday,5,N,20,Vidya Path: PGI Chowk ↔ Fountain Chowk,B_to_A,5474,572,710,0.806,OK,
2026-07-29 05:00:12,2026-07-29,05:00:12,Wednesday,5,N,21,Purv Marg: Tansport Chowk  ↔ Tribune Chowk,A_to_B,2620,338,411,0.822,OK,
2026-07-29 05:00:12,2026-07-29,05:00:12,Wednesday,5,N,21,Purv Marg: Tansport Chowk  ↔ Tribune Chowk,B_to_A,2763,351,470,0.747,OK,
2026-07-29 05:00:13,2026-07-29,05:00:13,Wednesday,5,N,22,Chandi Path: Sabzi Mandi Chowk  ↔ GMCH 32,A_to_B,2939,285,414,0.688,OK,
2026-07-29 05:00:13,2026-07-29,05:00:13,Wednesday,5,N,22,Chandi Path: Sabzi Mandi Chowk  ↔ GMCH 32,B_to_A,2756,287,360,0.797,OK,
2026-07-29 05:00:13,2026-07-29,05:00:13,Wednesday,5,N,23,Udyan Path: Secretariat Chowk  ↔ Furniture Chowk,A_to_B,7398,635,883,0.719,OK,
2026-07-29 05:00:14,2026-07-29,05:00:14,Wednesday,5,N,23,Udyan Path: Secretariat Chowk  ↔ Furniture Chowk,B_to_A,7219,648,830,0.781,OK,
2026-07-29 05:00:14,2026-07-29,05:00:14,Wednesday,5,N,24,Madhya Marg: Sector 17 ↔ Railway Station,A_to_B,7206,735,945,0.778,OK,
2026-07-29 05:00:14,2026-07-29,05:00:14,Wednesday,5,N,24,Madhya Marg: Sector 17 ↔ Railway Station,B_to_A,6340,738,982,0.752,OK,
2026-07-29 05:00:14,2026-07-29,05:00:14,Wednesday,5,N,25,Paschim Marg: Sector 25 ↔ Sector 56,A_to_B,4090,374,537,0.696,OK,
2026-07-29 05:00:15,2026-07-29,05:00:15,Wednesday,5,N,25,Paschim Marg: Sector 25 ↔ Sector 56,B_to_A,3940,377,493,0.765,OK,
2026-07-29 05:30:01,2026-07-29,05:30:01,Wednesday,5,N,1,Madhya Marg: PGI Chowk ↔ Housing Board lights,A_to_B,9891,1048,1340,0.782,OK,
2026-07-29 05:30:01,2026-07-29,05:30:01,Wednesday,5,N,1,Madhya Marg: PGI Chowk ↔ Housing Board lights,B_to_A,8853,971,1222,0.795,OK,
2026-07-29 05:30:02,2026-07-29,05:30:02,Wednesday,5,N,2,Udyog Path: PU Chowk ↔ Elante Mall,A_to_B,7173,737,1032,0.714,OK,
2026-07-29 05:30:02,2026-07-29,05:30:02,Wednesday,5,N,2,Udyog Path: PU Chowk ↔ Elante Mall,B_to_A,8051,711,1092,0.651,OK,
2026-07-29 05:30:02,2026-07-29,05:30:02,Wednesday,5,N,3,Dakshin Marg: Daddu Majra ↔ Hallo Majra Lights,A_to_B,8610,907,1263,0.718,OK,
2026-07-29 05:30:03,2026-07-29,05:30:03,Wednesday,5,N,3,Dakshin Marg: Daddu Majra ↔ Hallo Majra Lights,B_to_A,9077,1005,1441,0.697,OK,
2026-07-29 05:30:03,2026-07-29,05:30:03,Wednesday,5,N,4,Shanti Path: Sector 38W ↔ Sector 31 Lights,A_to_B,7418,647,882,0.734,OK,
2026-07-29 05:30:03,2026-07-29,05:30:03,Wednesday,5,N,4,Shanti Path: Sector 38W ↔ Sector 31 Lights,B_to_A,7590,726,940,0.772,OK,
2026-07-29 05:30:03,2026-07-29,05:30:03,Wednesday,5,N,5,NH 5: Grain Market ↔ Sector 47 Chowk,A_to_B,7596,715,929,0.77,OK,
2026-07-29 05:30:04,2026-07-29,05:30:04,Wednesday,5,N,5,NH 5: Grain Market ↔ Sector 47 Chowk,B_to_A,7551,708,969,0.731,OK,
2026-07-29 05:30:04,2026-07-29,05:30:04,Wednesday,5,N,6,Vigyan Path: PEC Chowk ↔ Golf Club,A_to_B,4491,381,471,0.809,OK,
2026-07-29 05:30:04,2026-07-29,05:30:04,Wednesday,5,N,6,Vigyan Path: PEC Chowk ↔ Golf Club,B_to_A,4518,412,525,0.785,OK,
2026-07-29 05:30:05,2026-07-29,05:30:05,Wednesday,5,N,7,Uttar Marg: Sector 2 Chowk ↔ Sukhna Lake,A_to_B,2481,236,274,0.861,OK,
2026-07-29 05:30:05,2026-07-29,05:30:05,Wednesday,5,N,7,Uttar Marg: Sector 2 Chowk ↔ Sukhna Lake,B_to_A,3144,365,425,0.859,OK,
2026-07-29 05:30:05,2026-07-29,05:30:05,Wednesday,5,N,8,Madhya Marg: Khudda Lahora ↔ Matka Chowk,A_to_B,4208,435,599,0.726,OK,
2026-07-29 05:30:05,2026-07-29,05:30:05,Wednesday,5,N,8,Madhya Marg: Khudda Lahora ↔ Matka Chowk,B_to_A,3931,402,528,0.761,OK,
2026-07-29 05:30:06,2026-07-29,05:30:06,Wednesday,5,N,9,Madhya Marg: GMSH 16 ↔ Kalagram,A_to_B,5231,563,743,0.758,OK,
2026-07-29 05:30:06,2026-07-29,05:30:06,Wednesday,5,N,9,Madhya Marg: GMSH 16 ↔ Kalagram,B_to_A,5517,577,772,0.747,OK,
2026-07-29 05:30:06,2026-07-29,05:30:06,Wednesday,5,N,10,Udyog Path: Dhanas ↔ ISBT Sector 17,A_to_B,4785,546,735,0.743,OK,
2026-07-29 05:30:06,2026-07-29,05:30:06,Wednesday,5,N,10,Udyog Path: Dhanas ↔ ISBT Sector 17,B_to_A,5507,706,920,0.767,OK,
2026-07-29 05:30:07,2026-07-29,05:30:07,Wednesday,5,N,11,Udyog Path: ISBT Sector 17 ↔ Elante Mall,A_to_B,3274,251,385,0.652,OK,
2026-07-29 05:30:07,2026-07-29,05:30:07,Wednesday,5,N,11,Udyog Path: ISBT Sector 17 ↔ Elante Mall,B_to_A,3428,319,451,0.707,OK,
2026-07-29 05:30:07,2026-07-29,05:30:07,Wednesday,5,N,12,Dakshin Marg: DLF Mullanpur ↔ Kisan Bhawan Chowk,A_to_B,6720,630,895,0.704,OK,
2026-07-29 05:30:07,2026-07-29,05:30:07,Wednesday,5,N,12,Dakshin Marg: DLF Mullanpur ↔ Kisan Bhawan Chowk,B_to_A,7109,667,950,0.702,OK,
2026-07-29 05:30:08,2026-07-29,05:30:08,Wednesday,5,N,13,Dakshin Marg: Kisan Bhawan Chowk ↔ Airport Chowk,A_to_B,7722,814,1092,0.745,OK,
2026-07-29 05:30:08,2026-07-29,05:30:08,Wednesday,5,N,13,Dakshin Marg: Kisan Bhawan Chowk ↔ Airport Chowk,B_to_A,7967,846,1140,0.742,OK,
2026-07-29 05:30:08,2026-07-29,05:30:08,Wednesday,5,N,14,NH 5: Max Hospital ↔ ISBT Sector 43,A_to_B,4206,355,501,0.709,OK,
2026-07-29 05:30:08,2026-07-29,05:30:08,Wednesday,5,N,14,NH 5: Max Hospital ↔ ISBT Sector 43,B_to_A,5445,471,667,0.706,OK,
2026-07-29 05:30:09,2026-07-29,05:30:09,Wednesday,5,N,15,Sukhna Path: Golf Club ↔ Cycle Chowk,A_to_B,9030,867,1147,0.756,OK,
2026-07-29 05:30:09,2026-07-29,05:30:09,Wednesday,5,N,15,Sukhna Path: Golf Club ↔ Cycle Chowk,B_to_A,7321,808,1081,0.747,OK,
2026-07-29 05:30:09,2026-07-29,05:30:09,Wednesday,5,N,16,Sarovar Path: Sukhna Lake ↔ Burail Jail,A_to_B,7816,777,1067,0.728,OK,
2026-07-29 05:30:10,2026-07-29,05:30:10,Wednesday,5,N,16,Sarovar Path: Sukhna Lake ↔ Burail Jail,B_to_A,7928,796,1086,0.733,OK,
2026-07-29 05:30:10,2026-07-29,05:30:10,Wednesday,5,N,17,Himalaya Marg: Rock Garden ↔ ISBT 43,A_to_B,8803,827,1096,0.755,OK,
2026-07-29 05:30:10,2026-07-29,05:30:10,Wednesday,5,N,17,Himalaya Marg: Rock Garden ↔ ISBT 43,B_to_A,8928,838,1121,0.748,OK,
2026-07-29 05:30:10,2026-07-29,05:30:10,Wednesday,5,N,18,Jan Marg: High Court ↔ ISBT 17,A_to_B,3334,271,391,0.693,OK,
2026-07-29 05:30:11,2026-07-29,05:30:11,Wednesday,5,N,18,Jan Marg: High Court ↔ ISBT 17,B_to_A,3132,271,337,0.804,OK,
2026-07-29 05:30:11,2026-07-29,05:30:11,Wednesday,5,N,19,Jan Marg: ISBT 17 ↔ ISBT 43,A_to_B,4115,401,566,0.708,OK,
2026-07-29 05:30:11,2026-07-29,05:30:11,Wednesday,5,N,19,Jan Marg: ISBT 17 ↔ ISBT 43,B_to_A,4231,412,578,0.713,OK,
2026-07-29 05:30:11,2026-07-29,05:30:11,Wednesday,5,N,20,Vidya Path: PGI Chowk ↔ Fountain Chowk,A_to_B,5475,537,710,0.756,OK,
2026-07-29 05:30:12,2026-07-29,05:30:12,Wednesday,5,N,20,Vidya Path: PGI Chowk ↔ Fountain Chowk,B_to_A,5474,582,710,0.82,OK,
2026-07-29 05:30:12,2026-07-29,05:30:12,Wednesday,5,N,21,Purv Marg: Tansport Chowk  ↔ Tribune Chowk,A_to_B,2620,341,411,0.83,OK,
2026-07-29 05:30:12,2026-07-29,05:30:12,Wednesday,5,N,21,Purv Marg: Tansport Chowk  ↔ Tribune Chowk,B_to_A,2611,368,439,0.838,OK,
2026-07-29 05:30:12,2026-07-29,05:30:12,Wednesday,5,N,22,Chandi Path: Sabzi Mandi Chowk  ↔ GMCH 32,A_to_B,2939,287,414,0.693,OK,
2026-07-29 05:30:13,2026-07-29,05:30:13,Wednesday,5,N,22,Chandi Path: Sabzi Mandi Chowk  ↔ GMCH 32,B_to_A,2756,293,360,0.814,OK,
2026-07-29 05:30:13,2026-07-29,05:30:13,Wednesday,5,N,23,Udyan Path: Secretariat Chowk  ↔ Furniture Chowk,A_to_B,7398,645,883,0.73,OK,
2026-07-29 05:30:13,2026-07-29,05:30:13,Wednesday,5,N,23,Udyan Path: Secretariat Chowk  ↔ Furniture Chowk,B_to_A,7219,643,830,0.775,OK,
2026-07-29 05:30:13,2026-07-29,05:30:13,Wednesday,5,N,24,Madhya Marg: Sector 17 ↔ Railway Station,A_to_B,7206,717,945,0.759,OK,
2026-07-29 05:30:14,2026-07-29,05:30:14,Wednesday,5,N,24,Madhya Marg: Sector 17 ↔ Railway Station,B_to_A,6568,763,1029,0.741,OK,
2026-07-29 05:30:14,2026-07-29,05:30:14,Wednesday,5,N,25,Paschim Marg: Sector 25 ↔ Sector 56,A_to_B,4090,379,537,0.706,OK,
2026-07-29 05:30:14,2026-07-29,05:30:14,Wednesday,5,N,25,Paschim Marg: Sector 25 ↔ Sector 56,B_to_A,3940,365,493,0.74,OK,
2026-07-29 06:00:02,2026-07-29,06:00:02,Wednesday,6,N,1,Madhya Marg: PGI Chowk ↔ Housing Board lights,A_to_B,11756,1116,1347,0.829,OK,
2026-07-29 06:00:02,2026-07-29,06:00:02,Wednesday,6,N,1,Madhya Marg: PGI Chowk ↔ Housing Board lights,B_to_A,8853,976,1222,0.799,OK,
2026-07-29 06:00:02,2026-07-29,06:00:02,Wednesday,6,N,2,Udyog Path: PU Chowk ↔ Elante Mall,A_to_B,7173,714,1032,0.692,OK,
2026-07-29 06:00:03,2026-07-29,06:00:03,Wednesday,6,N,2,Udyog Path: PU Chowk ↔ Elante Mall,B_to_A,8051,704,1092,0.645,OK,
2026-07-29 06:00:03,2026-07-29,06:00:03,Wednesday,6,N,3,Dakshin Marg: Daddu Majra ↔ Hallo Majra Lights,A_to_B,8610,920,1263,0.728,OK,
2026-07-29 06:00:03,2026-07-29,06:00:03,Wednesday,6,N,3,Dakshin Marg: Daddu Majra ↔ Hallo Majra Lights,B_to_A,9077,996,1441,0.691,OK,
2026-07-29 06:00:04,2026-07-29,06:00:04,Wednesday,6,N,4,Shanti Path: Sector 38W ↔ Sector 31 Lights,A_to_B,7418,671,882,0.761,OK,
2026-07-29 06:00:04,2026-07-29,06:00:04,Wednesday,6,N,4,Shanti Path: Sector 38W ↔ Sector 31 Lights,B_to_A,7590,743,940,0.79,OK,
2026-07-29 06:00:04,2026-07-29,06:00:04,Wednesday,6,N,5,NH 5: Grain Market ↔ Sector 47 Chowk,A_to_B,7596,709,929,0.763,OK,
2026-07-29 06:00:04,2026-07-29,06:00:04,Wednesday,6,N,5,NH 5: Grain Market ↔ Sector 47 Chowk,B_to_A,7551,724,969,0.747,OK,
2026-07-29 06:00:05,2026-07-29,06:00:05,Wednesday,6,N,6,Vigyan Path: PEC Chowk ↔ Golf Club,A_to_B,4491,380,471,0.807,OK,
2026-07-29 06:00:05,2026-07-29,06:00:05,Wednesday,6,N,6,Vigyan Path: PEC Chowk ↔ Golf Club,B_to_A,4518,408,525,0.777,OK,
2026-07-29 06:00:05,2026-07-29,06:00:05,Wednesday,6,N,7,Uttar Marg: Sector 2 Chowk ↔ Sukhna Lake,A_to_B,2481,232,274,0.847,OK,
2026-07-29 06:00:05,2026-07-29,06:00:05,Wednesday,6,N,7,Uttar Marg: Sector 2 Chowk ↔ Sukhna Lake,B_to_A,3144,372,425,0.875,OK,
2026-07-29 06:00:06,2026-07-29,06:00:06,Wednesday,6,N,8,Madhya Marg: Khudda Lahora ↔ Matka Chowk,A_to_B,4208,450,599,0.751,OK,
2026-07-29 06:00:06,2026-07-29,06:00:06,Wednesday,6,N,8,Madhya Marg: Khudda Lahora ↔ Matka Chowk,B_to_A,3931,388,528,0.735,OK,
2026-07-29 06:00:06,2026-07-29,06:00:06,Wednesday,6,N,9,Madhya Marg: GMSH 16 ↔ Kalagram,A_to_B,5231,579,743,0.779,OK,
2026-07-29 06:00:06,2026-07-29,06:00:06,Wednesday,6,N,9,Madhya Marg: GMSH 16 ↔ Kalagram,B_to_A,5517,582,772,0.754,OK,
2026-07-29 06:00:07,2026-07-29,06:00:07,Wednesday,6,N,10,Udyog Path: Dhanas ↔ ISBT Sector 17,A_to_B,4785,537,735,0.731,OK,
2026-07-29 06:00:07,2026-07-29,06:00:07,Wednesday,6,N,10,Udyog Path: Dhanas ↔ ISBT Sector 17,B_to_A,5507,670,920,0.728,OK,
2026-07-29 06:00:07,2026-07-29,06:00:07,Wednesday,6,N,11,Udyog Path: ISBT Sector 17 ↔ Elante Mall,A_to_B,3274,254,385,0.66,OK,
2026-07-29 06:00:07,2026-07-29,06:00:07,Wednesday,6,N,11,Udyog Path: ISBT Sector 17 ↔ Elante Mall,B_to_A,3428,328,451,0.727,OK,
2026-07-29 06:00:08,2026-07-29,06:00:08,Wednesday,6,N,12,Dakshin Marg: DLF Mullanpur ↔ Kisan Bhawan Chowk,A_to_B,6720,632,895,0.706,OK,
2026-07-29 06:00:08,2026-07-29,06:00:08,Wednesday,6,N,12,Dakshin Marg: DLF Mullanpur ↔ Kisan Bhawan Chowk,B_to_A,7109,684,950,0.72,OK,
2026-07-29 06:00:08,2026-07-29,06:00:08,Wednesday,6,N,13,Dakshin Marg: Kisan Bhawan Chowk ↔ Airport Chowk,A_to_B,7722,840,1092,0.769,OK,
2026-07-29 06:00:09,2026-07-29,06:00:09,Wednesday,6,N,13,Dakshin Marg: Kisan Bhawan Chowk ↔ Airport Chowk,B_to_A,7967,836,1140,0.733,OK,
2026-07-29 06:00:09,2026-07-29,06:00:09,Wednesday,6,N,14,NH 5: Max Hospital ↔ ISBT Sector 43,A_to_B,4206,342,501,0.683,OK,
2026-07-29 06:00:09,2026-07-29,06:00:09,Wednesday,6,N,14,NH 5: Max Hospital ↔ ISBT Sector 43,B_to_A,5445,482,667,0.723,OK,
2026-07-29 06:00:09,2026-07-29,06:00:09,Wednesday,6,N,15,Sukhna Path: Golf Club ↔ Cycle Chowk,A_to_B,9001,874,1153,0.758,OK,
2026-07-29 06:00:10,2026-07-29,06:00:10,Wednesday,6,N,15,Sukhna Path: Golf Club ↔ Cycle Chowk,B_to_A,7321,839,1081,0.776,OK,
2026-07-29 06:00:10,2026-07-29,06:00:10,Wednesday,6,N,16,Sarovar Path: Sukhna Lake ↔ Burail Jail,A_to_B,7816,799,1067,0.749,OK,
2026-07-29 06:00:10,2026-07-29,06:00:10,Wednesday,6,N,16,Sarovar Path: Sukhna Lake ↔ Burail Jail,B_to_A,7928,803,1086,0.739,OK,
2026-07-29 06:00:10,2026-07-29,06:00:10,Wednesday,6,N,17,Himalaya Marg: Rock Garden ↔ ISBT 43,A_to_B,8803,828,1096,0.755,OK,
2026-07-29 06:00:11,2026-07-29,06:00:11,Wednesday,6,N,17,Himalaya Marg: Rock Garden ↔ ISBT 43,B_to_A,8806,851,1183,0.719,OK,
2026-07-29 06:00:11,2026-07-29,06:00:11,Wednesday,6,N,18,Jan Marg: High Court ↔ ISBT 17,A_to_B,3334,265,391,0.678,OK,
2026-07-29 06:00:11,2026-07-29,06:00:11,Wednesday,6,N,18,Jan Marg: High Court ↔ ISBT 17,B_to_A,3132,286,337,0.849,OK,
2026-07-29 06:00:11,2026-07-29,06:00:11,Wednesday,6,N,19,Jan Marg: ISBT 17 ↔ ISBT 43,A_to_B,4115,428,566,0.756,OK,
2026-07-29 06:00:12,2026-07-29,06:00:12,Wednesday,6,N,19,Jan Marg: ISBT 17 ↔ ISBT 43,B_to_A,4233,413,578,0.715,OK,
2026-07-29 06:00:12,2026-07-29,06:00:12,Wednesday,6,N,20,Vidya Path: PGI Chowk ↔ Fountain Chowk,A_to_B,5475,545,710,0.768,OK,
2026-07-29 06:00:12,2026-07-29,06:00:12,Wednesday,6,N,20,Vidya Path: PGI Chowk ↔ Fountain Chowk,B_to_A,5474,586,710,0.825,OK,
2026-07-29 06:00:12,2026-07-29,06:00:12,Wednesday,6,N,21,Purv Marg: Tansport Chowk  ↔ Tribune Chowk,A_to_B,2620,351,411,0.854,OK,
2026-07-29 06:00:13,2026-07-29,06:00:13,Wednesday,6,N,21,Purv Marg: Tansport Chowk  ↔ Tribune Chowk,B_to_A,2611,395,439,0.9,OK,
2026-07-29 06:00:13,2026-07-29,06:00:13,Wednesday,6,N,22,Chandi Path: Sabzi Mandi Chowk  ↔ GMCH 32,A_to_B,2939,295,414,0.713,OK,
2026-07-29 06:00:13,2026-07-29,06:00:13,Wednesday,6,N,22,Chandi Path: Sabzi Mandi Chowk  ↔ GMCH 32,B_to_A,2756,296,360,0.822,OK,
2026-07-29 06:00:13,2026-07-29,06:00:13,Wednesday,6,N,23,Udyan Path: Secretariat Chowk  ↔ Furniture Chowk,A_to_B,7398,646,883,0.732,OK,
2026-07-29 06:00:14,2026-07-29,06:00:14,Wednesday,6,N,23,Udyan Path: Secretariat Chowk  ↔ Furniture Chowk,B_to_A,7219,646,830,0.778,OK,
2026-07-29 06:00:14,2026-07-29,06:00:14,Wednesday,6,N,24,Madhya Marg: Sector 17 ↔ Railway Station,A_to_B,7206,725,945,0.767,OK,
2026-07-29 06:00:14,2026-07-29,06:00:14,Wednesday,6,N,24,Madhya Marg: Sector 17 ↔ Railway Station,B_to_A,6568,767,1029,0.745,OK,
2026-07-29 06:00:15,2026-07-29,06:00:15,Wednesday,6,N,25,Paschim Marg: Sector 25 ↔ Sector 56,A_to_B,4090,392,537,0.73,OK,
2026-07-29 06:00:15,2026-07-29,06:00:15,Wednesday,6,N,25,Paschim Marg: Sector 25 ↔ Sector 56,B_to_A,3940,379,493,0.769,OK,
2026-07-29 06:30:01,2026-07-29,06:30:01,Wednesday,6,N,1,Madhya Marg: PGI Chowk ↔ Housing Board lights,A_to_B,9891,1121,1340,0.837,OK,
2026-07-29 06:30:02,2026-07-29,06:30:02,Wednesday,6,N,1,Madhya Marg: PGI Chowk ↔ Housing Board lights,B_to_A,8853,1020,1222,0.835,OK,
2026-07-29 06:30:02,2026-07-29,06:30:02,Wednesday,6,N,2,Udyog Path: PU Chowk ↔ Elante Mall,A_to_B,7173,751,1032,0.728,OK,
2026-07-29 06:30:02,2026-07-29,06:30:02,Wednesday,6,N,2,Udyog Path: PU Chowk ↔ Elante Mall,B_to_A,8051,725,1092,0.664,OK,
2026-07-29 06:30:02,2026-07-29,06:30:02,Wednesday,6,N,3,Dakshin Marg: Daddu Majra ↔ Hallo Majra Lights,A_to_B,8610,985,1263,0.78,OK,
2026-07-29 06:30:03,2026-07-29,06:30:03,Wednesday,6,N,3,Dakshin Marg: Daddu Majra ↔ Hallo Majra Lights,B_to_A,9077,1021,1441,0.709,OK,
2026-07-29 06:30:03,2026-07-29,06:30:03,Wednesday,6,N,4,Shanti Path: Sector 38W ↔ Sector 31 Lights,A_to_B,7418,696,882,0.789,OK,
2026-07-29 06:30:03,2026-07-29,06:30:03,Wednesday,6,N,4,Shanti Path: Sector 38W ↔ Sector 31 Lights,B_to_A,7590,774,940,0.823,OK,
2026-07-29 06:30:03,2026-07-29,06:30:03,Wednesday,6,N,5,NH 5: Grain Market ↔ Sector 47 Chowk,A_to_B,7596,745,929,0.802,OK,
2026-07-29 06:30:04,2026-07-29,06:30:04,Wednesday,6,N,5,NH 5: Grain Market ↔ Sector 47 Chowk,B_to_A,7551,735,969,0.759,OK,
2026-07-29 06:30:04,2026-07-29,06:30:04,Wednesday,6,N,6,Vigyan Path: PEC Chowk ↔ Golf Club,A_to_B,4491,386,471,0.82,OK,
2026-07-29 06:30:04,2026-07-29,06:30:04,Wednesday,6,N,6,Vigyan Path: PEC Chowk ↔ Golf Club,B_to_A,4518,422,525,0.804,OK,
2026-07-29 06:30:04,2026-07-29,06:30:04,Wednesday,6,N,7,Uttar Marg: Sector 2 Chowk ↔ Sukhna Lake,A_to_B,2481,229,274,0.836,OK,
2026-07-29 06:30:05,2026-07-29,06:30:05,Wednesday,6,N,7,Uttar Marg: Sector 2 Chowk ↔ Sukhna Lake,B_to_A,3144,370,425,0.871,OK,
2026-07-29 06:30:05,2026-07-29,06:30:05,Wednesday,6,N,8,Madhya Marg: Khudda Lahora ↔ Matka Chowk,A_to_B,4208,467,599,0.78,OK,
2026-07-29 06:30:05,2026-07-29,06:30:05,Wednesday,6,N,8,Madhya Marg: Khudda Lahora ↔ Matka Chowk,B_to_A,3931,411,528,0.778,OK,
2026-07-29 06:30:06,2026-07-29,06:30:06,Wednesday,6,N,9,Madhya Marg: GMSH 16 ↔ Kalagram,A_to_B,5231,600,743,0.808,OK,
2026-07-29 06:30:06,2026-07-29,06:30:06,Wednesday,6,N,9,Madhya Marg: GMSH 16 ↔ Kalagram,B_to_A,5517,597,772,0.773,OK,
2026-07-29 06:30:06,2026-07-29,06:30:06,Wednesday,6,N,10,Udyog Path: Dhanas ↔ ISBT Sector 17,A_to_B,4785,543,735,0.739,OK,
2026-07-29 06:30:06,2026-07-29,06:30:06,Wednesday,6,N,10,Udyog Path: Dhanas ↔ ISBT Sector 17,B_to_A,5507,687,920,0.747,OK,
2026-07-29 06:30:07,2026-07-29,06:30:07,Wednesday,6,N,11,Udyog Path: ISBT Sector 17 ↔ Elante Mall,A_to_B,3274,250,385,0.649,OK,
2026-07-29 06:30:07,2026-07-29,06:30:07,Wednesday,6,N,11,Udyog Path: ISBT Sector 17 ↔ Elante Mall,B_to_A,3428,336,451,0.745,OK,
2026-07-29 06:30:07,2026-07-29,06:30:07,Wednesday,6,N,12,Dakshin Marg: DLF Mullanpur ↔ Kisan Bhawan Chowk,A_to_B,6720,667,895,0.745,OK,
2026-07-29 06:30:07,2026-07-29,06:30:07,Wednesday,6,N,12,Dakshin Marg: DLF Mullanpur ↔ Kisan Bhawan Chowk,B_to_A,7109,717,950,0.755,OK,
2026-07-29 06:30:08,2026-07-29,06:30:08,Wednesday,6,N,13,Dakshin Marg: Kisan Bhawan Chowk ↔ Airport Chowk,A_to_B,7722,885,1092,0.81,OK,
2026-07-29 06:30:08,2026-07-29,06:30:08,Wednesday,6,N,13,Dakshin Marg: Kisan Bhawan Chowk ↔ Airport Chowk,B_to_A,7967,852,1140,0.747,OK,
2026-07-29 06:30:08,2026-07-29,06:30:08,Wednesday,6,N,14,NH 5: Max Hospital ↔ ISBT Sector 43,A_to_B,4206,365,501,0.729,OK,
2026-07-29 06:30:09,2026-07-29,06:30:09,Wednesday,6,N,14,NH 5: Max Hospital ↔ ISBT Sector 43,B_to_A,5445,483,667,0.724,OK,
2026-07-29 06:30:09,2026-07-29,06:30:09,Wednesday,6,N,15,Sukhna Path: Golf Club ↔ Cycle Chowk,A_to_B,9030,866,1147,0.755,OK,
2026-07-29 06:30:09,2026-07-29,06:30:09,Wednesday,6,N,15,Sukhna Path: Golf Club ↔ Cycle Chowk,B_to_A,7321,825,1081,0.763,OK,
2026-07-29 06:30:09,2026-07-29,06:30:09,Wednesday,6,N,16,Sarovar Path: Sukhna Lake ↔ Burail Jail,A_to_B,7816,791,1067,0.741,OK,
2026-07-29 06:30:10,2026-07-29,06:30:10,Wednesday,6,N,16,Sarovar Path: Sukhna Lake ↔ Burail Jail,B_to_A,7928,824,1086,0.759,OK,
2026-07-29 06:30:10,2026-07-29,06:30:10,Wednesday,6,N,17,Himalaya Marg: Rock Garden ↔ ISBT 43,A_to_B,8803,851,1096,0.776,OK,
2026-07-29 06:30:10,2026-07-29,06:30:10,Wednesday,6,N,17,Himalaya Marg: Rock Garden ↔ ISBT 43,B_to_A,8806,870,1183,0.735,OK,
2026-07-29 06:30:10,2026-07-29,06:30:10,Wednesday,6,N,18,Jan Marg: High Court ↔ ISBT 17,A_to_B,3334,268,391,0.685,OK,
2026-07-29 06:30:11,2026-07-29,06:30:11,Wednesday,6,N,18,Jan Marg: High Court ↔ ISBT 17,B_to_A,3132,268,337,0.795,OK,
2026-07-29 06:30:11,2026-07-29,06:30:11,Wednesday,6,N,19,Jan Marg: ISBT 17 ↔ ISBT 43,A_to_B,4115,455,566,0.804,OK,
2026-07-29 06:30:11,2026-07-29,06:30:11,Wednesday,6,N,19,Jan Marg: ISBT 17 ↔ ISBT 43,B_to_A,4233,457,578,0.791,OK,
2026-07-29 06:30:11,2026-07-29,06:30:11,Wednesday,6,N,20,Vidya Path: PGI Chowk ↔ Fountain Chowk,A_to_B,5475,544,710,0.766,OK,
2026-07-29 06:30:12,2026-07-29,06:30:12,Wednesday,6,N,20,Vidya Path: PGI Chowk ↔ Fountain Chowk,B_to_A,5474,595,710,0.838,OK,
2026-07-29 06:30:12,2026-07-29,06:30:12,Wednesday,6,N,21,Purv Marg: Tansport Chowk  ↔ Tribune Chowk,A_to_B,2620,337,411,0.82,OK,
2026-07-29 06:30:12,2026-07-29,06:30:12,Wednesday,6,N,21,Purv Marg: Tansport Chowk  ↔ Tribune Chowk,B_to_A,2763,378,470,0.804,OK,
2026-07-29 06:30:12,2026-07-29,06:30:12,Wednesday,6,N,22,Chandi Path: Sabzi Mandi Chowk  ↔ GMCH 32,A_to_B,2939,296,414,0.715,OK,
2026-07-29 06:30:13,2026-07-29,06:30:13,Wednesday,6,N,22,Chandi Path: Sabzi Mandi Chowk  ↔ GMCH 32,B_to_A,2756,302,360,0.839,OK,
2026-07-29 06:30:13,2026-07-29,06:30:13,Wednesday,6,N,23,Udyan Path: Secretariat Chowk  ↔ Furniture Chowk,A_to_B,7398,684,883,0.775,OK,
2026-07-29 06:30:13,2026-07-29,06:30:13,Wednesday,6,N,23,Udyan Path: Secretariat Chowk  ↔ Furniture Chowk,B_to_A,7219,663,830,0.799,OK,
2026-07-29 06:30:13,2026-07-29,06:30:13,Wednesday,6,N,24,Madhya Marg: Sector 17 ↔ Railway Station,A_to_B,7206,738,945,0.781,OK,
2026-07-29 06:30:14,2026-07-29,06:30:14,Wednesday,6,N,24,Madhya Marg: Sector 17 ↔ Railway Station,B_to_A,6340,783,982,0.797,OK,
2026-07-29 06:30:14,2026-07-29,06:30:14,Wednesday,6,N,25,Paschim Marg: Sector 25 ↔ Sector 56,A_to_B,4090,396,537,0.737,OK,
2026-07-29 06:30:14,2026-07-29,06:30:14,Wednesday,6,N,25,Paschim Marg: Sector 25 ↔ Sector 56,B_to_A,3940,382,493,0.775,OK,
2026-07-29 07:00:02,2026-07-29,07:00:02,Wednesday,7,N,1,Madhya Marg: PGI Chowk ↔ Housing Board lights,A_to_B,11756,1157,1347,0.859,OK,
2026-07-29 07:00:02,2026-07-29,07:00:02,Wednesday,7,N,1,Madhya Marg: PGI Chowk ↔ Housing Board lights,B_to_A,8853,1070,1222,0.876,OK,
2026-07-29 07:00:02,2026-07-29,07:00:02,Wednesday,7,N,2,Udyog Path: PU Chowk ↔ Elante Mall,A_to_B,7173,770,1032,0.746,OK,
2026-07-29 07:00:02,2026-07-29,07:00:02,Wednesday,7,N,2,Udyog Path: PU Chowk ↔ Elante Mall,B_to_A,8051,784,1092,0.718,OK,
2026-07-29 07:00:03,2026-07-29,07:00:03,Wednesday,7,N,3,Dakshin Marg: Daddu Majra ↔ Hallo Majra Lights,A_to_B,8610,1042,1263,0.825,OK,
2026-07-29 07:00:03,2026-07-29,07:00:03,Wednesday,7,N,3,Dakshin Marg: Daddu Majra ↔ Hallo Majra Lights,B_to_A,9077,1106,1441,0.768,OK,
2026-07-29 07:00:03,2026-07-29,07:00:03,Wednesday,7,N,4,Shanti Path: Sector 38W ↔ Sector 31 Lights,A_to_B,7417,742,882,0.841,OK,
2026-07-29 07:00:04,2026-07-29,07:00:04,Wednesday,7,N,4,Shanti Path: Sector 38W ↔ Sector 31 Lights,B_to_A,7590,847,940,0.901,OK,
2026-07-29 07:00:04,2026-07-29,07:00:04,Wednesday,7,N,5,NH 5: Grain Market ↔ Sector 47 Chowk,A_to_B,7596,797,929,0.858,OK,
2026-07-29 07:00:04,2026-07-29,07:00:04,Wednesday,7,N,5,NH 5: Grain Market ↔ Sector 47 Chowk,B_to_A,7551,797,969,0.822,OK,
2026-07-29 07:00:04,2026-07-29,07:00:04,Wednesday,7,N,6,Vigyan Path: PEC Chowk ↔ Golf Club,A_to_B,4491,394,471,0.837,OK,
2026-07-29 07:00:05,2026-07-29,07:00:05,Wednesday,7,N,6,Vigyan Path: PEC Chowk ↔ Golf Club,B_to_A,4518,436,525,0.83,OK,
2026-07-29 07:00:05,2026-07-29,07:00:05,Wednesday,7,N,7,Uttar Marg: Sector 2 Chowk ↔ Sukhna Lake,A_to_B,2481,225,274,0.821,OK,
2026-07-29 07:00:05,2026-07-29,07:00:05,Wednesday,7,N,7,Uttar Marg: Sector 2 Chowk ↔ Sukhna Lake,B_to_A,3144,363,425,0.854,OK,
2026-07-29 07:00:05,2026-07-29,07:00:05,Wednesday,7,N,8,Madhya Marg: Khudda Lahora ↔ Matka Chowk,A_to_B,4208,512,599,0.855,OK,
2026-07-29 07:00:06,2026-07-29,07:00:06,Wednesday,7,N,8,Madhya Marg: Khudda Lahora ↔ Matka Chowk,B_to_A,3931,441,528,0.835,OK,
2026-07-29 07:00:06,2026-07-29,07:00:06,Wednesday,7,N,9,Madhya Marg: GMSH 16 ↔ Kalagram,A_to_B,5231,595,743,0.801,OK,
2026-07-29 07:00:06,2026-07-29,07:00:06,Wednesday,7,N,9,Madhya Marg: GMSH 16 ↔ Kalagram,B_to_A,5517,632,772,0.819,OK,
2026-07-29 07:00:06,2026-07-29,07:00:06,Wednesday,7,N,10,Udyog Path: Dhanas ↔ ISBT Sector 17,A_to_B,4785,594,735,0.808,OK,
2026-07-29 07:00:07,2026-07-29,07:00:07,Wednesday,7,N,10,Udyog Path: Dhanas ↔ ISBT Sector 17,B_to_A,5507,727,920,0.79,OK,
2026-07-29 07:00:07,2026-07-29,07:00:07,Wednesday,7,N,11,Udyog Path: ISBT Sector 17 ↔ Elante Mall,A_to_B,3274,252,385,0.655,OK,
2026-07-29 07:00:07,2026-07-29,07:00:07,Wednesday,7,N,11,Udyog Path: ISBT Sector 17 ↔ Elante Mall,B_to_A,3428,344,451,0.763,OK,
2026-07-29 07:00:07,2026-07-29,07:00:07,Wednesday,7,N,12,Dakshin Marg: DLF Mullanpur ↔ Kisan Bhawan Chowk,A_to_B,6720,736,895,0.822,OK,
2026-07-29 07:00:08,2026-07-29,07:00:08,Wednesday,7,N,12,Dakshin Marg: DLF Mullanpur ↔ Kisan Bhawan Chowk,B_to_A,7109,743,950,0.782,OK,
2026-07-29 07:00:08,2026-07-29,07:00:08,Wednesday,7,N,13,Dakshin Marg: Kisan Bhawan Chowk ↔ Airport Chowk,A_to_B,7722,890,1092,0.815,OK,
2026-07-29 07:00:08,2026-07-29,07:00:08,Wednesday,7,N,13,Dakshin Marg: Kisan Bhawan Chowk ↔ Airport Chowk,B_to_A,7967,887,1140,0.778,OK,
2026-07-29 07:00:09,2026-07-29,07:00:09,Wednesday,7,N,14,NH 5: Max Hospital ↔ ISBT Sector 43,A_to_B,4206,397,501,0.792,OK,
2026-07-29 07:00:09,2026-07-29,07:00:09,Wednesday,7,N,14,NH 5: Max Hospital ↔ ISBT Sector 43,B_to_A,5445,515,667,0.772,OK,
2026-07-29 07:00:09,2026-07-29,07:00:09,Wednesday,7,N,15,Sukhna Path: Golf Club ↔ Cycle Chowk,A_to_B,9001,903,1153,0.783,OK,
2026-07-29 07:00:09,2026-07-29,07:00:09,Wednesday,7,N,15,Sukhna Path: Golf Club ↔ Cycle Chowk,B_to_A,7321,863,1081,0.798,OK,
2026-07-29 07:00:10,2026-07-29,07:00:10,Wednesday,7,N,16,Sarovar Path: Sukhna Lake ↔ Burail Jail,A_to_B,7816,824,1067,0.772,OK,
2026-07-29 07:00:10,2026-07-29,07:00:10,Wednesday,7,N,16,Sarovar Path: Sukhna Lake ↔ Burail Jail,B_to_A,7928,879,1086,0.809,OK,
2026-07-29 07:00:10,2026-07-29,07:00:10,Wednesday,7,N,17,Himalaya Marg: Rock Garden ↔ ISBT 43,A_to_B,8803,896,1096,0.818,OK,
2026-07-29 07:00:10,2026-07-29,07:00:10,Wednesday,7,N,17,Himalaya Marg: Rock Garden ↔ ISBT 43,B_to_A,8958,908,1128,0.805,OK,
2026-07-29 07:00:11,2026-07-29,07:00:11,Wednesday,7,N,18,Jan Marg: High Court ↔ ISBT 17,A_to_B,3334,284,391,0.726,OK,
2026-07-29 07:00:11,2026-07-29,07:00:11,Wednesday,7,N,18,Jan Marg: High Court ↔ ISBT 17,B_to_A,3132,273,337,0.81,OK,
2026-07-29 07:00:11,2026-07-29,07:00:11,Wednesday,7,N,19,Jan Marg: ISBT 17 ↔ ISBT 43,A_to_B,4115,478,566,0.845,OK,
2026-07-29 07:00:11,2026-07-29,07:00:11,Wednesday,7,N,19,Jan Marg: ISBT 17 ↔ ISBT 43,B_to_A,4233,467,578,0.808,OK,
2026-07-29 07:00:12,2026-07-29,07:00:12,Wednesday,7,N,20,Vidya Path: PGI Chowk ↔ Fountain Chowk,A_to_B,5475,587,710,0.827,OK,
2026-07-29 07:00:12,2026-07-29,07:00:12,Wednesday,7,N,20,Vidya Path: PGI Chowk ↔ Fountain Chowk,B_to_A,5474,625,710,0.88,OK,
2026-07-29 07:00:12,2026-07-29,07:00:12,Wednesday,7,N,21,Purv Marg: Tansport Chowk  ↔ Tribune Chowk,A_to_B,2620,372,411,0.905,OK,
2026-07-29 07:00:12,2026-07-29,07:00:12,Wednesday,7,N,21,Purv Marg: Tansport Chowk  ↔ Tribune Chowk,B_to_A,2763,392,470,0.834,OK,
2026-07-29 07:00:13,2026-07-29,07:00:13,Wednesday,7,N,22,Chandi Path: Sabzi Mandi Chowk  ↔ GMCH 32,A_to_B,2939,325,414,0.785,OK,
2026-07-29 07:00:13,2026-07-29,07:00:13,Wednesday,7,N,22,Chandi Path: Sabzi Mandi Chowk  ↔ GMCH 32,B_to_A,2756,306,360,0.85,OK,
2026-07-29 07:00:13,2026-07-29,07:00:13,Wednesday,7,N,23,Udyan Path: Secretariat Chowk  ↔ Furniture Chowk,A_to_B,7398,754,883,0.854,OK,
2026-07-29 07:00:13,2026-07-29,07:00:13,Wednesday,7,N,23,Udyan Path: Secretariat Chowk  ↔ Furniture Chowk,B_to_A,7219,721,830,0.869,OK,
2026-07-29 07:00:14,2026-07-29,07:00:14,Wednesday,7,N,24,Madhya Marg: Sector 17 ↔ Railway Station,A_to_B,7206,773,945,0.818,OK,
2026-07-29 07:00:14,2026-07-29,07:00:14,Wednesday,7,N,24,Madhya Marg: Sector 17 ↔ Railway Station,B_to_A,6568,773,1029,0.751,OK,
2026-07-29 07:00:14,2026-07-29,07:00:14,Wednesday,7,N,25,Paschim Marg: Sector 25 ↔ Sector 56,A_to_B,4090,436,537,0.812,OK,
2026-07-29 07:00:15,2026-07-29,07:00:15,Wednesday,7,N,25,Paschim Marg: Sector 25 ↔ Sector 56,B_to_A,3940,432,493,0.876,OK,
2026-07-29 07:30:01,2026-07-29,07:30:01,Wednesday,7,N,1,Madhya Marg: PGI Chowk ↔ Housing Board lights,A_to_B,9891,1193,1340,0.89,OK,
2026-07-29 07:30:01,2026-07-29,07:30:01,Wednesday,7,N,1,Madhya Marg: PGI Chowk ↔ Housing Board lights,B_to_A,8853,1154,1222,0.944,OK,
2026-07-29 07:30:02,2026-07-29,07:30:02,Wednesday,7,N,2,Udyog Path: PU Chowk ↔ Elante Mall,A_to_B,7214,874,1080,0.809,OK,
2026-07-29 07:30:02,2026-07-29,07:30:02,Wednesday,7,N,2,Udyog Path: PU Chowk ↔ Elante Mall,B_to_A,8051,875,1092,0.801,OK,
2026-07-29 07:30:02,2026-07-29,07:30:02,Wednesday,7,N,3,Dakshin Marg: Daddu Majra ↔ Hallo Majra Lights,A_to_B,8610,1159,1263,0.918,OK,
2026-07-29 07:30:02,2026-07-29,07:30:02,Wednesday,7,N,3,Dakshin Marg: Daddu Majra ↔ Hallo Majra Lights,B_to_A,9042,1280,1447,0.885,OK,
2026-07-29 07:30:03,2026-07-29,07:30:03,Wednesday,7,N,4,Shanti Path: Sector 38W ↔ Sector 31 Lights,A_to_B,7418,866,882,0.982,OK,
2026-07-29 07:30:03,2026-07-29,07:30:03,Wednesday,7,N,4,Shanti Path: Sector 38W ↔ Sector 31 Lights,B_to_A,7590,953,940,1.014,OK,
2026-07-29 07:30:03,2026-07-29,07:30:03,Wednesday,7,N,5,NH 5: Grain Market ↔ Sector 47 Chowk,A_to_B,7596,887,929,0.955,OK,
2026-07-29 07:30:04,2026-07-29,07:30:04,Wednesday,7,N,5,NH 5: Grain Market ↔ Sector 47 Chowk,B_to_A,7551,865,969,0.893,OK,
2026-07-29 07:30:04,2026-07-29,07:30:04,Wednesday,7,N,6,Vigyan Path: PEC Chowk ↔ Golf Club,A_to_B,4491,413,471,0.877,OK,
2026-07-29 07:30:04,2026-07-29,07:30:04,Wednesday,7,N,6,Vigyan Path: PEC Chowk ↔ Golf Club,B_to_A,4518,465,525,0.886,OK,
2026-07-29 07:30:04,2026-07-29,07:30:04,Wednesday,7,N,7,Uttar Marg: Sector 2 Chowk ↔ Sukhna Lake,A_to_B,2481,228,274,0.832,OK,
2026-07-29 07:30:05,2026-07-29,07:30:05,Wednesday,7,N,7,Uttar Marg: Sector 2 Chowk ↔ Sukhna Lake,B_to_A,3144,370,425,0.871,OK,
2026-07-29 07:30:05,2026-07-29,07:30:05,Wednesday,7,N,8,Madhya Marg: Khudda Lahora ↔ Matka Chowk,A_to_B,4208,595,599,0.993,OK,
2026-07-29 07:30:05,2026-07-29,07:30:05,Wednesday,7,N,8,Madhya Marg: Khudda Lahora ↔ Matka Chowk,B_to_A,3931,465,528,0.881,OK,
2026-07-29 07:30:05,2026-07-29,07:30:05,Wednesday,7,N,9,Madhya Marg: GMSH 16 ↔ Kalagram,A_to_B,5231,620,743,0.834,OK,
2026-07-29 07:30:06,2026-07-29,07:30:06,Wednesday,7,N,9,Madhya Marg: GMSH 16 ↔ Kalagram,B_to_A,7158,713,826,0.863,OK,
2026-07-29 07:30:06,2026-07-29,07:30:06,Wednesday,7,N,10,Udyog Path: Dhanas ↔ ISBT Sector 17,A_to_B,4785,702,735,0.955,OK,
2026-07-29 07:30:06,2026-07-29,07:30:06,Wednesday,7,N,10,Udyog Path: Dhanas ↔ ISBT Sector 17,B_to_A,5507,780,920,0.848,OK,
2026-07-29 07:30:06,2026-07-29,07:30:06,Wednesday,7,N,11,Udyog Path: ISBT Sector 17 ↔ Elante Mall,A_to_B,3274,280,385,0.727,OK,
2026-07-29 07:30:07,2026-07-29,07:30:07,Wednesday,7,N,11,Udyog Path: ISBT Sector 17 ↔ Elante Mall,B_to_A,3428,371,451,0.823,OK,
2026-07-29 07:30:07,2026-07-29,07:30:07,Wednesday,7,N,12,Dakshin Marg: DLF Mullanpur ↔ Kisan Bhawan Chowk,A_to_B,6720,803,895,0.897,OK,
2026-07-29 07:30:07,2026-07-29,07:30:07,Wednesday,7,N,12,Dakshin Marg: DLF Mullanpur ↔ Kisan Bhawan Chowk,B_to_A,7109,808,950,0.851,OK,
2026-07-29 07:30:07,2026-07-29,07:30:07,Wednesday,7,N,13,Dakshin Marg: Kisan Bhawan Chowk ↔ Airport Chowk,A_to_B,7722,965,1092,0.884,OK,
2026-07-29 07:30:08,2026-07-29,07:30:08,Wednesday,7,N,13,Dakshin Marg: Kisan Bhawan Chowk ↔ Airport Chowk,B_to_A,7931,1000,1147,0.872,OK,
2026-07-29 07:30:08,2026-07-29,07:30:08,Wednesday,7,N,14,NH 5: Max Hospital ↔ ISBT Sector 43,A_to_B,4206,458,501,0.914,OK,
2026-07-29 07:30:08,2026-07-29,07:30:08,Wednesday,7,N,14,NH 5: Max Hospital ↔ ISBT Sector 43,B_to_A,5718,596,721,0.827,OK,
2026-07-29 07:30:09,2026-07-29,07:30:09,Wednesday,7,N,15,Sukhna Path: Golf Club ↔ Cycle Chowk,A_to_B,9030,980,1147,0.854,OK,
2026-07-29 07:30:09,2026-07-29,07:30:09,Wednesday,7,N,15,Sukhna Path: Golf Club ↔ Cycle Chowk,B_to_A,7321,982,1081,0.908,OK,
2026-07-29 07:30:09,2026-07-29,07:30:09,Wednesday,7,N,16,Sarovar Path: Sukhna Lake ↔ Burail Jail,A_to_B,7816,913,1067,0.856,OK,
2026-07-29 07:30:09,2026-07-29,07:30:09,Wednesday,7,N,16,Sarovar Path: Sukhna Lake ↔ Burail Jail,B_to_A,7928,961,1086,0.885,OK,
2026-07-29 07:30:10,2026-07-29,07:30:10,Wednesday,7,N,17,Himalaya Marg: Rock Garden ↔ ISBT 43,A_to_B,8803,960,1096,0.876,OK,
2026-07-29 07:30:10,2026-07-29,07:30:10,Wednesday,7,N,17,Himalaya Marg: Rock Garden ↔ ISBT 43,B_to_A,8958,978,1128,0.867,OK,
2026-07-29 07:30:10,2026-07-29,07:30:10,Wednesday,7,N,18,Jan Marg: High Court ↔ ISBT 17,A_to_B,3334,319,391,0.816,OK,
2026-07-29 07:30:10,2026-07-29,07:30:10,Wednesday,7,N,18,Jan Marg: High Court ↔ ISBT 17,B_to_A,3132,279,337,0.828,OK,
2026-07-29 07:30:11,2026-07-29,07:30:11,Wednesday,7,N,19,Jan Marg: ISBT 17 ↔ ISBT 43,A_to_B,4115,496,566,0.876,OK,
2026-07-29 07:30:11,2026-07-29,07:30:11,Wednesday,7,N,19,Jan Marg: ISBT 17 ↔ ISBT 43,B_to_A,4233,514,578,0.889,OK,
2026-07-29 07:30:11,2026-07-29,07:30:11,Wednesday,7,N,20,Vidya Path: PGI Chowk ↔ Fountain Chowk,A_to_B,5475,623,710,0.877,OK,
2026-07-29 07:30:11,2026-07-29,07:30:11,Wednesday,7,N,20,Vidya Path: PGI Chowk ↔ Fountain Chowk,B_to_A,5474,701,710,0.987,OK,
2026-07-29 07:30:12,2026-07-29,07:30:12,Wednesday,7,N,21,Purv Marg: Tansport Chowk  ↔ Tribune Chowk,A_to_B,2620,378,411,0.92,OK,
2026-07-29 07:30:12,2026-07-29,07:30:12,Wednesday,7,N,21,Purv Marg: Tansport Chowk  ↔ Tribune Chowk,B_to_A,2763,392,470,0.834,OK,
2026-07-29 07:30:12,2026-07-29,07:30:12,Wednesday,7,N,22,Chandi Path: Sabzi Mandi Chowk  ↔ GMCH 32,A_to_B,2939,367,414,0.886,OK,
2026-07-29 07:30:12,2026-07-29,07:30:12,Wednesday,7,N,22,Chandi Path: Sabzi Mandi Chowk  ↔ GMCH 32,B_to_A,2756,329,360,0.914,OK,
2026-07-29 07:30:13,2026-07-29,07:30:13,Wednesday,7,N,23,Udyan Path: Secretariat Chowk  ↔ Furniture Chowk,A_to_B,7398,842,883,0.954,OK,
2026-07-29 07:30:13,2026-07-29,07:30:13,Wednesday,7,N,23,Udyan Path: Secretariat Chowk  ↔ Furniture Chowk,B_to_A,7219,824,830,0.993,OK,
2026-07-29 07:30:13,2026-07-29,07:30:13,Wednesday,7,N,24,Madhya Marg: Sector 17 ↔ Railway Station,A_to_B,7206,887,945,0.939,OK,
2026-07-29 07:30:13,2026-07-29,07:30:13,Wednesday,7,N,24,Madhya Marg: Sector 17 ↔ Railway Station,B_to_A,6568,798,1029,0.776,OK,
2026-07-29 07:30:14,2026-07-29,07:30:14,Wednesday,7,N,25,Paschim Marg: Sector 25 ↔ Sector 56,A_to_B,4090,462,537,0.86,OK,
2026-07-29 07:30:14,2026-07-29,07:30:14,Wednesday,7,N,25,Paschim Marg: Sector 25 ↔ Sector 56,B_to_A,3940,472,493,0.957,OK,
2026-07-29 08:00:01,2026-07-29,08:00:01,Wednesday,8,N,1,Madhya Marg: PGI Chowk ↔ Housing Board lights,A_to_B,11756,1285,1347,0.954,OK,
2026-07-29 08:00:02,2026-07-29,08:00:02,Wednesday,8,N,1,Madhya Marg: PGI Chowk ↔ Housing Board lights,B_to_A,8876,1247,1284,0.971,OK,
2026-07-29 08:00:02,2026-07-29,08:00:02,Wednesday,8,N,2,Udyog Path: PU Chowk ↔ Elante Mall,A_to_B,7173,981,1032,0.951,OK,
2026-07-29 08:00:02,2026-07-29,08:00:02,Wednesday,8,N,2,Udyog Path: PU Chowk ↔ Elante Mall,B_to_A,8051,1012,1092,0.927,OK,
2026-07-29 08:00:03,2026-07-29,08:00:03,Wednesday,8,N,3,Dakshin Marg: Daddu Majra ↔ Hallo Majra Lights,A_to_B,8610,1253,1263,0.992,OK,
2026-07-29 08:00:03,2026-07-29,08:00:03,Wednesday,8,N,3,Dakshin Marg: Daddu Majra ↔ Hallo Majra Lights,B_to_A,9042,1423,1447,0.983,OK,
2026-07-29 08:00:03,2026-07-29,08:00:03,Wednesday,8,N,4,Shanti Path: Sector 38W ↔ Sector 31 Lights,A_to_B,7418,933,882,1.058,OK,
2026-07-29 08:00:03,2026-07-29,08:00:03,Wednesday,8,N,4,Shanti Path: Sector 38W ↔ Sector 31 Lights,B_to_A,7590,1060,940,1.128,OK,
2026-07-29 08:00:04,2026-07-29,08:00:04,Wednesday,8,N,5,NH 5: Grain Market ↔ Sector 47 Chowk,A_to_B,7596,922,929,0.992,OK,
2026-07-29 08:00:04,2026-07-29,08:00:04,Wednesday,8,N,5,NH 5: Grain Market ↔ Sector 47 Chowk,B_to_A,7551,904,969,0.933,OK,
2026-07-29 08:00:04,2026-07-29,08:00:04,Wednesday,8,N,6,Vigyan Path: PEC Chowk ↔ Golf Club,A_to_B,4491,436,471,0.926,OK,
2026-07-29 08:00:05,2026-07-29,08:00:05,Wednesday,8,N,6,Vigyan Path: PEC Chowk ↔ Golf Club,B_to_A,4518,512,525,0.975,OK,
2026-07-29 08:00:05,2026-07-29,08:00:05,Wednesday,8,N,7,Uttar Marg: Sector 2 Chowk ↔ Sukhna Lake,A_to_B,2481,229,274,0.836,OK,
2026-07-29 08:00:05,2026-07-29,08:00:05,Wednesday,8,N,7,Uttar Marg: Sector 2 Chowk ↔ Sukhna Lake,B_to_A,3144,377,425,0.887,OK,
2026-07-29 08:00:05,2026-07-29,08:00:05,Wednesday,8,N,8,Madhya Marg: Khudda Lahora ↔ Matka Chowk,A_to_B,4208,868,599,1.449,OK,
2026-07-29 08:00:06,2026-07-29,08:00:06,Wednesday,8,N,8,Madhya Marg: Khudda Lahora ↔ Matka Chowk,B_to_A,3931,521,528,0.987,OK,
2026-07-29 08:00:06,2026-07-29,08:00:06,Wednesday,8,N,9,Madhya Marg: GMSH 16 ↔ Kalagram,A_to_B,5231,666,743,0.896,OK,
2026-07-29 08:00:06,2026-07-29,08:00:06,Wednesday,8,N,9,Madhya Marg: GMSH 16 ↔ Kalagram,B_to_A,5540,793,834,0.951,OK,
2026-07-29 08:00:06,2026-07-29,08:00:06,Wednesday,8,N,10,Udyog Path: Dhanas ↔ ISBT Sector 17,A_to_B,4785,914,735,1.244,OK,
2026-07-29 08:00:07,2026-07-29,08:00:07,Wednesday,8,N,10,Udyog Path: Dhanas ↔ ISBT Sector 17,B_to_A,5507,899,920,0.977,OK,
2026-07-29 08:00:07,2026-07-29,08:00:07,Wednesday,8,N,11,Udyog Path: ISBT Sector 17 ↔ Elante Mall,A_to_B,3274,331,385,0.86,OK,
2026-07-29 08:00:07,2026-07-29,08:00:07,Wednesday,8,N,11,Udyog Path: ISBT Sector 17 ↔ Elante Mall,B_to_A,3428,437,451,0.969,OK,
2026-07-29 08:00:07,2026-07-29,08:00:07,Wednesday,8,N,12,Dakshin Marg: DLF Mullanpur ↔ Kisan Bhawan Chowk,A_to_B,6720,908,895,1.015,OK,
2026-07-29 08:00:08,2026-07-29,08:00:08,Wednesday,8,N,12,Dakshin Marg: DLF Mullanpur ↔ Kisan Bhawan Chowk,B_to_A,7109,855,950,0.9,OK,
2026-07-29 08:00:08,2026-07-29,08:00:08,Wednesday,8,N,13,Dakshin Marg: Kisan Bhawan Chowk ↔ Airport Chowk,A_to_B,7722,1066,1092,0.976,OK,
2026-07-29 08:00:08,2026-07-29,08:00:08,Wednesday,8,N,13,Dakshin Marg: Kisan Bhawan Chowk ↔ Airport Chowk,B_to_A,7931,1083,1147,0.944,OK,
2026-07-29 08:00:08,2026-07-29,08:00:08,Wednesday,8,N,14,NH 5: Max Hospital ↔ ISBT Sector 43,A_to_B,4206,476,501,0.95,OK,
2026-07-29 08:00:09,2026-07-29,08:00:09,Wednesday,8,N,14,NH 5: Max Hospital ↔ ISBT Sector 43,B_to_A,5445,602,667,0.903,OK,
2026-07-29 08:00:09,2026-07-29,08:00:09,Wednesday,8,N,15,Sukhna Path: Golf Club ↔ Cycle Chowk,A_to_B,9001,1086,1153,0.942,OK,
2026-07-29 08:00:09,2026-07-29,08:00:09,Wednesday,8,N,15,Sukhna Path: Golf Club ↔ Cycle Chowk,B_to_A,7321,1025,1081,0.948,OK,
2026-07-29 08:00:09,2026-07-29,08:00:09,Wednesday,8,N,16,Sarovar Path: Sukhna Lake ↔ Burail Jail,A_to_B,7816,1162,1067,1.089,OK,
2026-07-29 08:00:10,2026-07-29,08:00:10,Wednesday,8,N,16,Sarovar Path: Sukhna Lake ↔ Burail Jail,B_to_A,7928,1120,1086,1.031,OK,
2026-07-29 08:00:10,2026-07-29,08:00:10,Wednesday,8,N,17,Himalaya Marg: Rock Garden ↔ ISBT 43,A_to_B,8803,967,1096,0.882,OK,
2026-07-29 08:00:10,2026-07-29,08:00:10,Wednesday,8,N,17,Himalaya Marg: Rock Garden ↔ ISBT 43,B_to_A,7142,993,1172,0.847,OK,
2026-07-29 08:00:11,2026-07-29,08:00:11,Wednesday,8,N,18,Jan Marg: High Court ↔ ISBT 17,A_to_B,3334,329,391,0.841,OK,
2026-07-29 08:00:11,2026-07-29,08:00:11,Wednesday,8,N,18,Jan Marg: High Court ↔ ISBT 17,B_to_A,3132,289,337,0.858,OK,
2026-07-29 08:00:11,2026-07-29,08:00:11,Wednesday,8,N,19,Jan Marg: ISBT 17 ↔ ISBT 43,A_to_B,4115,510,566,0.901,OK,
2026-07-29 08:00:11,2026-07-29,08:00:11,Wednesday,8,N,19,Jan Marg: ISBT 17 ↔ ISBT 43,B_to_A,4233,534,578,0.924,OK,
2026-07-29 08:00:12,2026-07-29,08:00:12,Wednesday,8,N,20,Vidya Path: PGI Chowk ↔ Fountain Chowk,A_to_B,5475,712,710,1.003,OK,
2026-07-29 08:00:12,2026-07-29,08:00:12,Wednesday,8,N,20,Vidya Path: PGI Chowk ↔ Fountain Chowk,B_to_A,6838,862,821,1.05,OK,
2026-07-29 08:00:12,2026-07-29,08:00:12,Wednesday,8,N,21,Purv Marg: Tansport Chowk  ↔ Tribune Chowk,A_to_B,2620,393,411,0.956,OK,
2026-07-29 08:00:12,2026-07-29,08:00:12,Wednesday,8,N,21,Purv Marg: Tansport Chowk  ↔ Tribune Chowk,B_to_A,2611,427,439,0.973,OK,
2026-07-29 08:00:13,2026-07-29,08:00:13,Wednesday,8,N,22,Chandi Path: Sabzi Mandi Chowk  ↔ GMCH 32,A_to_B,2939,394,414,0.952,OK,
2026-07-29 08:00:13,2026-07-29,08:00:13,Wednesday,8,N,22,Chandi Path: Sabzi Mandi Chowk  ↔ GMCH 32,B_to_A,2756,366,360,1.017,OK,
2026-07-29 08:00:13,2026-07-29,08:00:13,Wednesday,8,N,23,Udyan Path: Secretariat Chowk  ↔ Furniture Chowk,A_to_B,7398,870,883,0.985,OK,
2026-07-29 08:00:13,2026-07-29,08:00:13,Wednesday,8,N,23,Udyan Path: Secretariat Chowk  ↔ Furniture Chowk,B_to_A,7219,856,830,1.031,OK,
2026-07-29 08:00:14,2026-07-29,08:00:14,Wednesday,8,N,24,Madhya Marg: Sector 17 ↔ Railway Station,A_to_B,7229,935,1008,0.928,OK,
2026-07-29 08:00:14,2026-07-29,08:00:14,Wednesday,8,N,24,Madhya Marg: Sector 17 ↔ Railway Station,B_to_A,6568,827,1029,0.804,OK,
2026-07-29 08:00:14,2026-07-29,08:00:14,Wednesday,8,N,25,Paschim Marg: Sector 25 ↔ Sector 56,A_to_B,4089,496,536,0.925,OK,
2026-07-29 08:00:14,2026-07-29,08:00:14,Wednesday,8,N,25,Paschim Marg: Sector 25 ↔ Sector 56,B_to_A,3940,543,493,1.101,OK,
2026-07-29 08:30:01,2026-07-29,08:30:01,Wednesday,8,N,1,Madhya Marg: PGI Chowk ↔ Housing Board lights,A_to_B,11756,1357,1347,1.007,OK,
2026-07-29 08:30:01,2026-07-29,08:30:01,Wednesday,8,N,1,Madhya Marg: PGI Chowk ↔ Housing Board lights,B_to_A,8853,1300,1222,1.064,OK,
2026-07-29 08:30:01,2026-07-29,08:30:01,Wednesday,8,N,2,Udyog Path: PU Chowk ↔ Elante Mall,A_to_B,7173,1002,1032,0.971,OK,
2026-07-29 08:30:02,2026-07-29,08:30:02,Wednesday,8,N,2,Udyog Path: PU Chowk ↔ Elante Mall,B_to_A,8051,1023,1092,0.937,OK,
2026-07-29 08:30:02,2026-07-29,08:30:02,Wednesday,8,N,3,Dakshin Marg: Daddu Majra ↔ Hallo Majra Lights,A_to_B,8610,1367,1263,1.082,OK,
2026-07-29 08:30:02,2026-07-29,08:30:02,Wednesday,8,N,3,Dakshin Marg: Daddu Majra ↔ Hallo Majra Lights,B_to_A,9083,1500,1482,1.012,OK,
2026-07-29 08:30:03,2026-07-29,08:30:03,Wednesday,8,N,4,Shanti Path: Sector 38W ↔ Sector 31 Lights,A_to_B,7418,944,882,1.07,OK,
2026-07-29 08:30:03,2026-07-29,08:30:03,Wednesday,8,N,4,Shanti Path: Sector 38W ↔ Sector 31 Lights,B_to_A,7590,1045,940,1.112,OK,
2026-07-29 08:30:03,2026-07-29,08:30:03,Wednesday,8,N,5,NH 5: Grain Market ↔ Sector 47 Chowk,A_to_B,7596,953,929,1.026,OK,
2026-07-29 08:30:03,2026-07-29,08:30:03,Wednesday,8,N,5,NH 5: Grain Market ↔ Sector 47 Chowk,B_to_A,7551,947,969,0.977,OK,
2026-07-29 08:30:04,2026-07-29,08:30:04,Wednesday,8,N,6,Vigyan Path: PEC Chowk ↔ Golf Club,A_to_B,4491,457,471,0.97,OK,
2026-07-29 08:30:04,2026-07-29,08:30:04,Wednesday,8,N,6,Vigyan Path: PEC Chowk ↔ Golf Club,B_to_A,4518,528,525,1.006,OK,
2026-07-29 08:30:04,2026-07-29,08:30:04,Wednesday,8,N,7,Uttar Marg: Sector 2 Chowk ↔ Sukhna Lake,A_to_B,2481,242,274,0.883,OK,
2026-07-29 08:30:04,2026-07-29,08:30:04,Wednesday,8,N,7,Uttar Marg: Sector 2 Chowk ↔ Sukhna Lake,B_to_A,3144,374,425,0.88,OK,
2026-07-29 08:30:05,2026-07-29,08:30:05,Wednesday,8,N,8,Madhya Marg: Khudda Lahora ↔ Matka Chowk,A_to_B,4208,799,599,1.334,OK,
2026-07-29 08:30:05,2026-07-29,08:30:05,Wednesday,8,N,8,Madhya Marg: Khudda Lahora ↔ Matka Chowk,B_to_A,3931,507,528,0.96,OK,
2026-07-29 08:30:05,2026-07-29,08:30:05,Wednesday,8,N,9,Madhya Marg: GMSH 16 ↔ Kalagram,A_to_B,5231,719,743,0.968,OK,
2026-07-29 08:30:05,2026-07-29,08:30:05,Wednesday,8,N,9,Madhya Marg: GMSH 16 ↔ Kalagram,B_to_A,7158,799,826,0.967,OK,
2026-07-29 08:30:06,2026-07-29,08:30:06,Wednesday,8,N,10,Udyog Path: Dhanas ↔ ISBT Sector 17,A_to_B,4785,806,735,1.097,OK,
2026-07-29 08:30:06,2026-07-29,08:30:06,Wednesday,8,N,10,Udyog Path: Dhanas ↔ ISBT Sector 17,B_to_A,5507,875,920,0.951,OK,
2026-07-29 08:30:06,2026-07-29,08:30:06,Wednesday,8,N,11,Udyog Path: ISBT Sector 17 ↔ Elante Mall,A_to_B,3274,325,385,0.844,OK,
2026-07-29 08:30:07,2026-07-29,08:30:07,Wednesday,8,N,11,Udyog Path: ISBT Sector 17 ↔ Elante Mall,B_to_A,3428,478,451,1.06,OK,
2026-07-29 08:30:07,2026-07-29,08:30:07,Wednesday,8,N,12,Dakshin Marg: DLF Mullanpur ↔ Kisan Bhawan Chowk,A_to_B,6720,925,895,1.034,OK,
2026-07-29 08:30:07,2026-07-29,08:30:07,Wednesday,8,N,12,Dakshin Marg: DLF Mullanpur ↔ Kisan Bhawan Chowk,B_to_A,7109,895,950,0.942,OK,
2026-07-29 08:30:07,2026-07-29,08:30:07,Wednesday,8,N,13,Dakshin Marg: Kisan Bhawan Chowk ↔ Airport Chowk,A_to_B,7722,1202,1092,1.101,OK,
2026-07-29 08:30:08,2026-07-29,08:30:08,Wednesday,8,N,13,Dakshin Marg: Kisan Bhawan Chowk ↔ Airport Chowk,B_to_A,7973,1233,1124,1.097,OK,
2026-07-29 08:30:08,2026-07-29,08:30:08,Wednesday,8,N,14,NH 5: Max Hospital ↔ ISBT Sector 43,A_to_B,4206,502,501,1.002,OK,
2026-07-29 08:30:08,2026-07-29,08:30:08,Wednesday,8,N,14,NH 5: Max Hospital ↔ ISBT Sector 43,B_to_A,5445,608,667,0.912,OK,
2026-07-29 08:30:08,2026-07-29,08:30:08,Wednesday,8,N,15,Sukhna Path: Golf Club ↔ Cycle Chowk,A_to_B,9030,1137,1147,0.991,OK,
2026-07-29 08:30:09,2026-07-29,08:30:09,Wednesday,8,N,15,Sukhna Path: Golf Club ↔ Cycle Chowk,B_to_A,7321,1062,1081,0.982,OK,
2026-07-29 08:30:09,2026-07-29,08:30:09,Wednesday,8,N,16,Sarovar Path: Sukhna Lake ↔ Burail Jail,A_to_B,7816,1126,1067,1.055,OK,
2026-07-29 08:30:09,2026-07-29,08:30:09,Wednesday,8,N,16,Sarovar Path: Sukhna Lake ↔ Burail Jail,B_to_A,7928,1106,1086,1.018,OK,
2026-07-29 08:30:09,2026-07-29,08:30:09,Wednesday,8,N,17,Himalaya Marg: Rock Garden ↔ ISBT 43,A_to_B,8803,1031,1096,0.941,OK,
2026-07-29 08:30:10,2026-07-29,08:30:10,Wednesday,8,N,17,Himalaya Marg: Rock Garden ↔ ISBT 43,B_to_A,7142,1049,1172,0.895,OK,
2026-07-29 08:30:10,2026-07-29,08:30:10,Wednesday,8,N,18,Jan Marg: High Court ↔ ISBT 17,A_to_B,3334,344,391,0.88,OK,
2026-07-29 08:30:10,2026-07-29,08:30:10,Wednesday,8,N,18,Jan Marg: High Court ↔ ISBT 17,B_to_A,3132,328,337,0.973,OK,
2026-07-29 08:30:10,2026-07-29,08:30:10,Wednesday,8,N,19,Jan Marg: ISBT 17 ↔ ISBT 43,A_to_B,4115,534,566,0.943,OK,
2026-07-29 08:30:11,2026-07-29,08:30:11,Wednesday,8,N,19,Jan Marg: ISBT 17 ↔ ISBT 43,B_to_A,4231,568,578,0.983,OK,
2026-07-29 08:30:11,2026-07-29,08:30:11,Wednesday,8,N,20,Vidya Path: PGI Chowk ↔ Fountain Chowk,A_to_B,5475,711,710,1.001,OK,
2026-07-29 08:30:11,2026-07-29,08:30:11,Wednesday,8,N,20,Vidya Path: PGI Chowk ↔ Fountain Chowk,B_to_A,5474,782,710,1.101,OK,
2026-07-29 08:30:11,2026-07-29,08:30:11,Wednesday,8,N,21,Purv Marg: Tansport Chowk  ↔ Tribune Chowk,A_to_B,2620,430,411,1.046,OK,
2026-07-29 08:30:12,2026-07-29,08:30:12,Wednesday,8,N,21,Purv Marg: Tansport Chowk  ↔ Tribune Chowk,B_to_A,2611,457,439,1.041,OK,
2026-07-29 08:30:12,2026-07-29,08:30:12,Wednesday,8,N,22,Chandi Path: Sabzi Mandi Chowk  ↔ GMCH 32,A_to_B,2939,438,414,1.058,OK,
2026-07-29 08:30:12,2026-07-29,08:30:12,Wednesday,8,N,22,Chandi Path: Sabzi Mandi Chowk  ↔ GMCH 32,B_to_A,2756,349,360,0.969,OK,
2026-07-29 08:30:13,2026-07-29,08:30:13,Wednesday,8,N,23,Udyan Path: Secretariat Chowk  ↔ Furniture Chowk,A_to_B,7398,865,883,0.98,OK,
2026-07-29 08:30:13,2026-07-29,08:30:13,Wednesday,8,N,23,Udyan Path: Secretariat Chowk  ↔ Furniture Chowk,B_to_A,7219,857,830,1.033,OK,
2026-07-29 08:30:13,2026-07-29,08:30:13,Wednesday,8,N,24,Madhya Marg: Sector 17 ↔ Railway Station,A_to_B,7206,981,945,1.038,OK,
2026-07-29 08:30:13,2026-07-29,08:30:13,Wednesday,8,N,24,Madhya Marg: Sector 17 ↔ Railway Station,B_to_A,6568,884,1029,0.859,OK,
2026-07-29 08:30:14,2026-07-29,08:30:14,Wednesday,8,N,25,Paschim Marg: Sector 25 ↔ Sector 56,A_to_B,4090,580,537,1.08,OK,
2026-07-29 08:30:14,2026-07-29,08:30:14,Wednesday,8,N,25,Paschim Marg: Sector 25 ↔ Sector 56,B_to_A,3940,543,493,1.101,OK,
2026-07-29 09:00:01,2026-07-29,09:00:01,Wednesday,9,N,1,Madhya Marg: PGI Chowk ↔ Housing Board lights,A_to_B,11756,1539,1347,1.143,OK,
2026-07-29 09:00:02,2026-07-29,09:00:02,Wednesday,9,N,1,Madhya Marg: PGI Chowk ↔ Housing Board lights,B_to_A,10809,1545,1351,1.144,OK,
2026-07-29 09:00:02,2026-07-29,09:00:02,Wednesday,9,N,2,Udyog Path: PU Chowk ↔ Elante Mall,A_to_B,7173,1091,1032,1.057,OK,
2026-07-29 09:00:02,2026-07-29,09:00:02,Wednesday,9,N,2,Udyog Path: PU Chowk ↔ Elante Mall,B_to_A,8051,1187,1092,1.087,OK,
2026-07-29 09:00:02,2026-07-29,09:00:02,Wednesday,9,N,3,Dakshin Marg: Daddu Majra ↔ Hallo Majra Lights,A_to_B,8610,1453,1263,1.15,OK,
2026-07-29 09:00:03,2026-07-29,09:00:03,Wednesday,9,N,3,Dakshin Marg: Daddu Majra ↔ Hallo Majra Lights,B_to_A,9083,1670,1482,1.127,OK,
2026-07-29 09:00:03,2026-07-29,09:00:03,Wednesday,9,N,4,Shanti Path: Sector 38W ↔ Sector 31 Lights,A_to_B,7418,1147,882,1.3,OK,
2026-07-29 09:00:03,2026-07-29,09:00:03,Wednesday,9,N,4,Shanti Path: Sector 38W ↔ Sector 31 Lights,B_to_A,7590,1119,940,1.19,OK,
2026-07-29 09:00:04,2026-07-29,09:00:04,Wednesday,9,N,5,NH 5: Grain Market ↔ Sector 47 Chowk,A_to_B,7596,1005,929,1.082,OK,
2026-07-29 09:00:04,2026-07-29,09:00:04,Wednesday,9,N,5,NH 5: Grain Market ↔ Sector 47 Chowk,B_to_A,7551,983,969,1.014,OK,
2026-07-29 09:00:04,2026-07-29,09:00:04,Wednesday,9,N,6,Vigyan Path: PEC Chowk ↔ Golf Club,A_to_B,4491,504,471,1.07,OK,
2026-07-29 09:00:04,2026-07-29,09:00:04,Wednesday,9,N,6,Vigyan Path: PEC Chowk ↔ Golf Club,B_to_A,4518,589,525,1.122,OK,
2026-07-29 09:00:05,2026-07-29,09:00:05,Wednesday,9,N,7,Uttar Marg: Sector 2 Chowk ↔ Sukhna Lake,A_to_B,2481,280,274,1.022,OK,
2026-07-29 09:00:05,2026-07-29,09:00:05,Wednesday,9,N,7,Uttar Marg: Sector 2 Chowk ↔ Sukhna Lake,B_to_A,3144,386,425,0.908,OK,
2026-07-29 09:00:05,2026-07-29,09:00:05,Wednesday,9,N,8,Madhya Marg: Khudda Lahora ↔ Matka Chowk,A_to_B,4208,896,599,1.496,OK,
2026-07-29 09:00:05,2026-07-29,09:00:05,Wednesday,9,N,8,Madhya Marg: Khudda Lahora ↔ Matka Chowk,B_to_A,3931,609,528,1.153,OK,
2026-07-29 09:00:06,2026-07-29,09:00:06,Wednesday,9,N,9,Madhya Marg: GMSH 16 ↔ Kalagram,A_to_B,5231,826,743,1.112,OK,
2026-07-29 09:00:06,2026-07-29,09:00:06,Wednesday,9,N,9,Madhya Marg: GMSH 16 ↔ Kalagram,B_to_A,7158,845,826,1.023,OK,
2026-07-29 09:00:06,2026-07-29,09:00:06,Wednesday,9,N,10,Udyog Path: Dhanas ↔ ISBT Sector 17,A_to_B,4785,953,735,1.297,OK,
2026-07-29 09:00:07,2026-07-29,09:00:07,Wednesday,9,N,10,Udyog Path: Dhanas ↔ ISBT Sector 17,B_to_A,5507,991,920,1.077,OK,
2026-07-29 09:00:07,2026-07-29,09:00:07,Wednesday,9,N,11,Udyog Path: ISBT Sector 17 ↔ Elante Mall,A_to_B,3274,362,385,0.94,OK,
2026-07-29 09:00:07,2026-07-29,09:00:07,Wednesday,9,N,11,Udyog Path: ISBT Sector 17 ↔ Elante Mall,B_to_A,3428,528,451,1.171,OK,
2026-07-29 09:00:07,2026-07-29,09:00:07,Wednesday,9,N,12,Dakshin Marg: DLF Mullanpur ↔ Kisan Bhawan Chowk,A_to_B,6720,1087,895,1.215,OK,
2026-07-29 09:00:08,2026-07-29,09:00:08,Wednesday,9,N,12,Dakshin Marg: DLF Mullanpur ↔ Kisan Bhawan Chowk,B_to_A,7109,988,950,1.04,OK,
2026-07-29 09:00:08,2026-07-29,09:00:08,Wednesday,9,N,13,Dakshin Marg: Kisan Bhawan Chowk ↔ Airport Chowk,A_to_B,7722,1231,1092,1.127,OK,
2026-07-29 09:00:08,2026-07-29,09:00:08,Wednesday,9,N,13,Dakshin Marg: Kisan Bhawan Chowk ↔ Airport Chowk,B_to_A,7973,1471,1124,1.309,OK,
2026-07-29 09:00:08,2026-07-29,09:00:08,Wednesday,9,N,14,NH 5: Max Hospital ↔ ISBT Sector 43,A_to_B,4206,556,501,1.11,OK,
2026-07-29 09:00:09,2026-07-29,09:00:09,Wednesday,9,N,14,NH 5: Max Hospital ↔ ISBT Sector 43,B_to_A,5445,637,667,0.955,OK,
2026-07-29 09:00:09,2026-07-29,09:00:09,Wednesday,9,N,15,Sukhna Path: Golf Club ↔ Cycle Chowk,A_to_B,8924,1168,1150,1.016,OK,
2026-07-29 09:00:09,2026-07-29,09:00:09,Wednesday,9,N,15,Sukhna Path: Golf Club ↔ Cycle Chowk,B_to_A,7321,1174,1081,1.086,OK,
2026-07-29 09:00:09,2026-07-29,09:00:09,Wednesday,9,N,16,Sarovar Path: Sukhna Lake ↔ Burail Jail,A_to_B,7816,1142,1067,1.07,OK,
2026-07-29 09:00:10,2026-07-29,09:00:10,Wednesday,9,N,16,Sarovar Path: Sukhna Lake ↔ Burail Jail,B_to_A,7928,1351,1086,1.244,OK,
2026-07-29 09:00:10,2026-07-29,09:00:10,Wednesday,9,N,17,Himalaya Marg: Rock Garden ↔ ISBT 43,A_to_B,8803,1120,1096,1.022,OK,
2026-07-29 09:00:10,2026-07-29,09:00:10,Wednesday,9,N,17,Himalaya Marg: Rock Garden ↔ ISBT 43,B_to_A,7142,1148,1172,0.98,OK,
2026-07-29 09:00:10,2026-07-29,09:00:10,Wednesday,9,N,18,Jan Marg: High Court ↔ ISBT 17,A_to_B,3334,409,391,1.046,OK,
2026-07-29 09:00:11,2026-07-29,09:00:11,Wednesday,9,N,18,Jan Marg: High Court ↔ ISBT 17,B_to_A,3132,373,337,1.107,OK,
2026-07-29 09:00:11,2026-07-29,09:00:11,Wednesday,9,N,19,Jan Marg: ISBT 17 ↔ ISBT 43,A_to_B,4115,587,566,1.037,OK,
2026-07-29 09:00:11,2026-07-29,09:00:11,Wednesday,9,N,19,Jan Marg: ISBT 17 ↔ ISBT 43,B_to_A,4233,675,578,1.168,OK,
2026-07-29 09:00:12,2026-07-29,09:00:12,Wednesday,9,N,20,Vidya Path: PGI Chowk ↔ Fountain Chowk,A_to_B,5475,762,710,1.073,OK,
2026-07-29 09:00:12,2026-07-29,09:00:12,Wednesday,9,N,20,Vidya Path: PGI Chowk ↔ Fountain Chowk,B_to_A,5474,973,710,1.37,OK,
2026-07-29 09:00:12,2026-07-29,09:00:12,Wednesday,9,N,21,Purv Marg: Tansport Chowk  ↔ Tribune Chowk,A_to_B,2620,439,411,1.068,OK,
2026-07-29 09:00:12,2026-07-29,09:00:12,Wednesday,9,N,21,Purv Marg: Tansport Chowk  ↔ Tribune Chowk,B_to_A,2611,460,439,1.048,OK,
2026-07-29 09:00:13,2026-07-29,09:00:13,Wednesday,9,N,22,Chandi Path: Sabzi Mandi Chowk  ↔ GMCH 32,A_to_B,2938,437,414,1.056,OK,
2026-07-29 09:00:13,2026-07-29,09:00:13,Wednesday,9,N,22,Chandi Path: Sabzi Mandi Chowk  ↔ GMCH 32,B_to_A,2756,384,360,1.067,OK,
2026-07-29 09:00:13,2026-07-29,09:00:13,Wednesday,9,N,23,Udyan Path: Secretariat Chowk  ↔ Furniture Chowk,A_to_B,7398,929,883,1.052,OK,
2026-07-29 09:00:13,2026-07-29,09:00:13,Wednesday,9,N,23,Udyan Path: Secretariat Chowk  ↔ Furniture Chowk,B_to_A,7219,1175,830,1.416,OK,
2026-07-29 09:00:14,2026-07-29,09:00:14,Wednesday,9,N,24,Madhya Marg: Sector 17 ↔ Railway Station,A_to_B,8934,1161,1084,1.071,OK,
2026-07-29 09:00:14,2026-07-29,09:00:14,Wednesday,9,N,24,Madhya Marg: Sector 17 ↔ Railway Station,B_to_A,7145,1007,1106,0.91,OK,
2026-07-29 09:00:14,2026-07-29,09:00:14,Wednesday,9,N,25,Paschim Marg: Sector 25 ↔ Sector 56,A_to_B,4090,619,537,1.153,OK,
2026-07-29 09:00:14,2026-07-29,09:00:14,Wednesday,9,N,25,Paschim Marg: Sector 25 ↔ Sector 56,B_to_A,3940,577,493,1.17,OK,
2026-07-29 09:30:02,2026-07-29,09:30:02,Wednesday,9,N,1,Madhya Marg: PGI Chowk ↔ Housing Board lights,A_to_B,11756,1620,1347,1.203,OK,
2026-07-29 09:30:02,2026-07-29,09:30:02,Wednesday,9,N,1,Madhya Marg: PGI Chowk ↔ Housing Board lights,B_to_A,10872,1616,1362,1.186,OK,
2026-07-29 09:30:02,2026-07-29,09:30:02,Wednesday,9,N,2,Udyog Path: PU Chowk ↔ Elante Mall,A_to_B,7173,1203,1032,1.166,OK,
2026-07-29 09:30:03,2026-07-29,09:30:03,Wednesday,9,N,2,Udyog Path: PU Chowk ↔ Elante Mall,B_to_A,8001,1283,1228,1.045,OK,
2026-07-29 09:30:03,2026-07-29,09:30:03,Wednesday,9,N,3,Dakshin Marg: Daddu Majra ↔ Hallo Majra Lights,A_to_B,8610,1460,1263,1.156,OK,
2026-07-29 09:30:03,2026-07-29,09:30:03,Wednesday,9,N,3,Dakshin Marg: Daddu Majra ↔ Hallo Majra Lights,B_to_A,9083,1735,1482,1.171,OK,
2026-07-29 09:30:03,2026-07-29,09:30:03,Wednesday,9,N,4,Shanti Path: Sector 38W ↔ Sector 31 Lights,A_to_B,7418,1143,882,1.296,OK,
2026-07-29 09:30:04,2026-07-29,09:30:04,Wednesday,9,N,4,Shanti Path: Sector 38W ↔ Sector 31 Lights,B_to_A,7590,1203,940,1.28,OK,
2026-07-29 09:30:04,2026-07-29,09:30:04,Wednesday,9,N,5,NH 5: Grain Market ↔ Sector 47 Chowk,A_to_B,10162,1308,1156,1.131,OK,
2026-07-29 09:30:04,2026-07-29,09:30:04,Wednesday,9,N,5,NH 5: Grain Market ↔ Sector 47 Chowk,B_to_A,7551,994,969,1.026,OK,
2026-07-29 09:30:05,2026-07-29,09:30:05,Wednesday,9,N,6,Vigyan Path: PEC Chowk ↔ Golf Club,A_to_B,4491,542,471,1.151,OK,
2026-07-29 09:30:05,2026-07-29,09:30:05,Wednesday,9,N,6,Vigyan Path: PEC Chowk ↔ Golf Club,B_to_A,4518,618,525,1.177,OK,
2026-07-29 09:30:05,2026-07-29,09:30:05,Wednesday,9,N,7,Uttar Marg: Sector 2 Chowk ↔ Sukhna Lake,A_to_B,2481,304,274,1.109,OK,
2026-07-29 09:30:05,2026-07-29,09:30:05,Wednesday,9,N,7,Uttar Marg: Sector 2 Chowk ↔ Sukhna Lake,B_to_A,3144,391,425,0.92,OK,
2026-07-29 09:30:06,2026-07-29,09:30:06,Wednesday,9,N,8,Madhya Marg: Khudda Lahora ↔ Matka Chowk,A_to_B,4217,955,600,1.592,OK,
2026-07-29 09:30:06,2026-07-29,09:30:06,Wednesday,9,N,8,Madhya Marg: Khudda Lahora ↔ Matka Chowk,B_to_A,3931,705,528,1.335,OK,
2026-07-29 09:30:06,2026-07-29,09:30:06,Wednesday,9,N,9,Madhya Marg: GMSH 16 ↔ Kalagram,A_to_B,5231,887,743,1.194,OK,
2026-07-29 09:30:06,2026-07-29,09:30:06,Wednesday,9,N,9,Madhya Marg: GMSH 16 ↔ Kalagram,B_to_A,7158,864,826,1.046,OK,
2026-07-29 09:30:07,2026-07-29,09:30:07,Wednesday,9,N,10,Udyog Path: Dhanas ↔ ISBT Sector 17,A_to_B,4785,975,735,1.327,OK,
2026-07-29 09:30:07,2026-07-29,09:30:07,Wednesday,9,N,10,Udyog Path: Dhanas ↔ ISBT Sector 17,B_to_A,5507,957,920,1.04,OK,
2026-07-29 09:30:07,2026-07-29,09:30:07,Wednesday,9,N,11,Udyog Path: ISBT Sector 17 ↔ Elante Mall,A_to_B,3274,368,385,0.956,OK,
2026-07-29 09:30:07,2026-07-29,09:30:07,Wednesday,9,N,11,Udyog Path: ISBT Sector 17 ↔ Elante Mall,B_to_A,3428,723,451,1.603,OK,
2026-07-29 09:30:08,2026-07-29,09:30:08,Wednesday,9,N,12,Dakshin Marg: DLF Mullanpur ↔ Kisan Bhawan Chowk,A_to_B,6720,1136,895,1.269,OK,
2026-07-29 09:30:08,2026-07-29,09:30:08,Wednesday,9,N,12,Dakshin Marg: DLF Mullanpur ↔ Kisan Bhawan Chowk,B_to_A,7109,979,950,1.031,OK,
2026-07-29 09:30:08,2026-07-29,09:30:08,Wednesday,9,N,13,Dakshin Marg: Kisan Bhawan Chowk ↔ Airport Chowk,A_to_B,7722,1236,1092,1.132,OK,
2026-07-29 09:30:09,2026-07-29,09:30:09,Wednesday,9,N,13,Dakshin Marg: Kisan Bhawan Chowk ↔ Airport Chowk,B_to_A,7973,1595,1124,1.419,OK,
2026-07-29 09:30:09,2026-07-29,09:30:09,Wednesday,9,N,14,NH 5: Max Hospital ↔ ISBT Sector 43,A_to_B,4206,563,501,1.124,OK,
2026-07-29 09:30:09,2026-07-29,09:30:09,Wednesday,9,N,14,NH 5: Max Hospital ↔ ISBT Sector 43,B_to_A,5445,643,667,0.964,OK,
2026-07-29 09:30:09,2026-07-29,09:30:09,Wednesday,9,N,15,Sukhna Path: Golf Club ↔ Cycle Chowk,A_to_B,7421,1072,1082,0.991,OK,
2026-07-29 09:30:10,2026-07-29,09:30:10,Wednesday,9,N,15,Sukhna Path: Golf Club ↔ Cycle Chowk,B_to_A,7321,1207,1081,1.117,OK,
2026-07-29 09:30:10,2026-07-29,09:30:10,Wednesday,9,N,16,Sarovar Path: Sukhna Lake ↔ Burail Jail,A_to_B,7816,1179,1067,1.105,OK,
2026-07-29 09:30:10,2026-07-29,09:30:10,Wednesday,9,N,16,Sarovar Path: Sukhna Lake ↔ Burail Jail,B_to_A,9522,1419,1246,1.139,OK,
2026-07-29 09:30:10,2026-07-29,09:30:10,Wednesday,9,N,17,Himalaya Marg: Rock Garden ↔ ISBT 43,A_to_B,8803,1184,1096,1.08,OK,
2026-07-29 09:30:11,2026-07-29,09:30:11,Wednesday,9,N,17,Himalaya Marg: Rock Garden ↔ ISBT 43,B_to_A,8806,1317,1183,1.113,OK,
2026-07-29 09:30:11,2026-07-29,09:30:11,Wednesday,9,N,18,Jan Marg: High Court ↔ ISBT 17,A_to_B,3334,437,391,1.118,OK,
2026-07-29 09:30:11,2026-07-29,09:30:11,Wednesday,9,N,18,Jan Marg: High Court ↔ ISBT 17,B_to_A,3132,433,337,1.285,OK,
2026-07-29 09:30:11,2026-07-29,09:30:11,Wednesday,9,N,19,Jan Marg: ISBT 17 ↔ ISBT 43,A_to_B,4115,600,566,1.06,OK,
2026-07-29 09:30:12,2026-07-29,09:30:12,Wednesday,9,N,19,Jan Marg: ISBT 17 ↔ ISBT 43,B_to_A,4233,669,578,1.157,OK,
2026-07-29 09:30:12,2026-07-29,09:30:12,Wednesday,9,N,20,Vidya Path: PGI Chowk ↔ Fountain Chowk,A_to_B,5475,783,710,1.103,OK,
2026-07-29 09:30:12,2026-07-29,09:30:12,Wednesday,9,N,20,Vidya Path: PGI Chowk ↔ Fountain Chowk,B_to_A,5474,967,710,1.362,OK,
2026-07-29 09:30:12,2026-07-29,09:30:12,Wednesday,9,N,21,Purv Marg: Tansport Chowk  ↔ Tribune Chowk,A_to_B,2620,458,411,1.114,OK,
2026-07-29 09:30:13,2026-07-29,09:30:13,Wednesday,9,N,21,Purv Marg: Tansport Chowk  ↔ Tribune Chowk,B_to_A,2611,465,439,1.059,OK,
2026-07-29 09:30:13,2026-07-29,09:30:13,Wednesday,9,N,22,Chandi Path: Sabzi Mandi Chowk  ↔ GMCH 32,A_to_B,2939,454,414,1.097,OK,
2026-07-29 09:30:13,2026-07-29,09:30:13,Wednesday,9,N,22,Chandi Path: Sabzi Mandi Chowk  ↔ GMCH 32,B_to_A,2756,423,360,1.175,OK,
2026-07-29 09:30:13,2026-07-29,09:30:13,Wednesday,9,N,23,Udyan Path: Secretariat Chowk  ↔ Furniture Chowk,A_to_B,7398,1074,883,1.216,OK,
2026-07-29 09:30:14,2026-07-29,09:30:14,Wednesday,9,N,23,Udyan Path: Secretariat Chowk  ↔ Furniture Chowk,B_to_A,7219,984,830,1.186,OK,
2026-07-29 09:30:14,2026-07-29,09:30:14,Wednesday,9,N,24,Madhya Marg: Sector 17 ↔ Railway Station,A_to_B,7714,1301,1071,1.215,OK,
2026-07-29 09:30:14,2026-07-29,09:30:14,Wednesday,9,N,24,Madhya Marg: Sector 17 ↔ Railway Station,B_to_A,7145,1011,1106,0.914,OK,
2026-07-29 09:30:14,2026-07-29,09:30:14,Wednesday,9,N,25,Paschim Marg: Sector 25 ↔ Sector 56,A_to_B,4090,822,537,1.531,OK,
2026-07-29 09:30:15,2026-07-29,09:30:15,Wednesday,9,N,25,Paschim Marg: Sector 25 ↔ Sector 56,B_to_A,3940,500,493,1.014,OK,
2026-07-29 10:00:01,2026-07-29,10:00:01,Wednesday,10,N,1,Madhya Marg: PGI Chowk ↔ Housing Board lights,A_to_B,11756,1458,1347,1.082,OK,
2026-07-29 10:00:01,2026-07-29,10:00:01,Wednesday,10,N,1,Madhya Marg: PGI Chowk ↔ Housing Board lights,B_to_A,10809,1361,1351,1.007,OK,
2026-07-29 10:00:02,2026-07-29,10:00:02,Wednesday,10,N,2,Udyog Path: PU Chowk ↔ Elante Mall,A_to_B,7173,1120,1032,1.085,OK,
2026-07-29 10:00:02,2026-07-29,10:00:02,Wednesday,10,N,2,Udyog Path: PU Chowk ↔ Elante Mall,B_to_A,8051,1189,1092,1.089,OK,
2026-07-29 10:00:02,2026-07-29,10:00:02,Wednesday,10,N,3,Dakshin Marg: Daddu Majra ↔ Hallo Majra Lights,A_to_B,8621,1527,1280,1.193,OK,
2026-07-29 10:00:03,2026-07-29,10:00:03,Wednesday,10,N,3,Dakshin Marg: Daddu Majra ↔ Hallo Majra Lights,B_to_A,9083,1777,1482,1.199,OK,
2026-07-29 10:00:03,2026-07-29,10:00:03,Wednesday,10,N,4,Shanti Path: Sector 38W ↔ Sector 31 Lights,A_to_B,7418,1032,882,1.17,OK,
2026-07-29 10:00:03,2026-07-29,10:00:03,Wednesday,10,N,4,Shanti Path: Sector 38W ↔ Sector 31 Lights,B_to_A,7590,1218,940,1.296,OK,
2026-07-29 10:00:03,2026-07-29,10:00:03,Wednesday,10,N,5,NH 5: Grain Market ↔ Sector 47 Chowk,A_to_B,7596,1029,929,1.108,OK,
2026-07-29 10:00:04,2026-07-29,10:00:04,Wednesday,10,N,5,NH 5: Grain Market ↔ Sector 47 Chowk,B_to_A,7551,1048,969,1.082,OK,
2026-07-29 10:00:04,2026-07-29,10:00:04,Wednesday,10,N,6,Vigyan Path: PEC Chowk ↔ Golf Club,A_to_B,4491,524,471,1.113,OK,
2026-07-29 10:00:04,2026-07-29,10:00:04,Wednesday,10,N,6,Vigyan Path: PEC Chowk ↔ Golf Club,B_to_A,4518,564,525,1.074,OK,
2026-07-29 10:00:04,2026-07-29,10:00:04,Wednesday,10,N,7,Uttar Marg: Sector 2 Chowk ↔ Sukhna Lake,A_to_B,2481,256,274,0.934,OK,
2026-07-29 10:00:05,2026-07-29,10:00:05,Wednesday,10,N,7,Uttar Marg: Sector 2 Chowk ↔ Sukhna Lake,B_to_A,3144,367,425,0.864,OK,
2026-07-29 10:00:05,2026-07-29,10:00:05,Wednesday,10,N,8,Madhya Marg: Khudda Lahora ↔ Matka Chowk,A_to_B,4208,601,599,1.003,OK,
2026-07-29 10:00:05,2026-07-29,10:00:05,Wednesday,10,N,8,Madhya Marg: Khudda Lahora ↔ Matka Chowk,B_to_A,3931,556,528,1.053,OK,
2026-07-29 10:00:06,2026-07-29,10:00:06,Wednesday,10,N,9,Madhya Marg: GMSH 16 ↔ Kalagram,A_to_B,5231,883,743,1.188,OK,
2026-07-29 10:00:06,2026-07-29,10:00:06,Wednesday,10,N,9,Madhya Marg: GMSH 16 ↔ Kalagram,B_to_A,7158,812,826,0.983,OK,
2026-07-29 10:00:06,2026-07-29,10:00:06,Wednesday,10,N,10,Udyog Path: Dhanas ↔ ISBT Sector 17,A_to_B,4785,850,735,1.156,OK,
2026-07-29 10:00:06,2026-07-29,10:00:06,Wednesday,10,N,10,Udyog Path: Dhanas ↔ ISBT Sector 17,B_to_A,5507,931,920,1.012,OK,
2026-07-29 10:00:07,2026-07-29,10:00:07,Wednesday,10,N,11,Udyog Path: ISBT Sector 17 ↔ Elante Mall,A_to_B,3274,366,385,0.951,OK,
2026-07-29 10:00:07,2026-07-29,10:00:07,Wednesday,10,N,11,Udyog Path: ISBT Sector 17 ↔ Elante Mall,B_to_A,3428,581,451,1.288,OK,
2026-07-29 10:00:07,2026-07-29,10:00:07,Wednesday,10,N,12,Dakshin Marg: DLF Mullanpur ↔ Kisan Bhawan Chowk,A_to_B,6720,1011,895,1.13,OK,
2026-07-29 10:00:07,2026-07-29,10:00:07,Wednesday,10,N,12,Dakshin Marg: DLF Mullanpur ↔ Kisan Bhawan Chowk,B_to_A,7109,1002,950,1.055,OK,
2026-07-29 10:00:08,2026-07-29,10:00:08,Wednesday,10,N,13,Dakshin Marg: Kisan Bhawan Chowk ↔ Airport Chowk,A_to_B,7722,1263,1092,1.157,OK,
2026-07-29 10:00:08,2026-07-29,10:00:08,Wednesday,10,N,13,Dakshin Marg: Kisan Bhawan Chowk ↔ Airport Chowk,B_to_A,7973,1572,1155,1.361,OK,
2026-07-29 10:00:08,2026-07-29,10:00:08,Wednesday,10,N,14,NH 5: Max Hospital ↔ ISBT Sector 43,A_to_B,4206,526,501,1.05,OK,
2026-07-29 10:00:08,2026-07-29,10:00:08,Wednesday,10,N,14,NH 5: Max Hospital ↔ ISBT Sector 43,B_to_A,5445,596,667,0.894,OK,
2026-07-29 10:00:09,2026-07-29,10:00:09,Wednesday,10,N,15,Sukhna Path: Golf Club ↔ Cycle Chowk,A_to_B,7421,1042,1082,0.963,OK,
2026-07-29 10:00:09,2026-07-29,10:00:09,Wednesday,10,N,15,Sukhna Path: Golf Club ↔ Cycle Chowk,B_to_A,9079,1222,1202,1.017,OK,
2026-07-29 10:00:09,2026-07-29,10:00:09,Wednesday,10,N,16,Sarovar Path: Sukhna Lake ↔ Burail Jail,A_to_B,7816,1183,1067,1.109,OK,
2026-07-29 10:00:09,2026-07-29,10:00:09,Wednesday,10,N,16,Sarovar Path: Sukhna Lake ↔ Burail Jail,B_to_A,8615,1320,1185,1.114,OK,
2026-07-29 10:00:10,2026-07-29,10:00:10,Wednesday,10,N,17,Himalaya Marg: Rock Garden ↔ ISBT 43,A_to_B,8803,1192,1096,1.088,OK,
2026-07-29 10:00:10,2026-07-29,10:00:10,Wednesday,10,N,17,Himalaya Marg: Rock Garden ↔ ISBT 43,B_to_A,8976,1198,1138,1.053,OK,
2026-07-29 10:00:10,2026-07-29,10:00:10,Wednesday,10,N,18,Jan Marg: High Court ↔ ISBT 17,A_to_B,3334,445,391,1.138,OK,
2026-07-29 10:00:10,2026-07-29,10:00:10,Wednesday,10,N,18,Jan Marg: High Court ↔ ISBT 17,B_to_A,3132,373,337,1.107,OK,
2026-07-29 10:00:11,2026-07-29,10:00:11,Wednesday,10,N,19,Jan Marg: ISBT 17 ↔ ISBT 43,A_to_B,4115,607,566,1.072,OK,
2026-07-29 10:00:11,2026-07-29,10:00:11,Wednesday,10,N,19,Jan Marg: ISBT 17 ↔ ISBT 43,B_to_A,4233,663,578,1.147,OK,
2026-07-29 10:00:11,2026-07-29,10:00:11,Wednesday,10,N,20,Vidya Path: PGI Chowk ↔ Fountain Chowk,A_to_B,5475,760,710,1.07,OK,
2026-07-29 10:00:12,2026-07-29,10:00:12,Wednesday,10,N,20,Vidya Path: PGI Chowk ↔ Fountain Chowk,B_to_A,5474,791,710,1.114,OK,
2026-07-29 10:00:12,2026-07-29,10:00:12,Wednesday,10,N,21,Purv Marg: Tansport Chowk  ↔ Tribune Chowk,A_to_B,2620,470,411,1.144,OK,
2026-07-29 10:00:12,2026-07-29,10:00:12,Wednesday,10,N,21,Purv Marg: Tansport Chowk  ↔ Tribune Chowk,B_to_A,2611,483,439,1.1,OK,
2026-07-29 10:00:12,2026-07-29,10:00:12,Wednesday,10,N,22,Chandi Path: Sabzi Mandi Chowk  ↔ GMCH 32,A_to_B,2939,446,414,1.077,OK,
2026-07-29 10:00:13,2026-07-29,10:00:13,Wednesday,10,N,22,Chandi Path: Sabzi Mandi Chowk  ↔ GMCH 32,B_to_A,2756,440,360,1.222,OK,
2026-07-29 10:00:13,2026-07-29,10:00:13,Wednesday,10,N,23,Udyan Path: Secretariat Chowk  ↔ Furniture Chowk,A_to_B,7398,969,883,1.097,OK,
2026-07-29 10:00:13,2026-07-29,10:00:13,Wednesday,10,N,23,Udyan Path: Secretariat Chowk  ↔ Furniture Chowk,B_to_A,7219,904,830,1.089,OK,
2026-07-29 10:00:13,2026-07-29,10:00:13,Wednesday,10,N,24,Madhya Marg: Sector 17 ↔ Railway Station,A_to_B,7206,1182,945,1.251,OK,
2026-07-29 10:00:14,2026-07-29,10:00:14,Wednesday,10,N,24,Madhya Marg: Sector 17 ↔ Railway Station,B_to_A,7145,979,1106,0.885,OK,
2026-07-29 10:00:14,2026-07-29,10:00:14,Wednesday,10,N,25,Paschim Marg: Sector 25 ↔ Sector 56,A_to_B,5834,745,693,1.075,OK,
2026-07-29 10:00:14,2026-07-29,10:00:14,Wednesday,10,N,25,Paschim Marg: Sector 25 ↔ Sector 56,B_to_A,3940,506,493,1.026,OK,
2026-07-29 10:30:02,2026-07-29,10:30:02,Wednesday,10,N,1,Madhya Marg: PGI Chowk ↔ Housing Board lights,A_to_B,11756,1386,1347,1.029,OK,
2026-07-29 10:30:02,2026-07-29,10:30:02,Wednesday,10,N,1,Madhya Marg: PGI Chowk ↔ Housing Board lights,B_to_A,8853,1334,1222,1.092,OK,
2026-07-29 10:30:02,2026-07-29,10:30:02,Wednesday,10,N,2,Udyog Path: PU Chowk ↔ Elante Mall,A_to_B,7173,1101,1032,1.067,OK,
2026-07-29 10:30:02,2026-07-29,10:30:02,Wednesday,10,N,2,Udyog Path: PU Chowk ↔ Elante Mall,B_to_A,8051,1128,1092,1.033,OK,
2026-07-29 10:30:03,2026-07-29,10:30:03,Wednesday,10,N,3,Dakshin Marg: Daddu Majra ↔ Hallo Majra Lights,A_to_B,8621,1452,1299,1.118,OK,
2026-07-29 10:30:03,2026-07-29,10:30:03,Wednesday,10,N,3,Dakshin Marg: Daddu Majra ↔ Hallo Majra Lights,B_to_A,9042,1653,1447,1.142,OK,
2026-07-29 10:30:03,2026-07-29,10:30:03,Wednesday,10,N,4,Shanti Path: Sector 38W ↔ Sector 31 Lights,A_to_B,7418,1039,882,1.178,OK,
2026-07-29 10:30:04,2026-07-29,10:30:04,Wednesday,10,N,4,Shanti Path: Sector 38W ↔ Sector 31 Lights,B_to_A,7590,1262,940,1.343,OK,
2026-07-29 10:30:04,2026-07-29,10:30:04,Wednesday,10,N,5,NH 5: Grain Market ↔ Sector 47 Chowk,A_to_B,7596,1039,929,1.118,OK,
2026-07-29 10:30:04,2026-07-29,10:30:04,Wednesday,10,N,5,NH 5: Grain Market ↔ Sector 47 Chowk,B_to_A,7572,1136,982,1.157,OK,
2026-07-29 10:30:04,2026-07-29,10:30:04,Wednesday,10,N,6,Vigyan Path: PEC Chowk ↔ Golf Club,A_to_B,4491,496,471,1.053,OK,
2026-07-29 10:30:05,2026-07-29,10:30:05,Wednesday,10,N,6,Vigyan Path: PEC Chowk ↔ Golf Club,B_to_A,4518,536,525,1.021,OK,
2026-07-29 10:30:05,2026-07-29,10:30:05,Wednesday,10,N,7,Uttar Marg: Sector 2 Chowk ↔ Sukhna Lake,A_to_B,2481,236,274,0.861,OK,
2026-07-29 10:30:05,2026-07-29,10:30:05,Wednesday,10,N,7,Uttar Marg: Sector 2 Chowk ↔ Sukhna Lake,B_to_A,3144,363,425,0.854,OK,
2026-07-29 10:30:05,2026-07-29,10:30:05,Wednesday,10,N,8,Madhya Marg: Khudda Lahora ↔ Matka Chowk,A_to_B,4208,582,599,0.972,OK,
2026-07-29 10:30:06,2026-07-29,10:30:06,Wednesday,10,N,8,Madhya Marg: Khudda Lahora ↔ Matka Chowk,B_to_A,3931,539,528,1.021,OK,
2026-07-29 10:30:06,2026-07-29,10:30:06,Wednesday,10,N,9,Madhya Marg: GMSH 16 ↔ Kalagram,A_to_B,5231,803,743,1.081,OK,
2026-07-29 10:30:06,2026-07-29,10:30:06,Wednesday,10,N,9,Madhya Marg: GMSH 16 ↔ Kalagram,B_to_A,7158,765,826,0.926,OK,
2026-07-29 10:30:06,2026-07-29,10:30:06,Wednesday,10,N,10,Udyog Path: Dhanas ↔ ISBT Sector 17,A_to_B,4785,792,735,1.078,OK,
2026-07-29 10:30:07,2026-07-29,10:30:07,Wednesday,10,N,10,Udyog Path: Dhanas ↔ ISBT Sector 17,B_to_A,5507,911,920,0.99,OK,
2026-07-29 10:30:07,2026-07-29,10:30:07,Wednesday,10,N,11,Udyog Path: ISBT Sector 17 ↔ Elante Mall,A_to_B,3274,383,385,0.995,OK,
2026-07-29 10:30:07,2026-07-29,10:30:07,Wednesday,10,N,11,Udyog Path: ISBT Sector 17 ↔ Elante Mall,B_to_A,3428,533,451,1.182,OK,
2026-07-29 10:30:07,2026-07-29,10:30:07,Wednesday,10,N,12,Dakshin Marg: DLF Mullanpur ↔ Kisan Bhawan Chowk,A_to_B,6720,936,895,1.046,OK,
2026-07-29 10:30:08,2026-07-29,10:30:08,Wednesday,10,N,12,Dakshin Marg: DLF Mullanpur ↔ Kisan Bhawan Chowk,B_to_A,7109,952,950,1.002,OK,
2026-07-29 10:30:08,2026-07-29,10:30:08,Wednesday,10,N,13,Dakshin Marg: Kisan Bhawan Chowk ↔ Airport Chowk,A_to_B,7733,1278,1127,1.134,OK,
2026-07-29 10:30:08,2026-07-29,10:30:08,Wednesday,10,N,13,Dakshin Marg: Kisan Bhawan Chowk ↔ Airport Chowk,B_to_A,7931,1381,1147,1.204,OK,
2026-07-29 10:30:08,2026-07-29,10:30:08,Wednesday,10,N,14,NH 5: Max Hospital ↔ ISBT Sector 43,A_to_B,4206,549,501,1.096,OK,
2026-07-29 10:30:09,2026-07-29,10:30:09,Wednesday,10,N,14,NH 5: Max Hospital ↔ ISBT Sector 43,B_to_A,5445,785,667,1.177,OK,
2026-07-29 10:30:09,2026-07-29,10:30:09,Wednesday,10,N,15,Sukhna Path: Golf Club ↔ Cycle Chowk,A_to_B,7421,1031,1082,0.953,OK,
2026-07-29 10:30:09,2026-07-29,10:30:09,Wednesday,10,N,15,Sukhna Path: Golf Club ↔ Cycle Chowk,B_to_A,9067,1158,1180,0.981,OK,
2026-07-29 10:30:10,2026-07-29,10:30:10,Wednesday,10,N,16,Sarovar Path: Sukhna Lake ↔ Burail Jail,A_to_B,9472,1230,1226,1.003,OK,
2026-07-29 10:30:10,2026-07-29,10:30:10,Wednesday,10,N,16,Sarovar Path: Sukhna Lake ↔ Burail Jail,B_to_A,11281,1369,1369,1.0,OK,
2026-07-29 10:30:10,2026-07-29,10:30:10,Wednesday,10,N,17,Himalaya Marg: Rock Garden ↔ ISBT 43,A_to_B,8824,1145,1142,1.003,OK,
2026-07-29 10:30:10,2026-07-29,10:30:10,Wednesday,10,N,17,Himalaya Marg: Rock Garden ↔ ISBT 43,B_to_A,9231,1166,1183,0.986,OK,
2026-07-29 10:30:11,2026-07-29,10:30:11,Wednesday,10,N,18,Jan Marg: High Court ↔ ISBT 17,A_to_B,3334,409,391,1.046,OK,
2026-07-29 10:30:11,2026-07-29,10:30:11,Wednesday,10,N,18,Jan Marg: High Court ↔ ISBT 17,B_to_A,3132,331,337,0.982,OK,
2026-07-29 10:30:11,2026-07-29,10:30:11,Wednesday,10,N,19,Jan Marg: ISBT 17 ↔ ISBT 43,A_to_B,4115,618,566,1.092,OK,
2026-07-29 10:30:11,2026-07-29,10:30:11,Wednesday,10,N,19,Jan Marg: ISBT 17 ↔ ISBT 43,B_to_A,4231,563,578,0.974,OK,
2026-07-29 10:30:12,2026-07-29,10:30:12,Wednesday,10,N,20,Vidya Path: PGI Chowk ↔ Fountain Chowk,A_to_B,5475,739,710,1.041,OK,
2026-07-29 10:30:12,2026-07-29,10:30:12,Wednesday,10,N,20,Vidya Path: PGI Chowk ↔ Fountain Chowk,B_to_A,5474,726,710,1.023,OK,
2026-07-29 10:30:12,2026-07-29,10:30:12,Wednesday,10,N,21,Purv Marg: Tansport Chowk  ↔ Tribune Chowk,A_to_B,2620,459,411,1.117,OK,
2026-07-29 10:30:12,2026-07-29,10:30:12,Wednesday,10,N,21,Purv Marg: Tansport Chowk  ↔ Tribune Chowk,B_to_A,2611,460,439,1.048,OK,
2026-07-29 10:30:13,2026-07-29,10:30:13,Wednesday,10,N,22,Chandi Path: Sabzi Mandi Chowk  ↔ GMCH 32,A_to_B,2939,446,414,1.077,OK,
2026-07-29 10:30:13,2026-07-29,10:30:13,Wednesday,10,N,22,Chandi Path: Sabzi Mandi Chowk  ↔ GMCH 32,B_to_A,2756,404,360,1.122,OK,
2026-07-29 10:30:13,2026-07-29,10:30:13,Wednesday,10,N,23,Udyan Path: Secretariat Chowk  ↔ Furniture Chowk,A_to_B,7398,972,883,1.101,OK,
2026-07-29 10:30:13,2026-07-29,10:30:13,Wednesday,10,N,23,Udyan Path: Secretariat Chowk  ↔ Furniture Chowk,B_to_A,7219,862,830,1.039,OK,
2026-07-29 10:30:14,2026-07-29,10:30:14,Wednesday,10,N,24,Madhya Marg: Sector 17 ↔ Railway Station,A_to_B,7206,1089,945,1.152,OK,
2026-07-29 10:30:14,2026-07-29,10:30:14,Wednesday,10,N,24,Madhya Marg: Sector 17 ↔ Railway Station,B_to_A,6340,947,982,0.964,OK,
2026-07-29 10:30:14,2026-07-29,10:30:14,Wednesday,10,N,25,Paschim Marg: Sector 25 ↔ Sector 56,A_to_B,5834,711,693,1.026,OK,
2026-07-29 10:30:14,2026-07-29,10:30:14,Wednesday,10,N,25,Paschim Marg: Sector 25 ↔ Sector 56,B_to_A,3940,517,493,1.049,OK,
2026-07-29 11:00:01,2026-07-29,11:00:01,Wednesday,11,N,1,Madhya Marg: PGI Chowk ↔ Housing Board lights,A_to_B,11756,1347,1347,1.0,OK,
2026-07-29 11:00:01,2026-07-29,11:00:01,Wednesday,11,N,1,Madhya Marg: PGI Chowk ↔ Housing Board lights,B_to_A,10809,1320,1351,0.977,OK,
2026-07-29 11:00:02,2026-07-29,11:00:02,Wednesday,11,N,2,Udyog Path: PU Chowk ↔ Elante Mall,A_to_B,7173,1034,1032,1.002,OK,
2026-07-29 11:00:02,2026-07-29,11:00:02,Wednesday,11,N,2,Udyog Path: PU Chowk ↔ Elante Mall,B_to_A,8051,1109,1092,1.016,OK,
2026-07-29 11:00:02,2026-07-29,11:00:02,Wednesday,11,N,3,Dakshin Marg: Daddu Majra ↔ Hallo Majra Lights,A_to_B,8621,1435,1299,1.105,OK,
2026-07-29 11:00:02,2026-07-29,11:00:02,Wednesday,11,N,3,Dakshin Marg: Daddu Majra ↔ Hallo Majra Lights,B_to_A,9099,1593,1506,1.058,OK,
2026-07-29 11:00:03,2026-07-29,11:00:03,Wednesday,11,N,4,Shanti Path: Sector 38W ↔ Sector 31 Lights,A_to_B,7418,1049,882,1.189,OK,
2026-07-29 11:00:03,2026-07-29,11:00:03,Wednesday,11,N,4,Shanti Path: Sector 38W ↔ Sector 31 Lights,B_to_A,7590,1238,940,1.317,OK,
2026-07-29 11:00:03,2026-07-29,11:00:03,Wednesday,11,N,5,NH 5: Grain Market ↔ Sector 47 Chowk,A_to_B,7596,998,929,1.074,OK,
2026-07-29 11:00:04,2026-07-29,11:00:04,Wednesday,11,N,5,NH 5: Grain Market ↔ Sector 47 Chowk,B_to_A,10101,1367,1153,1.186,OK,
2026-07-29 11:00:04,2026-07-29,11:00:04,Wednesday,11,N,6,Vigyan Path: PEC Chowk ↔ Golf Club,A_to_B,4491,479,471,1.017,OK,
2026-07-29 11:00:04,2026-07-29,11:00:04,Wednesday,11,N,6,Vigyan Path: PEC Chowk ↔ Golf Club,B_to_A,4518,524,525,0.998,OK,
2026-07-29 11:00:04,2026-07-29,11:00:04,Wednesday,11,N,7,Uttar Marg: Sector 2 Chowk ↔ Sukhna Lake,A_to_B,2481,246,274,0.898,OK,
2026-07-29 11:00:05,2026-07-29,11:00:05,Wednesday,11,N,7,Uttar Marg: Sector 2 Chowk ↔ Sukhna Lake,B_to_A,3144,383,425,0.901,OK,
2026-07-29 11:00:05,2026-07-29,11:00:05,Wednesday,11,N,8,Madhya Marg: Khudda Lahora ↔ Matka Chowk,A_to_B,4208,670,599,1.119,OK,
2026-07-29 11:00:05,2026-07-29,11:00:05,Wednesday,11,N,8,Madhya Marg: Khudda Lahora ↔ Matka Chowk,B_to_A,3931,533,528,1.009,OK,
2026-07-29 11:00:05,2026-07-29,11:00:05,Wednesday,11,N,9,Madhya Marg: GMSH 16 ↔ Kalagram,A_to_B,5231,801,743,1.078,OK,
2026-07-29 11:00:06,2026-07-29,11:00:06,Wednesday,11,N,9,Madhya Marg: GMSH 16 ↔ Kalagram,B_to_A,7158,772,826,0.935,OK,
2026-07-29 11:00:06,2026-07-29,11:00:06,Wednesday,11,N,10,Udyog Path: Dhanas ↔ ISBT Sector 17,A_to_B,4785,796,735,1.083,OK,
2026-07-29 11:00:06,2026-07-29,11:00:06,Wednesday,11,N,10,Udyog Path: Dhanas ↔ ISBT Sector 17,B_to_A,5507,900,920,0.978,OK,
2026-07-29 11:00:06,2026-07-29,11:00:06,Wednesday,11,N,11,Udyog Path: ISBT Sector 17 ↔ Elante Mall,A_to_B,3274,378,385,0.982,OK,
2026-07-29 11:00:07,2026-07-29,11:00:07,Wednesday,11,N,11,Udyog Path: ISBT Sector 17 ↔ Elante Mall,B_to_A,3428,523,451,1.16,OK,
2026-07-29 11:00:07,2026-07-29,11:00:07,Wednesday,11,N,12,Dakshin Marg: DLF Mullanpur ↔ Kisan Bhawan Chowk,A_to_B,6720,905,895,1.011,OK,
2026-07-29 11:00:07,2026-07-29,11:00:07,Wednesday,11,N,12,Dakshin Marg: DLF Mullanpur ↔ Kisan Bhawan Chowk,B_to_A,8154,994,1042,0.954,OK,
2026-07-29 11:00:07,2026-07-29,11:00:07,Wednesday,11,N,13,Dakshin Marg: Kisan Bhawan Chowk ↔ Airport Chowk,A_to_B,7733,1282,1127,1.138,OK,
2026-07-29 11:00:08,2026-07-29,11:00:08,Wednesday,11,N,13,Dakshin Marg: Kisan Bhawan Chowk ↔ Airport Chowk,B_to_A,7973,1251,1124,1.113,OK,
2026-07-29 11:00:08,2026-07-29,11:00:08,Wednesday,11,N,14,NH 5: Max Hospital ↔ ISBT Sector 43,A_to_B,4206,561,501,1.12,OK,
2026-07-29 11:00:08,2026-07-29,11:00:08,Wednesday,11,N,14,NH 5: Max Hospital ↔ ISBT Sector 43,B_to_A,6761,1134,792,1.432,OK,
2026-07-29 11:00:08,2026-07-29,11:00:08,Wednesday,11,N,15,Sukhna Path: Golf Club ↔ Cycle Chowk,A_to_B,7421,1019,1082,0.942,OK,
2026-07-29 11:00:09,2026-07-29,11:00:09,Wednesday,11,N,15,Sukhna Path: Golf Club ↔ Cycle Chowk,B_to_A,9067,1145,1180,0.97,OK,
2026-07-29 11:00:09,2026-07-29,11:00:09,Wednesday,11,N,16,Sarovar Path: Sukhna Lake ↔ Burail Jail,A_to_B,9472,1180,1226,0.962,OK,
2026-07-29 11:00:09,2026-07-29,11:00:09,Wednesday,11,N,16,Sarovar Path: Sukhna Lake ↔ Burail Jail,B_to_A,11188,1385,1366,1.014,OK,
2026-07-29 11:00:10,2026-07-29,11:00:10,Wednesday,11,N,17,Himalaya Marg: Rock Garden ↔ ISBT 43,A_to_B,8803,1221,1096,1.114,OK,
2026-07-29 11:00:10,2026-07-29,11:00:10,Wednesday,11,N,17,Himalaya Marg: Rock Garden ↔ ISBT 43,B_to_A,8818,1235,1168,1.057,OK,
2026-07-29 11:00:10,2026-07-29,11:00:10,Wednesday,11,N,18,Jan Marg: High Court ↔ ISBT 17,A_to_B,3334,414,391,1.059,OK,
2026-07-29 11:00:10,2026-07-29,11:00:10,Wednesday,11,N,18,Jan Marg: High Court ↔ ISBT 17,B_to_A,3132,346,337,1.027,OK,
2026-07-29 11:00:11,2026-07-29,11:00:11,Wednesday,11,N,19,Jan Marg: ISBT 17 ↔ ISBT 43,A_to_B,4115,656,566,1.159,OK,
2026-07-29 11:00:11,2026-07-29,11:00:11,Wednesday,11,N,19,Jan Marg: ISBT 17 ↔ ISBT 43,B_to_A,4233,596,578,1.031,OK,
2026-07-29 11:00:11,2026-07-29,11:00:11,Wednesday,11,N,20,Vidya Path: PGI Chowk ↔ Fountain Chowk,A_to_B,5475,760,710,1.07,OK,
2026-07-29 11:00:11,2026-07-29,11:00:11,Wednesday,11,N,20,Vidya Path: PGI Chowk ↔ Fountain Chowk,B_to_A,5474,793,710,1.117,OK,
2026-07-29 11:00:12,2026-07-29,11:00:12,Wednesday,11,N,21,Purv Marg: Tansport Chowk  ↔ Tribune Chowk,A_to_B,2620,457,411,1.112,OK,
2026-07-29 11:00:12,2026-07-29,11:00:12,Wednesday,11,N,21,Purv Marg: Tansport Chowk  ↔ Tribune Chowk,B_to_A,2611,470,439,1.071,OK,
2026-07-29 11:00:12,2026-07-29,11:00:12,Wednesday,11,N,22,Chandi Path: Sabzi Mandi Chowk  ↔ GMCH 32,A_to_B,2939,430,414,1.039,OK,
2026-07-29 11:00:12,2026-07-29,11:00:12,Wednesday,11,N,22,Chandi Path: Sabzi Mandi Chowk  ↔ GMCH 32,B_to_A,2756,405,360,1.125,OK,
2026-07-29 11:00:13,2026-07-29,11:00:13,Wednesday,11,N,23,Udyan Path: Secretariat Chowk  ↔ Furniture Chowk,A_to_B,7398,917,883,1.039,OK,
2026-07-29 11:00:13,2026-07-29,11:00:13,Wednesday,11,N,23,Udyan Path: Secretariat Chowk  ↔ Furniture Chowk,B_to_A,7219,891,830,1.073,OK,
2026-07-29 11:00:13,2026-07-29,11:00:13,Wednesday,11,N,24,Madhya Marg: Sector 17 ↔ Railway Station,A_to_B,8934,1087,1084,1.003,OK,
2026-07-29 11:00:13,2026-07-29,11:00:13,Wednesday,11,N,24,Madhya Marg: Sector 17 ↔ Railway Station,B_to_A,6340,947,982,0.964,OK,
2026-07-29 11:00:14,2026-07-29,11:00:14,Wednesday,11,N,25,Paschim Marg: Sector 25 ↔ Sector 56,A_to_B,4090,639,537,1.19,OK,
2026-07-29 11:00:14,2026-07-29,11:00:14,Wednesday,11,N,25,Paschim Marg: Sector 25 ↔ Sector 56,B_to_A,3940,505,493,1.024,OK,
2026-07-29 11:30:02,2026-07-29,11:30:02,Wednesday,11,N,1,Madhya Marg: PGI Chowk ↔ Housing Board lights,A_to_B,11756,1394,1347,1.035,OK,
2026-07-29 11:30:02,2026-07-29,11:30:02,Wednesday,11,N,1,Madhya Marg: PGI Chowk ↔ Housing Board lights,B_to_A,10809,1441,1351,1.067,OK,
2026-07-29 11:30:02,2026-07-29,11:30:02,Wednesday,11,N,2,Udyog Path: PU Chowk ↔ Elante Mall,A_to_B,7214,1097,1080,1.016,OK,
2026-07-29 11:30:02,2026-07-29,11:30:02,Wednesday,11,N,2,Udyog Path: PU Chowk ↔ Elante Mall,B_to_A,8051,1143,1092,1.047,OK,
2026-07-29 11:30:03,2026-07-29,11:30:03,Wednesday,11,N,3,Dakshin Marg: Daddu Majra ↔ Hallo Majra Lights,A_to_B,8610,1362,1263,1.078,OK,
2026-07-29 11:30:03,2026-07-29,11:30:03,Wednesday,11,N,3,Dakshin Marg: Daddu Majra ↔ Hallo Majra Lights,B_to_A,9083,1574,1482,1.062,OK,
2026-07-29 11:30:03,2026-07-29,11:30:03,Wednesday,11,N,4,Shanti Path: Sector 38W ↔ Sector 31 Lights,A_to_B,7418,976,882,1.107,OK,
2026-07-29 11:30:03,2026-07-29,11:30:03,Wednesday,11,N,4,Shanti Path: Sector 38W ↔ Sector 31 Lights,B_to_A,7590,1184,940,1.26,OK,
2026-07-29 11:30:04,2026-07-29,11:30:04,Wednesday,11,N,5,NH 5: Grain Market ↔ Sector 47 Chowk,A_to_B,10023,1176,1082,1.087,OK,
2026-07-29 11:30:04,2026-07-29,11:30:04,Wednesday,11,N,5,NH 5: Grain Market ↔ Sector 47 Chowk,B_to_A,10101,1310,1153,1.136,OK,
2026-07-29 11:30:04,2026-07-29,11:30:04,Wednesday,11,N,6,Vigyan Path: PEC Chowk ↔ Golf Club,A_to_B,4491,492,471,1.045,OK,
2026-07-29 11:30:05,2026-07-29,11:30:05,Wednesday,11,N,6,Vigyan Path: PEC Chowk ↔ Golf Club,B_to_A,4518,514,525,0.979,OK,
2026-07-29 11:30:05,2026-07-29,11:30:05,Wednesday,11,N,7,Uttar Marg: Sector 2 Chowk ↔ Sukhna Lake,A_to_B,2481,255,274,0.931,OK,
2026-07-29 11:30:05,2026-07-29,11:30:05,Wednesday,11,N,7,Uttar Marg: Sector 2 Chowk ↔ Sukhna Lake,B_to_A,3144,399,425,0.939,OK,
2026-07-29 11:30:05,2026-07-29,11:30:05,Wednesday,11,N,8,Madhya Marg: Khudda Lahora ↔ Matka Chowk,A_to_B,4208,717,599,1.197,OK,
2026-07-29 11:30:06,2026-07-29,11:30:06,Wednesday,11,N,8,Madhya Marg: Khudda Lahora ↔ Matka Chowk,B_to_A,3931,562,528,1.064,OK,
2026-07-29 11:30:06,2026-07-29,11:30:06,Wednesday,11,N,9,Madhya Marg: GMSH 16 ↔ Kalagram,A_to_B,5231,869,743,1.17,OK,
2026-07-29 11:30:06,2026-07-29,11:30:06,Wednesday,11,N,9,Madhya Marg: GMSH 16 ↔ Kalagram,B_to_A,7158,827,826,1.001,OK,
2026-07-29 11:30:06,2026-07-29,11:30:06,Wednesday,11,N,10,Udyog Path: Dhanas ↔ ISBT Sector 17,A_to_B,4785,807,735,1.098,OK,
2026-07-29 11:30:07,2026-07-29,11:30:07,Wednesday,11,N,10,Udyog Path: Dhanas ↔ ISBT Sector 17,B_to_A,5507,908,920,0.987,OK,
2026-07-29 11:30:07,2026-07-29,11:30:07,Wednesday,11,N,11,Udyog Path: ISBT Sector 17 ↔ Elante Mall,A_to_B,3274,379,385,0.984,OK,
2026-07-29 11:30:07,2026-07-29,11:30:07,Wednesday,11,N,11,Udyog Path: ISBT Sector 17 ↔ Elante Mall,B_to_A,3428,541,451,1.2,OK,
2026-07-29 11:30:08,2026-07-29,11:30:08,Wednesday,11,N,12,Dakshin Marg: DLF Mullanpur ↔ Kisan Bhawan Chowk,A_to_B,6720,895,895,1.0,OK,
2026-07-29 11:30:08,2026-07-29,11:30:08,Wednesday,11,N,12,Dakshin Marg: DLF Mullanpur ↔ Kisan Bhawan Chowk,B_to_A,7109,950,950,1.0,OK,
2026-07-29 11:30:08,2026-07-29,11:30:08,Wednesday,11,N,13,Dakshin Marg: Kisan Bhawan Chowk ↔ Airport Chowk,A_to_B,7722,1182,1092,1.082,OK,
2026-07-29 11:30:08,2026-07-29,11:30:08,Wednesday,11,N,13,Dakshin Marg: Kisan Bhawan Chowk ↔ Airport Chowk,B_to_A,7973,1321,1124,1.175,OK,
2026-07-29 11:30:09,2026-07-29,11:30:09,Wednesday,11,N,14,NH 5: Max Hospital ↔ ISBT Sector 43,A_to_B,4206,567,501,1.132,OK,
2026-07-29 11:30:09,2026-07-29,11:30:09,Wednesday,11,N,14,NH 5: Max Hospital ↔ ISBT Sector 43,B_to_A,5661,886,759,1.167,OK,
2026-07-29 11:30:09,2026-07-29,11:30:09,Wednesday,11,N,15,Sukhna Path: Golf Club ↔ Cycle Chowk,A_to_B,7421,1032,1082,0.954,OK,
2026-07-29 11:30:09,2026-07-29,11:30:09,Wednesday,11,N,15,Sukhna Path: Golf Club ↔ Cycle Chowk,B_to_A,8968,1194,1198,0.997,OK,
2026-07-29 11:30:10,2026-07-29,11:30:10,Wednesday,11,N,16,Sarovar Path: Sukhna Lake ↔ Burail Jail,A_to_B,10582,1300,1330,0.977,OK,
2026-07-29 11:30:10,2026-07-29,11:30:10,Wednesday,11,N,16,Sarovar Path: Sukhna Lake ↔ Burail Jail,B_to_A,9631,1512,1520,0.995,OK,
2026-07-29 11:30:10,2026-07-29,11:30:10,Wednesday,11,N,17,Himalaya Marg: Rock Garden ↔ ISBT 43,A_to_B,8787,1348,1154,1.168,OK,
2026-07-29 11:30:11,2026-07-29,11:30:11,Wednesday,11,N,17,Himalaya Marg: Rock Garden ↔ ISBT 43,B_to_A,8813,1252,1239,1.01,OK,
2026-07-29 11:30:11,2026-07-29,11:30:11,Wednesday,11,N,18,Jan Marg: High Court ↔ ISBT 17,A_to_B,3334,489,391,1.251,OK,
2026-07-29 11:30:11,2026-07-29,11:30:11,Wednesday,11,N,18,Jan Marg: High Court ↔ ISBT 17,B_to_A,3132,353,337,1.047,OK,
2026-07-29 11:30:11,2026-07-29,11:30:11,Wednesday,11,N,19,Jan Marg: ISBT 17 ↔ ISBT 43,A_to_B,4115,603,566,1.065,OK,
2026-07-29 11:30:12,2026-07-29,11:30:12,Wednesday,11,N,19,Jan Marg: ISBT 17 ↔ ISBT 43,B_to_A,4233,661,578,1.144,OK,
2026-07-29 11:30:12,2026-07-29,11:30:12,Wednesday,11,N,20,Vidya Path: PGI Chowk ↔ Fountain Chowk,A_to_B,5475,741,710,1.044,OK,
2026-07-29 11:30:12,2026-07-29,11:30:12,Wednesday,11,N,20,Vidya Path: PGI Chowk ↔ Fountain Chowk,B_to_A,5474,742,710,1.045,OK,
2026-07-29 11:30:12,2026-07-29,11:30:12,Wednesday,11,N,21,Purv Marg: Tansport Chowk  ↔ Tribune Chowk,A_to_B,2620,457,411,1.112,OK,
2026-07-29 11:30:13,2026-07-29,11:30:13,Wednesday,11,N,21,Purv Marg: Tansport Chowk  ↔ Tribune Chowk,B_to_A,2611,453,439,1.032,OK,
2026-07-29 11:30:13,2026-07-29,11:30:13,Wednesday,11,N,22,Chandi Path: Sabzi Mandi Chowk  ↔ GMCH 32,A_to_B,2939,421,414,1.017,OK,
2026-07-29 11:30:13,2026-07-29,11:30:13,Wednesday,11,N,22,Chandi Path: Sabzi Mandi Chowk  ↔ GMCH 32,B_to_A,2756,417,360,1.158,OK,
2026-07-29 11:30:13,2026-07-29,11:30:13,Wednesday,11,N,23,Udyan Path: Secretariat Chowk  ↔ Furniture Chowk,A_to_B,7398,967,883,1.095,OK,
2026-07-29 11:30:14,2026-07-29,11:30:14,Wednesday,11,N,23,Udyan Path: Secretariat Chowk  ↔ Furniture Chowk,B_to_A,7219,893,830,1.076,OK,
2026-07-29 11:30:14,2026-07-29,11:30:14,Wednesday,11,N,24,Madhya Marg: Sector 17 ↔ Railway Station,A_to_B,7206,1260,945,1.333,OK,
2026-07-29 11:30:14,2026-07-29,11:30:14,Wednesday,11,N,24,Madhya Marg: Sector 17 ↔ Railway Station,B_to_A,6340,971,982,0.989,OK,
2026-07-29 11:30:14,2026-07-29,11:30:14,Wednesday,11,N,25,Paschim Marg: Sector 25 ↔ Sector 56,A_to_B,4089,516,536,0.963,OK,
2026-07-29 11:30:15,2026-07-29,11:30:15,Wednesday,11,N,25,Paschim Marg: Sector 25 ↔ Sector 56,B_to_A,3940,489,493,0.992,OK,
2026-07-29 12:00:01,2026-07-29,12:00:01,Wednesday,12,N,1,Madhya Marg: PGI Chowk ↔ Housing Board lights,A_to_B,11756,1410,1347,1.047,OK,
2026-07-29 12:00:01,2026-07-29,12:00:01,Wednesday,12,N,1,Madhya Marg: PGI Chowk ↔ Housing Board lights,B_to_A,10809,1485,1351,1.099,OK,
2026-07-29 12:00:02,2026-07-29,12:00:02,Wednesday,12,N,2,Udyog Path: PU Chowk ↔ Elante Mall,A_to_B,7173,1096,1032,1.062,OK,
2026-07-29 12:00:02,2026-07-29,12:00:02,Wednesday,12,N,2,Udyog Path: PU Chowk ↔ Elante Mall,B_to_A,8051,1191,1092,1.091,OK,
2026-07-29 12:00:02,2026-07-29,12:00:02,Wednesday,12,N,3,Dakshin Marg: Daddu Majra ↔ Hallo Majra Lights,A_to_B,8610,1331,1263,1.054,OK,
2026-07-29 12:00:03,2026-07-29,12:00:03,Wednesday,12,N,3,Dakshin Marg: Daddu Majra ↔ Hallo Majra Lights,B_to_A,9083,1509,1482,1.018,OK,
2026-07-29 12:00:03,2026-07-29,12:00:03,Wednesday,12,N,4,Shanti Path: Sector 38W ↔ Sector 31 Lights,A_to_B,7418,1049,882,1.189,OK,
2026-07-29 12:00:03,2026-07-29,12:00:03,Wednesday,12,N,4,Shanti Path: Sector 38W ↔ Sector 31 Lights,B_to_A,7590,1201,940,1.278,OK,
2026-07-29 12:00:03,2026-07-29,12:00:03,Wednesday,12,N,5,NH 5: Grain Market ↔ Sector 47 Chowk,A_to_B,10019,1248,1093,1.142,OK,
2026-07-29 12:00:04,2026-07-29,12:00:04,Wednesday,12,N,5,NH 5: Grain Market ↔ Sector 47 Chowk,B_to_A,10101,1352,1153,1.173,OK,
2026-07-29 12:00:04,2026-07-29,12:00:04,Wednesday,12,N,6,Vigyan Path: PEC Chowk ↔ Golf Club,A_to_B,4491,515,471,1.093,OK,
2026-07-29 12:00:04,2026-07-29,12:00:04,Wednesday,12,N,6,Vigyan Path: PEC Chowk ↔ Golf Club,B_to_A,4518,538,525,1.025,OK,
2026-07-29 12:00:04,2026-07-29,12:00:04,Wednesday,12,N,7,Uttar Marg: Sector 2 Chowk ↔ Sukhna Lake,A_to_B,2481,257,274,0.938,OK,
2026-07-29 12:00:05,2026-07-29,12:00:05,Wednesday,12,N,7,Uttar Marg: Sector 2 Chowk ↔ Sukhna Lake,B_to_A,3144,396,425,0.932,OK,
2026-07-29 12:00:05,2026-07-29,12:00:05,Wednesday,12,N,8,Madhya Marg: Khudda Lahora ↔ Matka Chowk,A_to_B,4208,605,599,1.01,OK,
2026-07-29 12:00:05,2026-07-29,12:00:05,Wednesday,12,N,8,Madhya Marg: Khudda Lahora ↔ Matka Chowk,B_to_A,3931,595,528,1.127,OK,
2026-07-29 12:00:05,2026-07-29,12:00:05,Wednesday,12,N,9,Madhya Marg: GMSH 16 ↔ Kalagram,A_to_B,5231,902,743,1.214,OK,
2026-07-29 12:00:06,2026-07-29,12:00:06,Wednesday,12,N,9,Madhya Marg: GMSH 16 ↔ Kalagram,B_to_A,7158,785,826,0.95,OK,
2026-07-29 12:00:06,2026-07-29,12:00:06,Wednesday,12,N,10,Udyog Path: Dhanas ↔ ISBT Sector 17,A_to_B,4785,817,735,1.112,OK,
2026-07-29 12:00:06,2026-07-29,12:00:06,Wednesday,12,N,10,Udyog Path: Dhanas ↔ ISBT Sector 17,B_to_A,5507,956,920,1.039,OK,
2026-07-29 12:00:07,2026-07-29,12:00:07,Wednesday,12,N,11,Udyog Path: ISBT Sector 17 ↔ Elante Mall,A_to_B,3274,385,385,1.0,OK,
2026-07-29 12:00:07,2026-07-29,12:00:07,Wednesday,12,N,11,Udyog Path: ISBT Sector 17 ↔ Elante Mall,B_to_A,3428,581,451,1.288,OK,
2026-07-29 12:00:07,2026-07-29,12:00:07,Wednesday,12,N,12,Dakshin Marg: DLF Mullanpur ↔ Kisan Bhawan Chowk,A_to_B,6720,920,895,1.028,OK,
2026-07-29 12:00:07,2026-07-29,12:00:07,Wednesday,12,N,12,Dakshin Marg: DLF Mullanpur ↔ Kisan Bhawan Chowk,B_to_A,7109,955,950,1.005,OK,
2026-07-29 12:00:08,2026-07-29,12:00:08,Wednesday,12,N,13,Dakshin Marg: Kisan Bhawan Chowk ↔ Airport Chowk,A_to_B,7722,1136,1092,1.04,OK,
2026-07-29 12:00:08,2026-07-29,12:00:08,Wednesday,12,N,13,Dakshin Marg: Kisan Bhawan Chowk ↔ Airport Chowk,B_to_A,7973,1230,1124,1.094,OK,
2026-07-29 12:00:08,2026-07-29,12:00:08,Wednesday,12,N,14,NH 5: Max Hospital ↔ ISBT Sector 43,A_to_B,4206,520,501,1.038,OK,
2026-07-29 12:00:08,2026-07-29,12:00:08,Wednesday,12,N,14,NH 5: Max Hospital ↔ ISBT Sector 43,B_to_A,6761,945,792,1.193,OK,
2026-07-29 12:00:09,2026-07-29,12:00:09,Wednesday,12,N,15,Sukhna Path: Golf Club ↔ Cycle Chowk,A_to_B,8924,1118,1150,0.972,OK,
2026-07-29 12:00:09,2026-07-29,12:00:09,Wednesday,12,N,15,Sukhna Path: Golf Club ↔ Cycle Chowk,B_to_A,9067,1175,1180,0.996,OK,
2026-07-29 12:00:09,2026-07-29,12:00:09,Wednesday,12,N,16,Sarovar Path: Sukhna Lake ↔ Burail Jail,A_to_B,10588,1309,1303,1.005,OK,
2026-07-29 12:00:09,2026-07-29,12:00:09,Wednesday,12,N,16,Sarovar Path: Sukhna Lake ↔ Burail Jail,B_to_A,11188,1354,1366,0.991,OK,
2026-07-29 12:00:10,2026-07-29,12:00:10,Wednesday,12,N,17,Himalaya Marg: Rock Garden ↔ ISBT 43,A_to_B,8803,1186,1096,1.082,OK,
2026-07-29 12:00:10,2026-07-29,12:00:10,Wednesday,12,N,17,Himalaya Marg: Rock Garden ↔ ISBT 43,B_to_A,8813,1298,1239,1.048,OK,
2026-07-29 12:00:10,2026-07-29,12:00:10,Wednesday,12,N,18,Jan Marg: High Court ↔ ISBT 17,A_to_B,3334,401,391,1.026,OK,
2026-07-29 12:00:10,2026-07-29,12:00:10,Wednesday,12,N,18,Jan Marg: High Court ↔ ISBT 17,B_to_A,3132,333,337,0.988,OK,
2026-07-29 12:00:11,2026-07-29,12:00:11,Wednesday,12,N,19,Jan Marg: ISBT 17 ↔ ISBT 43,A_to_B,4115,621,566,1.097,OK,
2026-07-29 12:00:11,2026-07-29,12:00:11,Wednesday,12,N,19,Jan Marg: ISBT 17 ↔ ISBT 43,B_to_A,4233,657,578,1.137,OK,
2026-07-29 12:00:11,2026-07-29,12:00:11,Wednesday,12,N,20,Vidya Path: PGI Chowk ↔ Fountain Chowk,A_to_B,5475,768,710,1.082,OK,
2026-07-29 12:00:12,2026-07-29,12:00:12,Wednesday,12,N,20,Vidya Path: PGI Chowk ↔ Fountain Chowk,B_to_A,5474,807,710,1.137,OK,
2026-07-29 12:00:12,2026-07-29,12:00:12,Wednesday,12,N,21,Purv Marg: Tansport Chowk  ↔ Tribune Chowk,A_to_B,2620,444,411,1.08,OK,
2026-07-29 12:00:12,2026-07-29,12:00:12,Wednesday,12,N,21,Purv Marg: Tansport Chowk  ↔ Tribune Chowk,B_to_A,2611,451,439,1.027,OK,
2026-07-29 12:00:12,2026-07-29,12:00:12,Wednesday,12,N,22,Chandi Path: Sabzi Mandi Chowk  ↔ GMCH 32,A_to_B,2939,431,414,1.041,OK,
2026-07-29 12:00:13,2026-07-29,12:00:13,Wednesday,12,N,22,Chandi Path: Sabzi Mandi Chowk  ↔ GMCH 32,B_to_A,2756,408,360,1.133,OK,
2026-07-29 12:00:13,2026-07-29,12:00:13,Wednesday,12,N,23,Udyan Path: Secretariat Chowk  ↔ Furniture Chowk,A_to_B,7398,984,883,1.114,OK,
2026-07-29 12:00:13,2026-07-29,12:00:13,Wednesday,12,N,23,Udyan Path: Secretariat Chowk  ↔ Furniture Chowk,B_to_A,7219,944,830,1.137,OK,
2026-07-29 12:00:13,2026-07-29,12:00:13,Wednesday,12,N,24,Madhya Marg: Sector 17 ↔ Railway Station,A_to_B,7697,1154,1046,1.103,OK,
2026-07-29 12:00:14,2026-07-29,12:00:14,Wednesday,12,N,24,Madhya Marg: Sector 17 ↔ Railway Station,B_to_A,6568,977,1029,0.949,OK,
2026-07-29 12:00:14,2026-07-29,12:00:14,Wednesday,12,N,25,Paschim Marg: Sector 25 ↔ Sector 56,A_to_B,4090,532,537,0.991,OK,
2026-07-29 12:00:14,2026-07-29,12:00:14,Wednesday,12,N,25,Paschim Marg: Sector 25 ↔ Sector 56,B_to_A,3940,489,493,0.992,OK,
2026-07-29 12:30:02,2026-07-29,12:30:02,Wednesday,12,N,1,Madhya Marg: PGI Chowk ↔ Housing Board lights,A_to_B,11756,1448,1347,1.075,OK,
2026-07-29 12:30:02,2026-07-29,12:30:02,Wednesday,12,N,1,Madhya Marg: PGI Chowk ↔ Housing Board lights,B_to_A,10778,1378,1327,1.038,OK,
2026-07-29 12:30:02,2026-07-29,12:30:02,Wednesday,12,N,2,Udyog Path: PU Chowk ↔ Elante Mall,A_to_B,7173,1139,1032,1.104,OK,
2026-07-29 12:30:02,2026-07-29,12:30:02,Wednesday,12,N,2,Udyog Path: PU Chowk ↔ Elante Mall,B_to_A,8051,1150,1092,1.053,OK,
2026-07-29 12:30:03,2026-07-29,12:30:03,Wednesday,12,N,3,Dakshin Marg: Daddu Majra ↔ Hallo Majra Lights,A_to_B,8610,1362,1263,1.078,OK,
2026-07-29 12:30:03,2026-07-29,12:30:03,Wednesday,12,N,3,Dakshin Marg: Daddu Majra ↔ Hallo Majra Lights,B_to_A,9092,1537,1531,1.004,OK,
2026-07-29 12:30:03,2026-07-29,12:30:03,Wednesday,12,N,4,Shanti Path: Sector 38W ↔ Sector 31 Lights,A_to_B,7418,1110,882,1.259,OK,
2026-07-29 12:30:04,2026-07-29,12:30:04,Wednesday,12,N,4,Shanti Path: Sector 38W ↔ Sector 31 Lights,B_to_A,7590,1295,940,1.378,OK,
2026-07-29 12:30:04,2026-07-29,12:30:04,Wednesday,12,N,5,NH 5: Grain Market ↔ Sector 47 Chowk,A_to_B,9968,1210,1191,1.016,OK,
2026-07-29 12:30:04,2026-07-29,12:30:04,Wednesday,12,N,5,NH 5: Grain Market ↔ Sector 47 Chowk,B_to_A,10011,1434,1135,1.263,OK,
2026-07-29 12:30:04,2026-07-29,12:30:04,Wednesday,12,N,6,Vigyan Path: PEC Chowk ↔ Golf Club,A_to_B,4491,522,471,1.108,OK,
2026-07-29 12:30:05,2026-07-29,12:30:05,Wednesday,12,N,6,Vigyan Path: PEC Chowk ↔ Golf Club,B_to_A,4518,531,525,1.011,OK,
2026-07-29 12:30:05,2026-07-29,12:30:05,Wednesday,12,N,7,Uttar Marg: Sector 2 Chowk ↔ Sukhna Lake,A_to_B,2481,252,274,0.92,OK,
2026-07-29 12:30:05,2026-07-29,12:30:05,Wednesday,12,N,7,Uttar Marg: Sector 2 Chowk ↔ Sukhna Lake,B_to_A,3144,400,425,0.941,OK,
2026-07-29 12:30:05,2026-07-29,12:30:05,Wednesday,12,N,8,Madhya Marg: Khudda Lahora ↔ Matka Chowk,A_to_B,4208,684,599,1.142,OK,
2026-07-29 12:30:06,2026-07-29,12:30:06,Wednesday,12,N,8,Madhya Marg: Khudda Lahora ↔ Matka Chowk,B_to_A,3931,647,528,1.225,OK,
2026-07-29 12:30:06,2026-07-29,12:30:06,Wednesday,12,N,9,Madhya Marg: GMSH 16 ↔ Kalagram,A_to_B,5231,947,743,1.275,OK,
2026-07-29 12:30:06,2026-07-29,12:30:06,Wednesday,12,N,9,Madhya Marg: GMSH 16 ↔ Kalagram,B_to_A,7158,799,826,0.967,OK,
2026-07-29 12:30:07,2026-07-29,12:30:07,Wednesday,12,N,10,Udyog Path: Dhanas ↔ ISBT Sector 17,A_to_B,4785,861,735,1.171,OK,
2026-07-29 12:30:07,2026-07-29,12:30:07,Wednesday,12,N,10,Udyog Path: Dhanas ↔ ISBT Sector 17,B_to_A,5507,965,920,1.049,OK,
2026-07-29 12:30:07,2026-07-29,12:30:07,Wednesday,12,N,11,Udyog Path: ISBT Sector 17 ↔ Elante Mall,A_to_B,3274,405,385,1.052,OK,
2026-07-29 12:30:07,2026-07-29,12:30:07,Wednesday,12,N,11,Udyog Path: ISBT Sector 17 ↔ Elante Mall,B_to_A,3428,506,451,1.122,OK,
2026-07-29 12:30:08,2026-07-29,12:30:08,Wednesday,12,N,12,Dakshin Marg: DLF Mullanpur ↔ Kisan Bhawan Chowk,A_to_B,6720,900,895,1.006,OK,
2026-07-29 12:30:08,2026-07-29,12:30:08,Wednesday,12,N,12,Dakshin Marg: DLF Mullanpur ↔ Kisan Bhawan Chowk,B_to_A,7109,956,950,1.006,OK,
2026-07-29 12:30:08,2026-07-29,12:30:08,Wednesday,12,N,13,Dakshin Marg: Kisan Bhawan Chowk ↔ Airport Chowk,A_to_B,7722,1194,1092,1.093,OK,
2026-07-29 12:30:08,2026-07-29,12:30:08,Wednesday,12,N,13,Dakshin Marg: Kisan Bhawan Chowk ↔ Airport Chowk,B_to_A,7981,1258,1173,1.072,OK,
2026-07-29 12:30:09,2026-07-29,12:30:09,Wednesday,12,N,14,NH 5: Max Hospital ↔ ISBT Sector 43,A_to_B,4206,513,501,1.024,OK,
2026-07-29 12:30:09,2026-07-29,12:30:09,Wednesday,12,N,14,NH 5: Max Hospital ↔ ISBT Sector 43,B_to_A,6092,1142,811,1.408,OK,
2026-07-29 12:30:09,2026-07-29,12:30:09,Wednesday,12,N,15,Sukhna Path: Golf Club ↔ Cycle Chowk,A_to_B,8924,1113,1150,0.968,OK,
2026-07-29 12:30:10,2026-07-29,12:30:10,Wednesday,12,N,15,Sukhna Path: Golf Club ↔ Cycle Chowk,B_to_A,8975,1212,1178,1.029,OK,
2026-07-29 12:30:10,2026-07-29,12:30:10,Wednesday,12,N,16,Sarovar Path: Sukhna Lake ↔ Burail Jail,A_to_B,10582,1331,1330,1.001,OK,
2026-07-29 12:30:10,2026-07-29,12:30:10,Wednesday,12,N,16,Sarovar Path: Sukhna Lake ↔ Burail Jail,B_to_A,11158,1365,1345,1.015,OK,
2026-07-29 12:30:10,2026-07-29,12:30:10,Wednesday,12,N,17,Himalaya Marg: Rock Garden ↔ ISBT 43,A_to_B,8803,1209,1096,1.103,OK,
2026-07-29 12:30:11,2026-07-29,12:30:11,Wednesday,12,N,17,Himalaya Marg: Rock Garden ↔ ISBT 43,B_to_A,8800,1335,1215,1.099,OK,
2026-07-29 12:30:11,2026-07-29,12:30:11,Wednesday,12,N,18,Jan Marg: High Court ↔ ISBT 17,A_to_B,3334,446,391,1.141,OK,
2026-07-29 12:30:11,2026-07-29,12:30:11,Wednesday,12,N,18,Jan Marg: High Court ↔ ISBT 17,B_to_A,3132,375,337,1.113,OK,
2026-07-29 12:30:11,2026-07-29,12:30:11,Wednesday,12,N,19,Jan Marg: ISBT 17 ↔ ISBT 43,A_to_B,4115,625,566,1.104,OK,
2026-07-29 12:30:12,2026-07-29,12:30:12,Wednesday,12,N,19,Jan Marg: ISBT 17 ↔ ISBT 43,B_to_A,4233,679,578,1.175,OK,
2026-07-29 12:30:12,2026-07-29,12:30:12,Wednesday,12,N,20,Vidya Path: PGI Chowk ↔ Fountain Chowk,A_to_B,5475,784,710,1.104,OK,
2026-07-29 12:30:12,2026-07-29,12:30:12,Wednesday,12,N,20,Vidya Path: PGI Chowk ↔ Fountain Chowk,B_to_A,5474,746,710,1.051,OK,
2026-07-29 12:30:12,2026-07-29,12:30:12,Wednesday,12,N,21,Purv Marg: Tansport Chowk  ↔ Tribune Chowk,A_to_B,2620,440,411,1.071,OK,
2026-07-29 12:30:13,2026-07-29,12:30:13,Wednesday,12,N,21,Purv Marg: Tansport Chowk  ↔ Tribune Chowk,B_to_A,2611,465,439,1.059,OK,
2026-07-29 12:30:13,2026-07-29,12:30:13,Wednesday,12,N,22,Chandi Path: Sabzi Mandi Chowk  ↔ GMCH 32,A_to_B,2939,433,414,1.046,OK,
2026-07-29 12:30:13,2026-07-29,12:30:13,Wednesday,12,N,22,Chandi Path: Sabzi Mandi Chowk  ↔ GMCH 32,B_to_A,2756,418,360,1.161,OK,
2026-07-29 12:30:14,2026-07-29,12:30:14,Wednesday,12,N,23,Udyan Path: Secretariat Chowk  ↔ Furniture Chowk,A_to_B,7398,1004,883,1.137,OK,
2026-07-29 12:30:14,2026-07-29,12:30:14,Wednesday,12,N,23,Udyan Path: Secretariat Chowk  ↔ Furniture Chowk,B_to_A,7219,913,830,1.1,OK,
2026-07-29 12:30:14,2026-07-29,12:30:14,Wednesday,12,N,24,Madhya Marg: Sector 17 ↔ Railway Station,A_to_B,8934,1134,1084,1.046,OK,
2026-07-29 12:30:14,2026-07-29,12:30:14,Wednesday,12,N,24,Madhya Marg: Sector 17 ↔ Railway Station,B_to_A,7134,1010,1113,0.907,OK,
2026-07-29 12:30:15,2026-07-29,12:30:15,Wednesday,12,N,25,Paschim Marg: Sector 25 ↔ Sector 56,A_to_B,4090,527,537,0.981,OK,
2026-07-29 12:30:15,2026-07-29,12:30:15,Wednesday,12,N,25,Paschim Marg: Sector 25 ↔ Sector 56,B_to_A,3940,507,493,1.028,OK,
